curve,x,y,threshold,dataset_split,model_name,model_version
ROC,0.0,0.0,inf,test,logistic_regression,lr-oulad-academic-fail-c105-s42-v5
ROC,0.0,0.0009940357852882703,0.9999989669211155,test,logistic_regression,lr-oulad-academic-fail-c105-s42-v5
ROC,0.0,0.1848906560636183,0.9955067386750052,test,logistic_regression,lr-oulad-academic-fail-c105-s42-v5
ROC,0.00045475216007276033,0.1848906560636183,0.9954884261878263,test,logistic_regression,lr-oulad-academic-fail-c105-s42-v5
ROC,0.00045475216007276033,0.2992047713717694,0.9718910576055173,test,logistic_regression,lr-oulad-academic-fail-c105-s42-v5
ROC,0.0009095043201455207,0.2992047713717694,0.9718716965845958,test,logistic_regression,lr-oulad-academic-fail-c105-s42-v5
ROC,0.0009095043201455207,0.3220675944333996,0.959040782935752,test,logistic_regression,lr-oulad-academic-fail-c105-s42-v5
ROC,0.001364256480218281,0.3220675944333996,0.9586519240619856,test,logistic_regression,lr-oulad-academic-fail-c105-s42-v5
ROC,0.001364256480218281,0.3508946322067594,0.9432761901739944,test,logistic_regression,lr-oulad-academic-fail-c105-s42-v5
ROC,0.002273760800363802,0.3508946322067594,0.9411540030165021,test,logistic_regression,lr-oulad-academic-fail-c105-s42-v5
ROC,0.002273760800363802,0.352882703777336,0.9399544802540859,test,logistic_regression,lr-oulad-academic-fail-c105-s42-v5
ROC,0.002728512960436562,0.352882703777336,0.9397760233028379,test,logistic_regression,lr-oulad-academic-fail-c105-s42-v5
ROC,0.002728512960436562,0.36182902584493043,0.9333646098848573,test,logistic_regression,lr-oulad-academic-fail-c105-s42-v5
ROC,0.0031832651205093224,0.36182902584493043,0.9326608216697189,test,logistic_regression,lr-oulad-academic-fail-c105-s42-v5
ROC,0.0031832651205093224,0.3926441351888668,0.9145023788807659,test,logistic_regression,lr-oulad-academic-fail-c105-s42-v5
ROC,0.0036380172805820826,0.3926441351888668,0.9139898111613912,test,logistic_regression,lr-oulad-academic-fail-c105-s42-v5
ROC,0.0036380172805820826,0.3966202783300199,0.9100748800282898,test,logistic_regression,lr-oulad-academic-fail-c105-s42-v5
ROC,0.004092769440654843,0.3966202783300199,0.9094619119322395,test,logistic_regression,lr-oulad-academic-fail-c105-s42-v5
ROC,0.004092769440654843,0.40457256461232605,0.903285495071499,test,logistic_regression,lr-oulad-academic-fail-c105-s42-v5
ROC,0.004547521600727604,0.40457256461232605,0.9025540874286602,test,logistic_regression,lr-oulad-academic-fail-c105-s42-v5
ROC,0.004547521600727604,0.40656063618290256,0.9012013969915874,test,logistic_regression,lr-oulad-academic-fail-c105-s42-v5
ROC,0.0050022737608003635,0.40656063618290256,0.9007222556183258,test,logistic_regression,lr-oulad-academic-fail-c105-s42-v5
ROC,0.0050022737608003635,0.4393638170974155,0.8492860716086497,test,logistic_regression,lr-oulad-academic-fail-c105-s42-v5
ROC,0.005457025920873124,0.4393638170974155,0.8484427942064994,test,logistic_regression,lr-oulad-academic-fail-c105-s42-v5
ROC,0.005457025920873124,0.4433399602385686,0.8454500401067613,test,logistic_regression,lr-oulad-academic-fail-c105-s42-v5
ROC,0.005911778080945885,0.4433399602385686,0.840993275667159,test,logistic_regression,lr-oulad-academic-fail-c105-s42-v5
ROC,0.005911778080945885,0.452286282306163,0.8287693635943368,test,logistic_regression,lr-oulad-academic-fail-c105-s42-v5
ROC,0.006366530241018645,0.452286282306163,0.8266262628295463,test,logistic_regression,lr-oulad-academic-fail-c105-s42-v5
ROC,0.006366530241018645,0.4562624254473161,0.8231988854588763,test,logistic_regression,lr-oulad-academic-fail-c105-s42-v5
ROC,0.007276034561164165,0.4562624254473161,0.8228298749364494,test,logistic_regression,lr-oulad-academic-fail-c105-s42-v5
ROC,0.007276034561164165,0.4602385685884692,0.8116590407043033,test,logistic_regression,lr-oulad-academic-fail-c105-s42-v5
ROC,0.007730786721236926,0.4602385685884692,0.8108491441701826,test,logistic_regression,lr-oulad-academic-fail-c105-s42-v5
ROC,0.007730786721236926,0.46520874751491054,0.7973148356895104,test,logistic_regression,lr-oulad-academic-fail-c105-s42-v5
ROC,0.008185538881309686,0.46520874751491054,0.7970518700931862,test,logistic_regression,lr-oulad-academic-fail-c105-s42-v5
ROC,0.008185538881309686,0.4662027833001988,0.7962625532619773,test,logistic_regression,lr-oulad-academic-fail-c105-s42-v5
ROC,0.008640291041382447,0.4662027833001988,0.795182052695536,test,logistic_regression,lr-oulad-academic-fail-c105-s42-v5
ROC,0.008640291041382447,0.4701789264413519,0.7892039971325188,test,logistic_regression,lr-oulad-academic-fail-c105-s42-v5
ROC,0.009095043201455207,0.4701789264413519,0.7891414980752685,test,logistic_regression,lr-oulad-academic-fail-c105-s42-v5
ROC,0.009095043201455207,0.4721669980119284,0.7820585351302116,test,logistic_regression,lr-oulad-academic-fail-c105-s42-v5
ROC,0.009549795361527967,0.4721669980119284,0.7804687624086803,test,logistic_regression,lr-oulad-academic-fail-c105-s42-v5
ROC,0.009549795361527967,0.474155069582505,0.7796646150954205,test,logistic_regression,lr-oulad-academic-fail-c105-s42-v5
ROC,0.010004547521600727,0.474155069582505,0.7780869025826318,test,logistic_regression,lr-oulad-academic-fail-c105-s42-v5
ROC,0.010004547521600727,0.48111332007952284,0.769400168698799,test,logistic_regression,lr-oulad-academic-fail-c105-s42-v5
ROC,0.010459299681673489,0.48111332007952284,0.7687958773755544,test,logistic_regression,lr-oulad-academic-fail-c105-s42-v5
ROC,0.010459299681673489,0.4821073558648111,0.7687195291485437,test,logistic_regression,lr-oulad-academic-fail-c105-s42-v5
ROC,0.010914051841746248,0.4821073558648111,0.7680621291446261,test,logistic_regression,lr-oulad-academic-fail-c105-s42-v5
ROC,0.010914051841746248,0.4831013916500994,0.7659589677068577,test,logistic_regression,lr-oulad-academic-fail-c105-s42-v5
ROC,0.01182355616189177,0.4831013916500994,0.7641017451199564,test,logistic_regression,lr-oulad-academic-fail-c105-s42-v5
ROC,0.01182355616189177,0.4850894632206759,0.76037416772434,test,logistic_regression,lr-oulad-academic-fail-c105-s42-v5
ROC,0.01273306048203729,0.4850894632206759,0.7587664590611808,test,logistic_regression,lr-oulad-academic-fail-c105-s42-v5
ROC,0.01273306048203729,0.4870775347912525,0.7547160214460259,test,logistic_regression,lr-oulad-academic-fail-c105-s42-v5
ROC,0.01409731696225557,0.4870775347912525,0.7488025125021427,test,logistic_regression,lr-oulad-academic-fail-c105-s42-v5
ROC,0.01409731696225557,0.48807157057654077,0.7487889054958469,test,logistic_regression,lr-oulad-academic-fail-c105-s42-v5
ROC,0.01455206912232833,0.48807157057654077,0.7482831504692351,test,logistic_regression,lr-oulad-academic-fail-c105-s42-v5
ROC,0.01455206912232833,0.4900596421471173,0.7450815317960114,test,logistic_regression,lr-oulad-academic-fail-c105-s42-v5
ROC,0.015461573442473852,0.4900596421471173,0.7380788873514973,test,logistic_regression,lr-oulad-academic-fail-c105-s42-v5
ROC,0.015461573442473852,0.5009940357852882,0.729336908598817,test,logistic_regression,lr-oulad-academic-fail-c105-s42-v5
ROC,0.015916325602546612,0.5009940357852882,0.7284765586030993,test,logistic_regression,lr-oulad-academic-fail-c105-s42-v5
ROC,0.015916325602546612,0.5059642147117296,0.7254143458800106,test,logistic_regression,lr-oulad-academic-fail-c105-s42-v5
ROC,0.01637107776261937,0.5059642147117296,0.7212605482556668,test,logistic_regression,lr-oulad-academic-fail-c105-s42-v5
ROC,0.01637107776261937,0.510934393638171,0.7137984774347432,test,logistic_regression,lr-oulad-academic-fail-c105-s42-v5
ROC,0.017280582082764895,0.510934393638171,0.7120666199640112,test,logistic_regression,lr-oulad-academic-fail-c105-s42-v5
ROC,0.017280582082764895,0.5139165009940357,0.7072797002636821,test,logistic_regression,lr-oulad-academic-fail-c105-s42-v5
ROC,0.017735334242837655,0.5139165009940357,0.7061488776949698,test,logistic_regression,lr-oulad-academic-fail-c105-s42-v5
ROC,0.017735334242837655,0.5178926441351889,0.702530485562075,test,logistic_regression,lr-oulad-academic-fail-c105-s42-v5
ROC,0.018190086402910415,0.5178926441351889,0.7014622707726803,test,logistic_regression,lr-oulad-academic-fail-c105-s42-v5
ROC,0.018190086402910415,0.5188866799204771,0.6990834932314669,test,logistic_regression,lr-oulad-academic-fail-c105-s42-v5
ROC,0.019099590723055934,0.5188866799204771,0.6952928219194199,test,logistic_regression,lr-oulad-academic-fail-c105-s42-v5
ROC,0.019099590723055934,0.5208747514910537,0.6946110013205865,test,logistic_regression,lr-oulad-academic-fail-c105-s42-v5
ROC,0.019554342883128694,0.5208747514910537,0.6946064510582071,test,logistic_regression,lr-oulad-academic-fail-c105-s42-v5
ROC,0.019554342883128694,0.525844930417495,0.6869420370664538,test,logistic_regression,lr-oulad-academic-fail-c105-s42-v5
ROC,0.020009095043201454,0.525844930417495,0.6832336488554457,test,logistic_regression,lr-oulad-academic-fail-c105-s42-v5
ROC,0.020009095043201454,0.5278330019880716,0.681384078274031,test,logistic_regression,lr-oulad-academic-fail-c105-s42-v5
ROC,0.020918599363346977,0.5278330019880716,0.6762582698935635,test,logistic_regression,lr-oulad-academic-fail-c105-s42-v5
ROC,0.020918599363346977,0.5337972166998012,0.6681439518500853,test,logistic_regression,lr-oulad-academic-fail-c105-s42-v5
ROC,0.021373351523419737,0.5337972166998012,0.6649633507649075,test,logistic_regression,lr-oulad-academic-fail-c105-s42-v5
ROC,0.021373351523419737,0.5347912524850894,0.6642160924394835,test,logistic_regression,lr-oulad-academic-fail-c105-s42-v5
ROC,0.021828103683492497,0.5347912524850894,0.6636568692458265,test,logistic_regression,lr-oulad-academic-fail-c105-s42-v5
ROC,0.021828103683492497,0.536779324055666,0.6600618469369273,test,logistic_regression,lr-oulad-academic-fail-c105-s42-v5
ROC,0.022282855843565257,0.536779324055666,0.6598622697492454,test,logistic_regression,lr-oulad-academic-fail-c105-s42-v5
ROC,0.022282855843565257,0.5377733598409543,0.659859488094417,test,logistic_regression,lr-oulad-academic-fail-c105-s42-v5
ROC,0.022737608003638016,0.5377733598409543,0.6588265060981842,test,logistic_regression,lr-oulad-academic-fail-c105-s42-v5
ROC,0.022737608003638016,0.5387673956262425,0.6587364985102953,test,logistic_regression,lr-oulad-academic-fail-c105-s42-v5
ROC,0.02364711232378354,0.5387673956262425,0.6568020931376373,test,logistic_regression,lr-oulad-academic-fail-c105-s42-v5
ROC,0.02364711232378354,0.5397614314115308,0.6565359078709567,test,logistic_regression,lr-oulad-academic-fail-c105-s42-v5
ROC,0.0241018644838563,0.5397614314115308,0.6563951799439494,test,logistic_regression,lr-oulad-academic-fail-c105-s42-v5
ROC,0.0241018644838563,0.5407554671968191,0.655063353572347,test,logistic_regression,lr-oulad-academic-fail-c105-s42-v5
ROC,0.02455661664392906,0.5407554671968191,0.6547386617341804,test,logistic_regression,lr-oulad-academic-fail-c105-s42-v5
ROC,0.02455661664392906,0.5457256461232605,0.650581779223758,test,logistic_regression,lr-oulad-academic-fail-c105-s42-v5
ROC,0.02546612096407458,0.5457256461232605,0.6474630716011434,test,logistic_regression,lr-oulad-academic-fail-c105-s42-v5
ROC,0.02546612096407458,0.547713717693837,0.6447871289868017,test,logistic_regression,lr-oulad-academic-fail-c105-s42-v5
ROC,0.02592087312414734,0.547713717693837,0.6434794693554641,test,logistic_regression,lr-oulad-academic-fail-c105-s42-v5
ROC,0.02592087312414734,0.5487077534791253,0.640877207438307,test,logistic_regression,lr-oulad-academic-fail-c105-s42-v5
ROC,0.02910413824465666,0.5487077534791253,0.6365413096999074,test,logistic_regression,lr-oulad-academic-fail-c105-s42-v5
ROC,0.02910413824465666,0.55168986083499,0.6352159709635572,test,logistic_regression,lr-oulad-academic-fail-c105-s42-v5
ROC,0.02955889040472942,0.55168986083499,0.632611083197858,test,logistic_regression,lr-oulad-academic-fail-c105-s42-v5
ROC,0.02955889040472942,0.5526838966202783,0.62967566819448,test,logistic_regression,lr-oulad-academic-fail-c105-s42-v5
ROC,0.030013642564802184,0.5526838966202783,0.626631752265409,test,logistic_regression,lr-oulad-academic-fail-c105-s42-v5
ROC,0.030013642564802184,0.5566600397614314,0.6230057181378235,test,logistic_regression,lr-oulad-academic-fail-c105-s42-v5
ROC,0.030468394724874944,0.5566600397614314,0.6217214830452227,test,logistic_regression,lr-oulad-academic-fail-c105-s42-v5
ROC,0.030468394724874944,0.5616302186878728,0.61771104924379,test,logistic_regression,lr-oulad-academic-fail-c105-s42-v5
ROC,0.030923146884947704,0.5616302186878728,0.6157399940490056,test,logistic_regression,lr-oulad-academic-fail-c105-s42-v5
ROC,0.030923146884947704,0.5636182902584493,0.6133175029231114,test,logistic_regression,lr-oulad-academic-fail-c105-s42-v5
ROC,0.031832651205093224,0.5636182902584493,0.6120479008953352,test,logistic_regression,lr-oulad-academic-fail-c105-s42-v5
ROC,0.031832651205093224,0.5666003976143141,0.6090689818319662,test,logistic_regression,lr-oulad-academic-fail-c105-s42-v5
ROC,0.034106412005457026,0.5666003976143141,0.6013780569654498,test,logistic_regression,lr-oulad-academic-fail-c105-s42-v5
ROC,0.034106412005457026,0.5805168986083499,0.5926895831386088,test,logistic_regression,lr-oulad-academic-fail-c105-s42-v5
ROC,0.03456116416552979,0.5805168986083499,0.5922958709941788,test,logistic_regression,lr-oulad-academic-fail-c105-s42-v5
ROC,0.03456116416552979,0.5904572564612326,0.5798005396036358,test,logistic_regression,lr-oulad-academic-fail-c105-s42-v5
ROC,0.035015916325602546,0.5904572564612326,0.5786821259205341,test,logistic_regression,lr-oulad-academic-fail-c105-s42-v5
ROC,0.035015916325602546,0.5914512922465208,0.5780932519763728,test,logistic_regression,lr-oulad-academic-fail-c105-s42-v5
ROC,0.03547066848567531,0.5914512922465208,0.5780038030591096,test,logistic_regression,lr-oulad-academic-fail-c105-s42-v5
ROC,0.03547066848567531,0.5924453280318092,0.5773489189853563,test,logistic_regression,lr-oulad-academic-fail-c105-s42-v5
ROC,0.03638017280582083,0.5924453280318092,0.5772102010328787,test,logistic_regression,lr-oulad-academic-fail-c105-s42-v5
ROC,0.03638017280582083,0.5964214711729622,0.5722449604396599,test,logistic_regression,lr-oulad-academic-fail-c105-s42-v5
ROC,0.03728967712596635,0.5964214711729622,0.5708114736623527,test,logistic_regression,lr-oulad-academic-fail-c105-s42-v5
ROC,0.03728967712596635,0.5974155069582505,0.5700837919660426,test,logistic_regression,lr-oulad-academic-fail-c105-s42-v5
ROC,0.03774442928603911,0.5974155069582505,0.5683634543493737,test,logistic_regression,lr-oulad-academic-fail-c105-s42-v5
ROC,0.03774442928603911,0.5994035785288271,0.5668205387266926,test,logistic_regression,lr-oulad-academic-fail-c105-s42-v5
ROC,0.03865393360618463,0.5994035785288271,0.5666424511266921,test,logistic_regression,lr-oulad-academic-fail-c105-s42-v5
ROC,0.03865393360618463,0.6013916500994035,0.5658525995443018,test,logistic_regression,lr-oulad-academic-fail-c105-s42-v5
ROC,0.03956343792633015,0.6013916500994035,0.5649781830437952,test,logistic_regression,lr-oulad-academic-fail-c105-s42-v5
ROC,0.03956343792633015,0.6023856858846919,0.5649584240971607,test,logistic_regression,lr-oulad-academic-fail-c105-s42-v5
ROC,0.04047294224647567,0.6023856858846919,0.5628706635378652,test,logistic_regression,lr-oulad-academic-fail-c105-s42-v5
ROC,0.04047294224647567,0.6113320079522863,0.5525576063203796,test,logistic_regression,lr-oulad-academic-fail-c105-s42-v5
ROC,0.041837198726693954,0.6113320079522863,0.5520290486861287,test,logistic_regression,lr-oulad-academic-fail-c105-s42-v5
ROC,0.041837198726693954,0.6123260437375746,0.5511281739374179,test,logistic_regression,lr-oulad-academic-fail-c105-s42-v5
ROC,0.04411095952705776,0.6123260437375746,0.5449785925122609,test,logistic_regression,lr-oulad-academic-fail-c105-s42-v5
ROC,0.04411095952705776,0.6153081510934394,0.5430770661790222,test,logistic_regression,lr-oulad-academic-fail-c105-s42-v5
ROC,0.04456571168713051,0.6153081510934394,0.5427154560476549,test,logistic_regression,lr-oulad-academic-fail-c105-s42-v5
ROC,0.04456571168713051,0.6163021868787276,0.5418599657902564,test,logistic_regression,lr-oulad-academic-fail-c105-s42-v5
ROC,0.045929968167348796,0.6163021868787276,0.5397643134641028,test,logistic_regression,lr-oulad-academic-fail-c105-s42-v5
ROC,0.045929968167348796,0.617296222664016,0.5367944064568398,test,logistic_regression,lr-oulad-academic-fail-c105-s42-v5
ROC,0.047748976807639835,0.617296222664016,0.5320135661560904,test,logistic_regression,lr-oulad-academic-fail-c105-s42-v5
ROC,0.047748976807639835,0.6182902584493042,0.5319555486384744,test,logistic_regression,lr-oulad-academic-fail-c105-s42-v5
ROC,0.04911323328785812,0.6182902584493042,0.5312571241567604,test,logistic_regression,lr-oulad-academic-fail-c105-s42-v5
ROC,0.04911323328785812,0.6192842942345924,0.5311602962399492,test,logistic_regression,lr-oulad-academic-fail-c105-s42-v5
ROC,0.049567985447930875,0.6192842942345924,0.530620590886043,test,logistic_regression,lr-oulad-academic-fail-c105-s42-v5
ROC,0.049567985447930875,0.621272365805169,0.5281733264717217,test,logistic_regression,lr-oulad-academic-fail-c105-s42-v5
ROC,0.05002273760800364,0.621272365805169,0.5270756867653975,test,logistic_regression,lr-oulad-academic-fail-c105-s42-v5
ROC,0.05002273760800364,0.6232604373757455,0.5260361868050171,test,logistic_regression,lr-oulad-academic-fail-c105-s42-v5
ROC,0.0504774897680764,0.6232604373757455,0.5259312321270577,test,logistic_regression,lr-oulad-academic-fail-c105-s42-v5
ROC,0.0504774897680764,0.6272365805168986,0.5210556416167614,test,logistic_regression,lr-oulad-academic-fail-c105-s42-v5
ROC,0.05093224192814916,0.6272365805168986,0.5204894810577846,test,logistic_regression,lr-oulad-academic-fail-c105-s42-v5
ROC,0.05093224192814916,0.6282306163021869,0.5203280221842557,test,logistic_regression,lr-oulad-academic-fail-c105-s42-v5
ROC,0.05184174624829468,0.6282306163021869,0.5199059795442887,test,logistic_regression,lr-oulad-academic-fail-c105-s42-v5
ROC,0.05184174624829468,0.6292246520874751,0.519221534140207,test,logistic_regression,lr-oulad-academic-fail-c105-s42-v5
ROC,0.05320600272851296,0.6292246520874751,0.5149795104487292,test,logistic_regression,lr-oulad-academic-fail-c105-s42-v5
ROC,0.05320600272851296,0.6302186878727635,0.5125595478517969,test,logistic_regression,lr-oulad-academic-fail-c105-s42-v5
ROC,0.05411550704865848,0.6302186878727635,0.5117224326940397,test,logistic_regression,lr-oulad-academic-fail-c105-s42-v5
ROC,0.05411550704865848,0.6312127236580517,0.5112016248383725,test,logistic_regression,lr-oulad-academic-fail-c105-s42-v5
ROC,0.054570259208731244,0.6312127236580517,0.5092316541726549,test,logistic_regression,lr-oulad-academic-fail-c105-s42-v5
ROC,0.054570259208731244,0.6322067594433399,0.5073191619805989,test,logistic_regression,lr-oulad-academic-fail-c105-s42-v5
ROC,0.055025011368804,0.6322067594433399,0.5072197981350862,test,logistic_regression,lr-oulad-academic-fail-c105-s42-v5
ROC,0.055025011368804,0.6332007952286283,0.507113866951933,test,logistic_regression,lr-oulad-academic-fail-c105-s42-v5
ROC,0.05638926784902228,0.6332007952286283,0.5028192316735205,test,logistic_regression,lr-oulad-academic-fail-c105-s42-v5
ROC,0.05638926784902228,0.6351888667992047,0.5017878229304051,test,logistic_regression,lr-oulad-academic-fail-c105-s42-v5
ROC,0.057753524329240566,0.6351888667992047,0.5004329779850093,test,logistic_regression,lr-oulad-academic-fail-c105-s42-v5
ROC,0.057753524329240566,0.6371769383697813,0.49967819941721103,test,logistic_regression,lr-oulad-academic-fail-c105-s42-v5
ROC,0.05820827648931332,0.6371769383697813,0.499031839800298,test,logistic_regression,lr-oulad-academic-fail-c105-s42-v5
ROC,0.05820827648931332,0.6401590457256461,0.4928700135572672,test,logistic_regression,lr-oulad-academic-fail-c105-s42-v5
ROC,0.060482037289677125,0.6401590457256461,0.48776684676657206,test,logistic_regression,lr-oulad-academic-fail-c105-s42-v5
ROC,0.060482037289677125,0.6441351888667992,0.4837405648744578,test,logistic_regression,lr-oulad-academic-fail-c105-s42-v5
ROC,0.06184629376989541,0.6441351888667992,0.48295863445155746,test,logistic_regression,lr-oulad-academic-fail-c105-s42-v5
ROC,0.06184629376989541,0.647117296222664,0.4821644123151584,test,logistic_regression,lr-oulad-academic-fail-c105-s42-v5
ROC,0.062301045929968164,0.647117296222664,0.4816397368989458,test,logistic_regression,lr-oulad-academic-fail-c105-s42-v5
ROC,0.062301045929968164,0.6481113320079522,0.48142523407681803,test,logistic_regression,lr-oulad-academic-fail-c105-s42-v5
ROC,0.06275579809004093,0.6481113320079522,0.4811471223347645,test,logistic_regression,lr-oulad-academic-fail-c105-s42-v5
ROC,0.06275579809004093,0.6500994035785288,0.48040686110745134,test,logistic_regression,lr-oulad-academic-fail-c105-s42-v5
ROC,0.06321055025011368,0.6500994035785288,0.4796700439056056,test,logistic_regression,lr-oulad-academic-fail-c105-s42-v5
ROC,0.06321055025011368,0.6530815109343936,0.47727349324639073,test,logistic_regression,lr-oulad-academic-fail-c105-s42-v5
ROC,0.06412005457025921,0.6530815109343936,0.47566489983471566,test,logistic_regression,lr-oulad-academic-fail-c105-s42-v5
ROC,0.06412005457025921,0.6540755467196819,0.4746636293847998,test,logistic_regression,lr-oulad-academic-fail-c105-s42-v5
ROC,0.06457480673033197,0.6540755467196819,0.47458702916567985,test,logistic_regression,lr-oulad-academic-fail-c105-s42-v5
ROC,0.06457480673033197,0.6550695825049702,0.47441616475562837,test,logistic_regression,lr-oulad-academic-fail-c105-s42-v5
ROC,0.06502955889040472,0.6550695825049702,0.47369745812172065,test,logistic_regression,lr-oulad-academic-fail-c105-s42-v5
ROC,0.06502955889040472,0.6560636182902585,0.47343386565504053,test,logistic_regression,lr-oulad-academic-fail-c105-s42-v5
ROC,0.06548431105047749,0.6560636182902585,0.4733008957291413,test,logistic_regression,lr-oulad-academic-fail-c105-s42-v5
ROC,0.06548431105047749,0.6590457256461233,0.47200783050331935,test,logistic_regression,lr-oulad-academic-fail-c105-s42-v5
ROC,0.06593906321055025,0.6590457256461233,0.47033117873235375,test,logistic_regression,lr-oulad-academic-fail-c105-s42-v5
ROC,0.06593906321055025,0.6610337972166997,0.468694816671817,test,logistic_regression,lr-oulad-academic-fail-c105-s42-v5
ROC,0.06684856753069578,0.6610337972166997,0.46813351053707886,test,logistic_regression,lr-oulad-academic-fail-c105-s42-v5
ROC,0.06684856753069578,0.6620278330019881,0.468110030716359,test,logistic_regression,lr-oulad-academic-fail-c105-s42-v5
ROC,0.07003183265120509,0.6620278330019881,0.4625255723312759,test,logistic_regression,lr-oulad-academic-fail-c105-s42-v5
ROC,0.07003183265120509,0.6640159045725647,0.4603537207669074,test,logistic_regression,lr-oulad-academic-fail-c105-s42-v5
ROC,0.07048658481127786,0.6640159045725647,0.46010912754629757,test,logistic_regression,lr-oulad-academic-fail-c105-s42-v5
ROC,0.07048658481127786,0.6650099403578529,0.45925322534690405,test,logistic_regression,lr-oulad-academic-fail-c105-s42-v5
ROC,0.07139608913142337,0.6650099403578529,0.45859362491989386,test,logistic_regression,lr-oulad-academic-fail-c105-s42-v5
ROC,0.07139608913142337,0.6679920477137177,0.4565777592360087,test,logistic_regression,lr-oulad-academic-fail-c105-s42-v5
ROC,0.07276034561164166,0.6679920477137177,0.4547558681759182,test,logistic_regression,lr-oulad-academic-fail-c105-s42-v5
ROC,0.07276034561164166,0.668986083499006,0.4535018119670865,test,logistic_regression,lr-oulad-academic-fail-c105-s42-v5
ROC,0.0745793542519327,0.668986083499006,0.45120816955276405,test,logistic_regression,lr-oulad-academic-fail-c105-s42-v5
ROC,0.0745793542519327,0.6709741550695825,0.44970675116571823,test,logistic_regression,lr-oulad-academic-fail-c105-s42-v5
ROC,0.07503410641200546,0.6709741550695825,0.44729136210375015,test,logistic_regression,lr-oulad-academic-fail-c105-s42-v5
ROC,0.07503410641200546,0.6719681908548708,0.44700063548459373,test,logistic_regression,lr-oulad-academic-fail-c105-s42-v5
ROC,0.07548885857207822,0.6719681908548708,0.44647695269422083,test,logistic_regression,lr-oulad-academic-fail-c105-s42-v5
ROC,0.07548885857207822,0.672962226640159,0.4460227884731316,test,logistic_regression,lr-oulad-academic-fail-c105-s42-v5
ROC,0.07639836289222374,0.672962226640159,0.44478186241648154,test,logistic_regression,lr-oulad-academic-fail-c105-s42-v5
ROC,0.07639836289222374,0.6739562624254473,0.4445784803419652,test,logistic_regression,lr-oulad-academic-fail-c105-s42-v5
ROC,0.07821737153251478,0.6739562624254473,0.44274969391185187,test,logistic_regression,lr-oulad-academic-fail-c105-s42-v5
ROC,0.07821737153251478,0.6769383697813122,0.44023291078976323,test,logistic_regression,lr-oulad-academic-fail-c105-s42-v5
ROC,0.08049113233287858,0.6769383697813122,0.43648486178310864,test,logistic_regression,lr-oulad-academic-fail-c105-s42-v5
ROC,0.08049113233287858,0.6779324055666004,0.4359109643360293,test,logistic_regression,lr-oulad-academic-fail-c105-s42-v5
ROC,0.08094588449295134,0.6779324055666004,0.43489491920554474,test,logistic_regression,lr-oulad-academic-fail-c105-s42-v5
ROC,0.08094588449295134,0.6789264413518886,0.43471669550335795,test,logistic_regression,lr-oulad-academic-fail-c105-s42-v5
ROC,0.08185538881309687,0.6789264413518886,0.4341127347629417,test,logistic_regression,lr-oulad-academic-fail-c105-s42-v5
ROC,0.08185538881309687,0.679920477137177,0.43293351013141407,test,logistic_regression,lr-oulad-academic-fail-c105-s42-v5
ROC,0.08231014097316962,0.679920477137177,0.4325998807346178,test,logistic_regression,lr-oulad-academic-fail-c105-s42-v5
ROC,0.08231014097316962,0.6809145129224652,0.4324517094215631,test,logistic_regression,lr-oulad-academic-fail-c105-s42-v5
ROC,0.08276489313324238,0.6809145129224652,0.4324197911968726,test,logistic_regression,lr-oulad-academic-fail-c105-s42-v5
ROC,0.08276489313324238,0.6829025844930418,0.4300039721127365,test,logistic_regression,lr-oulad-academic-fail-c105-s42-v5
ROC,0.08367439745338791,0.6829025844930418,0.4289564453467622,test,logistic_regression,lr-oulad-academic-fail-c105-s42-v5
ROC,0.08367439745338791,0.6848906560636183,0.4272930397617647,test,logistic_regression,lr-oulad-academic-fail-c105-s42-v5
ROC,0.08412914961346066,0.6848906560636183,0.42720928093086674,test,logistic_regression,lr-oulad-academic-fail-c105-s42-v5
ROC,0.08412914961346066,0.6888667992047713,0.426016144562771,test,logistic_regression,lr-oulad-academic-fail-c105-s42-v5
ROC,0.08594815825375171,0.6888667992047713,0.42434069341075176,test,logistic_regression,lr-oulad-academic-fail-c105-s42-v5
ROC,0.08594815825375171,0.6938369781312127,0.4206734002838344,test,logistic_regression,lr-oulad-academic-fail-c105-s42-v5
ROC,0.08640291041382446,0.6938369781312127,0.4203353397285941,test,logistic_regression,lr-oulad-academic-fail-c105-s42-v5
ROC,0.08640291041382446,0.6958250497017893,0.4192465800522706,test,logistic_regression,lr-oulad-academic-fail-c105-s42-v5
ROC,0.08822191905411551,0.6958250497017893,0.4144113943162185,test,logistic_regression,lr-oulad-academic-fail-c105-s42-v5
ROC,0.08822191905411551,0.7037773359840954,0.4095910581858091,test,logistic_regression,lr-oulad-academic-fail-c105-s42-v5
ROC,0.08867667121418826,0.7037773359840954,0.4094532210005204,test,logistic_regression,lr-oulad-academic-fail-c105-s42-v5
ROC,0.08867667121418826,0.7047713717693836,0.40915861057643643,test,logistic_regression,lr-oulad-academic-fail-c105-s42-v5
ROC,0.08913142337426103,0.7047713717693836,0.40805674870636466,test,logistic_regression,lr-oulad-academic-fail-c105-s42-v5
ROC,0.08913142337426103,0.7067594433399602,0.40675638095176037,test,logistic_regression,lr-oulad-academic-fail-c105-s42-v5
ROC,0.08958617553433379,0.7067594433399602,0.406716263991218,test,logistic_regression,lr-oulad-academic-fail-c105-s42-v5
ROC,0.08958617553433379,0.709741550695825,0.4058853062413685,test,logistic_regression,lr-oulad-academic-fail-c105-s42-v5
ROC,0.09004092769440655,0.709741550695825,0.40499870941221644,test,logistic_regression,lr-oulad-academic-fail-c105-s42-v5
ROC,0.09004092769440655,0.7107355864811133,0.4030346253309605,test,logistic_regression,lr-oulad-academic-fail-c105-s42-v5
ROC,0.0904956798544793,0.7107355864811133,0.4025157449983164,test,logistic_regression,lr-oulad-academic-fail-c105-s42-v5
ROC,0.0904956798544793,0.7117296222664016,0.4018612547389678,test,logistic_regression,lr-oulad-academic-fail-c105-s42-v5
ROC,0.09140518417462483,0.7117296222664016,0.40046947348478246,test,logistic_regression,lr-oulad-academic-fail-c105-s42-v5
ROC,0.09140518417462483,0.7137176938369781,0.3995351907211991,test,logistic_regression,lr-oulad-academic-fail-c105-s42-v5
ROC,0.0927694406548431,0.7137176938369781,0.3979909483453738,test,logistic_regression,lr-oulad-academic-fail-c105-s42-v5
ROC,0.0927694406548431,0.7147117296222664,0.3972033816792558,test,logistic_regression,lr-oulad-academic-fail-c105-s42-v5
ROC,0.09322419281491587,0.7147117296222664,0.39690418668886046,test,logistic_regression,lr-oulad-academic-fail-c105-s42-v5
ROC,0.09322419281491587,0.7166998011928429,0.3959697016418464,test,logistic_regression,lr-oulad-academic-fail-c105-s42-v5
ROC,0.09367894497498863,0.7166998011928429,0.39523127010724385,test,logistic_regression,lr-oulad-academic-fail-c105-s42-v5
ROC,0.09367894497498863,0.7216699801192843,0.39336734231008924,test,logistic_regression,lr-oulad-academic-fail-c105-s42-v5
ROC,0.09549795361527967,0.7216699801192843,0.3911386526238449,test,logistic_regression,lr-oulad-academic-fail-c105-s42-v5
ROC,0.09549795361527967,0.7226640159045725,0.3908123366632996,test,logistic_regression,lr-oulad-academic-fail-c105-s42-v5
ROC,0.09731696225557071,0.7226640159045725,0.3894221272359259,test,logistic_regression,lr-oulad-academic-fail-c105-s42-v5
ROC,0.09731696225557071,0.7236580516898609,0.3893602551170514,test,logistic_regression,lr-oulad-academic-fail-c105-s42-v5
ROC,0.09913597089586175,0.7236580516898609,0.3863567709411306,test,logistic_regression,lr-oulad-academic-fail-c105-s42-v5
ROC,0.09913597089586175,0.7246520874751491,0.38612463830127763,test,logistic_regression,lr-oulad-academic-fail-c105-s42-v5
ROC,0.09959072305593451,0.7246520874751491,0.3859088728456731,test,logistic_regression,lr-oulad-academic-fail-c105-s42-v5
ROC,0.09959072305593451,0.7266401590457257,0.38364944877300405,test,logistic_regression,lr-oulad-academic-fail-c105-s42-v5
ROC,0.10004547521600728,0.7266401590457257,0.38352538044278306,test,logistic_regression,lr-oulad-academic-fail-c105-s42-v5
ROC,0.10004547521600728,0.7276341948310139,0.38280581660505125,test,logistic_regression,lr-oulad-academic-fail-c105-s42-v5
ROC,0.10050022737608004,0.7276341948310139,0.3827683246799107,test,logistic_regression,lr-oulad-academic-fail-c105-s42-v5
ROC,0.10050022737608004,0.7286282306163022,0.38187824538828746,test,logistic_regression,lr-oulad-academic-fail-c105-s42-v5
ROC,0.10140973169622555,0.7286282306163022,0.38102219991555336,test,logistic_regression,lr-oulad-academic-fail-c105-s42-v5
ROC,0.10140973169622555,0.7296222664015904,0.38042336927693304,test,logistic_regression,lr-oulad-academic-fail-c105-s42-v5
ROC,0.10186448385629832,0.7296222664015904,0.38011327947186346,test,logistic_regression,lr-oulad-academic-fail-c105-s42-v5
ROC,0.10186448385629832,0.7306163021868787,0.3788582691841916,test,logistic_regression,lr-oulad-academic-fail-c105-s42-v5
ROC,0.10231923601637108,0.7306163021868787,0.378394728499064,test,logistic_regression,lr-oulad-academic-fail-c105-s42-v5
ROC,0.10231923601637108,0.7326043737574552,0.3766840155637631,test,logistic_regression,lr-oulad-academic-fail-c105-s42-v5
ROC,0.10277398817644384,0.7326043737574552,0.37590360181339,test,logistic_regression,lr-oulad-academic-fail-c105-s42-v5
ROC,0.10277398817644384,0.7345924453280318,0.37497442130552117,test,logistic_regression,lr-oulad-academic-fail-c105-s42-v5
ROC,0.10368349249658936,0.7345924453280318,0.37408129702838455,test,logistic_regression,lr-oulad-academic-fail-c105-s42-v5
ROC,0.10368349249658936,0.7405566600397614,0.37122231544696493,test,logistic_regression,lr-oulad-academic-fail-c105-s42-v5
ROC,0.10413824465666212,0.7405566600397614,0.3703632981430308,test,logistic_regression,lr-oulad-academic-fail-c105-s42-v5
ROC,0.10413824465666212,0.7415506958250497,0.3703335300309727,test,logistic_regression,lr-oulad-academic-fail-c105-s42-v5
ROC,0.10459299681673488,0.7415506958250497,0.3699024768101004,test,logistic_regression,lr-oulad-academic-fail-c105-s42-v5
ROC,0.10459299681673488,0.7445328031809145,0.3676510762018935,test,logistic_regression,lr-oulad-academic-fail-c105-s42-v5
ROC,0.10595725329695316,0.7445328031809145,0.3649385219429267,test,logistic_regression,lr-oulad-academic-fail-c105-s42-v5
ROC,0.10595725329695316,0.7485089463220675,0.36153553174225717,test,logistic_regression,lr-oulad-academic-fail-c105-s42-v5
ROC,0.1077762619372442,0.7485089463220675,0.3601990314427553,test,logistic_regression,lr-oulad-academic-fail-c105-s42-v5
ROC,0.1077762619372442,0.7495029821073559,0.3599059077235447,test,logistic_regression,lr-oulad-academic-fail-c105-s42-v5
ROC,0.110050022737608,0.7495029821073559,0.35754341665434936,test,logistic_regression,lr-oulad-academic-fail-c105-s42-v5
ROC,0.110050022737608,0.7504970178926441,0.3564961692224336,test,logistic_regression,lr-oulad-academic-fail-c105-s42-v5
ROC,0.11095952705775353,0.7504970178926441,0.3553294829045284,test,logistic_regression,lr-oulad-academic-fail-c105-s42-v5
ROC,0.11095952705775353,0.7514910536779325,0.3552432658384689,test,logistic_regression,lr-oulad-academic-fail-c105-s42-v5
ROC,0.11277853569804457,0.7514910536779325,0.3534683104365091,test,logistic_regression,lr-oulad-academic-fail-c105-s42-v5
ROC,0.11277853569804457,0.7524850894632207,0.35311309589414136,test,logistic_regression,lr-oulad-academic-fail-c105-s42-v5
ROC,0.1145975443383356,0.7524850894632207,0.34969661188007767,test,logistic_regression,lr-oulad-academic-fail-c105-s42-v5
ROC,0.1145975443383356,0.7534791252485089,0.3493915526641766,test,logistic_regression,lr-oulad-academic-fail-c105-s42-v5
ROC,0.11869031377899045,0.7534791252485089,0.34400996735377176,test,logistic_regression,lr-oulad-academic-fail-c105-s42-v5
ROC,0.11869031377899045,0.7544731610337972,0.34303335549091024,test,logistic_regression,lr-oulad-academic-fail-c105-s42-v5
ROC,0.11914506593906321,0.7544731610337972,0.34282954876041183,test,logistic_regression,lr-oulad-academic-fail-c105-s42-v5
ROC,0.11914506593906321,0.7554671968190855,0.34194303648852525,test,logistic_regression,lr-oulad-academic-fail-c105-s42-v5
ROC,0.12687585266030013,0.7554671968190855,0.33431320869964376,test,logistic_regression,lr-oulad-academic-fail-c105-s42-v5
ROC,0.12687585266030013,0.7564612326043738,0.334166601708495,test,logistic_regression,lr-oulad-academic-fail-c105-s42-v5
ROC,0.12778535698044566,0.7564612326043738,0.3333910871908701,test,logistic_regression,lr-oulad-academic-fail-c105-s42-v5
ROC,0.12778535698044566,0.757455268389662,0.33338135746101405,test,logistic_regression,lr-oulad-academic-fail-c105-s42-v5
ROC,0.13096862210095497,0.757455268389662,0.33076277192139025,test,logistic_regression,lr-oulad-academic-fail-c105-s42-v5
ROC,0.13096862210095497,0.7584493041749503,0.33066709894439816,test,logistic_regression,lr-oulad-academic-fail-c105-s42-v5
ROC,0.1318781264211005,0.7584493041749503,0.32955289315447445,test,logistic_regression,lr-oulad-academic-fail-c105-s42-v5
ROC,0.1318781264211005,0.7604373757455268,0.3288506237968726,test,logistic_regression,lr-oulad-academic-fail-c105-s42-v5
ROC,0.13233287858117326,0.7604373757455268,0.32882863611562263,test,logistic_regression,lr-oulad-academic-fail-c105-s42-v5
ROC,0.13233287858117326,0.7614314115308151,0.32791148201588904,test,logistic_regression,lr-oulad-academic-fail-c105-s42-v5
ROC,0.13278763074124603,0.7614314115308151,0.32659556944989243,test,logistic_regression,lr-oulad-academic-fail-c105-s42-v5
ROC,0.13278763074124603,0.76441351888668,0.32624729841255884,test,logistic_regression,lr-oulad-academic-fail-c105-s42-v5
ROC,0.13460663938153705,0.76441351888668,0.3251077550053494,test,logistic_regression,lr-oulad-academic-fail-c105-s42-v5
ROC,0.13460663938153705,0.7693836978131213,0.3234831303318788,test,logistic_regression,lr-oulad-academic-fail-c105-s42-v5
ROC,0.13506139154160982,0.7693836978131213,0.32247699862948914,test,logistic_regression,lr-oulad-academic-fail-c105-s42-v5
ROC,0.13506139154160982,0.7713717693836978,0.32168177415369215,test,logistic_regression,lr-oulad-academic-fail-c105-s42-v5
ROC,0.1364256480218281,0.7713717693836978,0.3210640233429172,test,logistic_regression,lr-oulad-academic-fail-c105-s42-v5
ROC,0.1364256480218281,0.7723658051689861,0.32064636737757696,test,logistic_regression,lr-oulad-academic-fail-c105-s42-v5
ROC,0.13960891314233742,0.7723658051689861,0.3159898265716769,test,logistic_regression,lr-oulad-academic-fail-c105-s42-v5
ROC,0.13960891314233742,0.7733598409542743,0.31583395248613694,test,logistic_regression,lr-oulad-academic-fail-c105-s42-v5
ROC,0.14142792178262847,0.7733598409542743,0.3138801174727497,test,logistic_regression,lr-oulad-academic-fail-c105-s42-v5
ROC,0.14142792178262847,0.7743538767395626,0.31380199980754625,test,logistic_regression,lr-oulad-academic-fail-c105-s42-v5
ROC,0.1432469304229195,0.7743538767395626,0.31272888423942635,test,logistic_regression,lr-oulad-academic-fail-c105-s42-v5
ROC,0.1432469304229195,0.7753479125248509,0.3125204858582301,test,logistic_regression,lr-oulad-academic-fail-c105-s42-v5
ROC,0.14370168258299226,0.7753479125248509,0.31160846231798167,test,logistic_regression,lr-oulad-academic-fail-c105-s42-v5
ROC,0.14370168258299226,0.7763419483101391,0.3111340867896034,test,logistic_regression,lr-oulad-academic-fail-c105-s42-v5
ROC,0.1446111869031378,0.7763419483101391,0.3105305518626031,test,logistic_regression,lr-oulad-academic-fail-c105-s42-v5
ROC,0.1446111869031378,0.7773359840954275,0.31028062728157096,test,logistic_regression,lr-oulad-academic-fail-c105-s42-v5
ROC,0.14552069122328332,0.7773359840954275,0.3089363311970418,test,logistic_regression,lr-oulad-academic-fail-c105-s42-v5
ROC,0.14552069122328332,0.7803180914512923,0.3081564995913248,test,logistic_regression,lr-oulad-academic-fail-c105-s42-v5
ROC,0.14688494770350158,0.7803180914512923,0.3079775974313618,test,logistic_regression,lr-oulad-academic-fail-c105-s42-v5
ROC,0.14688494770350158,0.7813121272365805,0.3077464431535118,test,logistic_regression,lr-oulad-academic-fail-c105-s42-v5
ROC,0.14870395634379263,0.7813121272365805,0.3069718627486837,test,logistic_regression,lr-oulad-academic-fail-c105-s42-v5
ROC,0.14870395634379263,0.7823061630218688,0.30668652892069403,test,logistic_regression,lr-oulad-academic-fail-c105-s42-v5
ROC,0.15052296498408368,0.7823061630218688,0.30584534781060757,test,logistic_regression,lr-oulad-academic-fail-c105-s42-v5
ROC,0.15052296498408368,0.7833001988071571,0.3055147088317148,test,logistic_regression,lr-oulad-academic-fail-c105-s42-v5
ROC,0.1523419736243747,0.7833001988071571,0.30407626279122474,test,logistic_regression,lr-oulad-academic-fail-c105-s42-v5
ROC,0.1523419736243747,0.7842942345924453,0.3038023708015239,test,logistic_regression,lr-oulad-academic-fail-c105-s42-v5
ROC,0.15325147794452024,0.7842942345924453,0.303158093148743,test,logistic_regression,lr-oulad-academic-fail-c105-s42-v5
ROC,0.15325147794452024,0.7852882703777336,0.30293772429286975,test,logistic_regression,lr-oulad-academic-fail-c105-s42-v5
ROC,0.15643474306502955,0.7852882703777336,0.3008838979557258,test,logistic_regression,lr-oulad-academic-fail-c105-s42-v5
ROC,0.15643474306502955,0.7862823061630219,0.300606890235169,test,logistic_regression,lr-oulad-academic-fail-c105-s42-v5
ROC,0.15916325602546613,0.7862823061630219,0.29804811580345136,test,logistic_regression,lr-oulad-academic-fail-c105-s42-v5
ROC,0.15916325602546613,0.7872763419483101,0.29789058573895083,test,logistic_regression,lr-oulad-academic-fail-c105-s42-v5
ROC,0.16007276034561163,0.7872763419483101,0.29744229933293015,test,logistic_regression,lr-oulad-academic-fail-c105-s42-v5
ROC,0.16007276034561163,0.7882703777335984,0.297400590586883,test,logistic_regression,lr-oulad-academic-fail-c105-s42-v5
ROC,0.1605275125056844,0.7882703777335984,0.29647875422079695,test,logistic_regression,lr-oulad-academic-fail-c105-s42-v5
ROC,0.1605275125056844,0.790258449304175,0.2958148112916139,test,logistic_regression,lr-oulad-academic-fail-c105-s42-v5
ROC,0.16325602546612097,0.790258449304175,0.2919563455832322,test,logistic_regression,lr-oulad-academic-fail-c105-s42-v5
ROC,0.16325602546612097,0.7912524850894632,0.29068620252514815,test,logistic_regression,lr-oulad-academic-fail-c105-s42-v5
ROC,0.16462028194633924,0.7912524850894632,0.2898559588026115,test,logistic_regression,lr-oulad-academic-fail-c105-s42-v5
ROC,0.16462028194633924,0.7922465208747514,0.28867448460284706,test,logistic_regression,lr-oulad-academic-fail-c105-s42-v5
ROC,0.165075034106412,0.7922465208747514,0.28830020923511224,test,logistic_regression,lr-oulad-academic-fail-c105-s42-v5
ROC,0.165075034106412,0.794234592445328,0.2879152220723818,test,logistic_regression,lr-oulad-academic-fail-c105-s42-v5
ROC,0.16689404274670305,0.794234592445328,0.28617563865878687,test,logistic_regression,lr-oulad-academic-fail-c105-s42-v5
ROC,0.16689404274670305,0.7952286282306164,0.28614358323499334,test,logistic_regression,lr-oulad-academic-fail-c105-s42-v5
ROC,0.16734879490677582,0.7952286282306164,0.28588037544708633,test,logistic_regression,lr-oulad-academic-fail-c105-s42-v5
ROC,0.16734879490677582,0.7962226640159046,0.2858780919096806,test,logistic_regression,lr-oulad-academic-fail-c105-s42-v5
ROC,0.16825829922692132,0.7962226640159046,0.28557020141586115,test,logistic_regression,lr-oulad-academic-fail-c105-s42-v5
ROC,0.16825829922692132,0.7972166998011928,0.2855583962475479,test,logistic_regression,lr-oulad-academic-fail-c105-s42-v5
ROC,0.16871305138699408,0.7972166998011928,0.28533166652439573,test,logistic_regression,lr-oulad-academic-fail-c105-s42-v5
ROC,0.16871305138699408,0.7982107355864811,0.28516084583845125,test,logistic_regression,lr-oulad-academic-fail-c105-s42-v5
ROC,0.16916780354706684,0.7982107355864811,0.2851385649345668,test,logistic_regression,lr-oulad-academic-fail-c105-s42-v5
ROC,0.16916780354706684,0.7992047713717694,0.28495715622491563,test,logistic_regression,lr-oulad-academic-fail-c105-s42-v5
ROC,0.17053206002728513,0.7992047713717694,0.2825976258834879,test,logistic_regression,lr-oulad-academic-fail-c105-s42-v5
ROC,0.17053206002728513,0.8011928429423459,0.2814986301151688,test,logistic_regression,lr-oulad-academic-fail-c105-s42-v5
ROC,0.1709868121873579,0.8011928429423459,0.2814939764965827,test,logistic_regression,lr-oulad-academic-fail-c105-s42-v5
ROC,0.1709868121873579,0.8031809145129225,0.28087242766929743,test,logistic_regression,lr-oulad-academic-fail-c105-s42-v5
ROC,0.17144156434743066,0.8031809145129225,0.2802162753657777,test,logistic_regression,lr-oulad-academic-fail-c105-s42-v5
ROC,0.17144156434743066,0.805168986083499,0.28020482325264934,test,logistic_regression,lr-oulad-academic-fail-c105-s42-v5
ROC,0.17280582082764892,0.805168986083499,0.2793110939812303,test,logistic_regression,lr-oulad-academic-fail-c105-s42-v5
ROC,0.17280582082764892,0.8071570576540755,0.27845020791556413,test,logistic_regression,lr-oulad-academic-fail-c105-s42-v5
ROC,0.17371532514779445,0.8071570576540755,0.2777639681703476,test,logistic_regression,lr-oulad-academic-fail-c105-s42-v5
ROC,0.17371532514779445,0.8081510934393639,0.27755119642577725,test,logistic_regression,lr-oulad-academic-fail-c105-s42-v5
ROC,0.17735334242837653,0.8081510934393639,0.27392286533305604,test,logistic_regression,lr-oulad-academic-fail-c105-s42-v5
ROC,0.17735334242837653,0.8091451292246521,0.27387521590171776,test,logistic_regression,lr-oulad-academic-fail-c105-s42-v5
ROC,0.1778080945884493,0.8091451292246521,0.2738480171765076,test,logistic_regression,lr-oulad-academic-fail-c105-s42-v5
ROC,0.1778080945884493,0.8101391650099403,0.27380824395118564,test,logistic_regression,lr-oulad-academic-fail-c105-s42-v5
ROC,0.17826284674852205,0.8101391650099403,0.2737110558006899,test,logistic_regression,lr-oulad-academic-fail-c105-s42-v5
ROC,0.17826284674852205,0.8111332007952287,0.2733186310200065,test,logistic_regression,lr-oulad-academic-fail-c105-s42-v5
ROC,0.17917235106866758,0.8111332007952287,0.2730417353930282,test,logistic_regression,lr-oulad-academic-fail-c105-s42-v5
ROC,0.17917235106866758,0.8121272365805169,0.27224392408988657,test,logistic_regression,lr-oulad-academic-fail-c105-s42-v5
ROC,0.18053660754888587,0.8121272365805169,0.27146671520792387,test,logistic_regression,lr-oulad-academic-fail-c105-s42-v5
ROC,0.18053660754888587,0.8131212723658051,0.2713364889281249,test,logistic_regression,lr-oulad-academic-fail-c105-s42-v5
ROC,0.18371987266939518,0.8131212723658051,0.2698520498973852,test,logistic_regression,lr-oulad-academic-fail-c105-s42-v5
ROC,0.18371987266939518,0.8141153081510935,0.26929744920480586,test,logistic_regression,lr-oulad-academic-fail-c105-s42-v5
ROC,0.1846293769895407,0.8141153081510935,0.2683621020626407,test,logistic_regression,lr-oulad-academic-fail-c105-s42-v5
ROC,0.1846293769895407,0.81610337972167,0.2677713144686721,test,logistic_regression,lr-oulad-academic-fail-c105-s42-v5
ROC,0.18644838562983174,0.81610337972167,0.26630289420313574,test,logistic_regression,lr-oulad-academic-fail-c105-s42-v5
ROC,0.18644838562983174,0.8170974155069582,0.2662027911607418,test,logistic_regression,lr-oulad-academic-fail-c105-s42-v5
ROC,0.18963165075034105,0.8170974155069582,0.2615374426425763,test,logistic_regression,lr-oulad-academic-fail-c105-s42-v5
ROC,0.18963165075034105,0.8180914512922465,0.2614321867710811,test,logistic_regression,lr-oulad-academic-fail-c105-s42-v5
ROC,0.19008640291041382,0.8180914512922465,0.26023002979328247,test,logistic_regression,lr-oulad-academic-fail-c105-s42-v5
ROC,0.19008640291041382,0.8190854870775348,0.26013866453155304,test,logistic_regression,lr-oulad-academic-fail-c105-s42-v5
ROC,0.19054115507048658,0.8190854870775348,0.2599696169045505,test,logistic_regression,lr-oulad-academic-fail-c105-s42-v5
ROC,0.19054115507048658,0.820079522862823,0.2597850815951031,test,logistic_regression,lr-oulad-academic-fail-c105-s42-v5
ROC,0.19099590723055934,0.820079522862823,0.25773067628425705,test,logistic_regression,lr-oulad-academic-fail-c105-s42-v5
ROC,0.19099590723055934,0.8210735586481114,0.2577276175225727,test,logistic_regression,lr-oulad-academic-fail-c105-s42-v5
ROC,0.1914506593906321,0.8210735586481114,0.2569155259349935,test,logistic_regression,lr-oulad-academic-fail-c105-s42-v5
ROC,0.1914506593906321,0.8240556660039762,0.2562603024689023,test,logistic_regression,lr-oulad-academic-fail-c105-s42-v5
ROC,0.19463392451114142,0.8240556660039762,0.2543635763242,test,logistic_regression,lr-oulad-academic-fail-c105-s42-v5
ROC,0.19463392451114142,0.8260437375745527,0.25374047986033316,test,logistic_regression,lr-oulad-academic-fail-c105-s42-v5
ROC,0.19508867667121418,0.8260437375745527,0.25361008348721875,test,logistic_regression,lr-oulad-academic-fail-c105-s42-v5
ROC,0.19508867667121418,0.827037773359841,0.2535489426855852,test,logistic_regression,lr-oulad-academic-fail-c105-s42-v5
ROC,0.1959981809913597,0.827037773359841,0.2533492025625417,test,logistic_regression,lr-oulad-academic-fail-c105-s42-v5
ROC,0.1959981809913597,0.8290258449304175,0.2532608824165043,test,logistic_regression,lr-oulad-academic-fail-c105-s42-v5
ROC,0.19690768531150524,0.8290258449304175,0.2523291663295709,test,logistic_regression,lr-oulad-academic-fail-c105-s42-v5
ROC,0.19690768531150524,0.8300198807157058,0.2519554776708014,test,logistic_regression,lr-oulad-academic-fail-c105-s42-v5
ROC,0.1996361982719418,0.8300198807157058,0.25039020481380103,test,logistic_regression,lr-oulad-academic-fail-c105-s42-v5
ROC,0.1996361982719418,0.831013916500994,0.24976021368096396,test,logistic_regression,lr-oulad-academic-fail-c105-s42-v5
ROC,0.20054570259208732,0.831013916500994,0.24822722773994751,test,logistic_regression,lr-oulad-academic-fail-c105-s42-v5
ROC,0.20054570259208732,0.8330019880715706,0.24754751584173124,test,logistic_regression,lr-oulad-academic-fail-c105-s42-v5
ROC,0.20145520691223284,0.8330019880715706,0.2464544302396113,test,logistic_regression,lr-oulad-academic-fail-c105-s42-v5
ROC,0.20145520691223284,0.8339960238568589,0.24617653782856677,test,logistic_regression,lr-oulad-academic-fail-c105-s42-v5
ROC,0.20600272851296045,0.8339960238568589,0.2425442167942246,test,logistic_regression,lr-oulad-academic-fail-c105-s42-v5
ROC,0.20600272851296045,0.8349900596421471,0.24248239194466134,test,logistic_regression,lr-oulad-academic-fail-c105-s42-v5
ROC,0.20691223283310595,0.8349900596421471,0.24220004841297768,test,logistic_regression,lr-oulad-academic-fail-c105-s42-v5
ROC,0.20691223283310595,0.8369781312127237,0.24099634572514783,test,logistic_regression,lr-oulad-academic-fail-c105-s42-v5
ROC,0.20782173715325147,0.8369781312127237,0.24074571549739449,test,logistic_regression,lr-oulad-academic-fail-c105-s42-v5
ROC,0.20782173715325147,0.8379721669980119,0.23989165072691768,test,logistic_regression,lr-oulad-academic-fail-c105-s42-v5
ROC,0.2100954979536153,0.8379721669980119,0.23914856183967187,test,logistic_regression,lr-oulad-academic-fail-c105-s42-v5
ROC,0.2100954979536153,0.8409542743538767,0.23873861609021374,test,logistic_regression,lr-oulad-academic-fail-c105-s42-v5
ROC,0.21191450659390632,0.8409542743538767,0.23810509090417342,test,logistic_regression,lr-oulad-academic-fail-c105-s42-v5
ROC,0.21191450659390632,0.8429423459244533,0.2372716209414797,test,logistic_regression,lr-oulad-academic-fail-c105-s42-v5
ROC,0.21236925875397908,0.8429423459244533,0.23707625030702348,test,logistic_regression,lr-oulad-academic-fail-c105-s42-v5
ROC,0.21236925875397908,0.8449304174950298,0.23589016249441544,test,logistic_regression,lr-oulad-academic-fail-c105-s42-v5
ROC,0.21282401091405184,0.8449304174950298,0.2354244297448729,test,logistic_regression,lr-oulad-academic-fail-c105-s42-v5
ROC,0.21282401091405184,0.8459244532803181,0.23531190978595865,test,logistic_regression,lr-oulad-academic-fail-c105-s42-v5
ROC,0.2155525238744884,0.8459244532803181,0.2330533648193121,test,logistic_regression,lr-oulad-academic-fail-c105-s42-v5
ROC,0.2155525238744884,0.8479125248508946,0.2323840612532933,test,logistic_regression,lr-oulad-academic-fail-c105-s42-v5
ROC,0.21646202819463392,0.8479125248508946,0.23187994973737022,test,logistic_regression,lr-oulad-academic-fail-c105-s42-v5
ROC,0.21646202819463392,0.8489065606361829,0.23186698436991138,test,logistic_regression,lr-oulad-academic-fail-c105-s42-v5
ROC,0.21964529331514324,0.8489065606361829,0.22895488237829836,test,logistic_regression,lr-oulad-academic-fail-c105-s42-v5
ROC,0.21964529331514324,0.8499005964214712,0.22876195651028045,test,logistic_regression,lr-oulad-academic-fail-c105-s42-v5
ROC,0.220100045475216,0.8499005964214712,0.22866424421735135,test,logistic_regression,lr-oulad-academic-fail-c105-s42-v5
ROC,0.220100045475216,0.8508946322067594,0.2285828389331662,test,logistic_regression,lr-oulad-academic-fail-c105-s42-v5
ROC,0.22328331059572534,0.8508946322067594,0.22609241938234498,test,logistic_regression,lr-oulad-academic-fail-c105-s42-v5
ROC,0.22328331059572534,0.8518886679920478,0.22604098615520654,test,logistic_regression,lr-oulad-academic-fail-c105-s42-v5
ROC,0.22510231923601637,0.8518886679920478,0.22537241606204084,test,logistic_regression,lr-oulad-academic-fail-c105-s42-v5
ROC,0.22510231923601637,0.852882703777336,0.22527456829738646,test,logistic_regression,lr-oulad-academic-fail-c105-s42-v5
ROC,0.22555707139608913,0.852882703777336,0.22519409256096545,test,logistic_regression,lr-oulad-academic-fail-c105-s42-v5
ROC,0.22555707139608913,0.8538767395626242,0.22518083573347875,test,logistic_regression,lr-oulad-academic-fail-c105-s42-v5
ROC,0.22646657571623466,0.8538767395626242,0.22440863174907455,test,logistic_regression,lr-oulad-academic-fail-c105-s42-v5
ROC,0.22646657571623466,0.8548707753479126,0.22420694322550233,test,logistic_regression,lr-oulad-academic-fail-c105-s42-v5
ROC,0.22964984083674397,0.8548707753479126,0.22202102750869665,test,logistic_regression,lr-oulad-academic-fail-c105-s42-v5
ROC,0.22964984083674397,0.8558648111332008,0.22185650788391714,test,logistic_regression,lr-oulad-academic-fail-c105-s42-v5
ROC,0.23374261027739882,0.8558648111332008,0.219798548835577,test,logistic_regression,lr-oulad-academic-fail-c105-s42-v5
ROC,0.23374261027739882,0.856858846918489,0.21950033130193686,test,logistic_regression,lr-oulad-academic-fail-c105-s42-v5
ROC,0.23692587539790813,0.856858846918489,0.21825820472208102,test,logistic_regression,lr-oulad-academic-fail-c105-s42-v5
ROC,0.23692587539790813,0.8578528827037774,0.2178436175962326,test,logistic_regression,lr-oulad-academic-fail-c105-s42-v5
ROC,0.23783537971805366,0.8578528827037774,0.21747386127240229,test,logistic_regression,lr-oulad-academic-fail-c105-s42-v5
ROC,0.23783537971805366,0.8588469184890656,0.21730001586366962,test,logistic_regression,lr-oulad-academic-fail-c105-s42-v5
ROC,0.23874488403819918,0.8588469184890656,0.21589105529145075,test,logistic_regression,lr-oulad-academic-fail-c105-s42-v5
ROC,0.23874488403819918,0.8608349900596421,0.21556987154622143,test,logistic_regression,lr-oulad-academic-fail-c105-s42-v5
ROC,0.24147339699863574,0.8608349900596421,0.21368695178330427,test,logistic_regression,lr-oulad-academic-fail-c105-s42-v5
ROC,0.24147339699863574,0.8618290258449304,0.2133329853130732,test,logistic_regression,lr-oulad-academic-fail-c105-s42-v5
ROC,0.24283765347885403,0.8618290258449304,0.2125829390227566,test,logistic_regression,lr-oulad-academic-fail-c105-s42-v5
ROC,0.24283765347885403,0.8638170974155069,0.21208675106519106,test,logistic_regression,lr-oulad-academic-fail-c105-s42-v5
ROC,0.24465666211914508,0.8638170974155069,0.2108995567002731,test,logistic_regression,lr-oulad-academic-fail-c105-s42-v5
ROC,0.24465666211914508,0.8648111332007953,0.21061944965617,test,logistic_regression,lr-oulad-academic-fail-c105-s42-v5
ROC,0.2464756707594361,0.8648111332007953,0.2094631311258612,test,logistic_regression,lr-oulad-academic-fail-c105-s42-v5
ROC,0.2464756707594361,0.8658051689860835,0.209359982801383,test,logistic_regression,lr-oulad-academic-fail-c105-s42-v5
ROC,0.24829467939972716,0.8658051689860835,0.20805791307477398,test,logistic_regression,lr-oulad-academic-fail-c105-s42-v5
ROC,0.24829467939972716,0.8667992047713717,0.20774883777472372,test,logistic_regression,lr-oulad-academic-fail-c105-s42-v5
ROC,0.24874943155979992,0.8667992047713717,0.20707475681847834,test,logistic_regression,lr-oulad-academic-fail-c105-s42-v5
ROC,0.24874943155979992,0.8687872763419483,0.20623505712993107,test,logistic_regression,lr-oulad-academic-fail-c105-s42-v5
ROC,0.252387448840382,0.8687872763419483,0.20427386372441125,test,logistic_regression,lr-oulad-academic-fail-c105-s42-v5
ROC,0.252387448840382,0.8707753479125249,0.20364257300150834,test,logistic_regression,lr-oulad-academic-fail-c105-s42-v5
ROC,0.2532969531605275,0.8707753479125249,0.20341508712667086,test,logistic_regression,lr-oulad-academic-fail-c105-s42-v5
ROC,0.2532969531605275,0.8727634194831014,0.20265677307428753,test,logistic_regression,lr-oulad-academic-fail-c105-s42-v5
ROC,0.2551159618008186,0.8727634194831014,0.2017632464149638,test,logistic_regression,lr-oulad-academic-fail-c105-s42-v5
ROC,0.2551159618008186,0.8737574552683897,0.20175032557536754,test,logistic_regression,lr-oulad-academic-fail-c105-s42-v5
ROC,0.25602546612096405,0.8737574552683897,0.2010258358299889,test,logistic_regression,lr-oulad-academic-fail-c105-s42-v5
ROC,0.25602546612096405,0.8757455268389662,0.20095089608167097,test,logistic_regression,lr-oulad-academic-fail-c105-s42-v5
ROC,0.25648021828103684,0.8757455268389662,0.20088731064002863,test,logistic_regression,lr-oulad-academic-fail-c105-s42-v5
ROC,0.25648021828103684,0.8767395626242545,0.2008427871303694,test,logistic_regression,lr-oulad-academic-fail-c105-s42-v5
ROC,0.25966348340154616,0.8767395626242545,0.1998473574918236,test,logistic_regression,lr-oulad-academic-fail-c105-s42-v5
ROC,0.25966348340154616,0.8777335984095428,0.19966349656161095,test,logistic_regression,lr-oulad-academic-fail-c105-s42-v5
ROC,0.2614824920418372,0.8777335984095428,0.19811781835818323,test,logistic_regression,lr-oulad-academic-fail-c105-s42-v5
ROC,0.2614824920418372,0.878727634194831,0.1978311129213399,test,logistic_regression,lr-oulad-academic-fail-c105-s42-v5
ROC,0.26512050932241926,0.878727634194831,0.19570106369464768,test,logistic_regression,lr-oulad-academic-fail-c105-s42-v5
ROC,0.26512050932241926,0.8807157057654076,0.19528666825426325,test,logistic_regression,lr-oulad-academic-fail-c105-s42-v5
ROC,0.2696680309231469,0.8807157057654076,0.1927340886258058,test,logistic_regression,lr-oulad-academic-fail-c105-s42-v5
ROC,0.2696680309231469,0.8817097415506958,0.1922280248572932,test,logistic_regression,lr-oulad-academic-fail-c105-s42-v5
ROC,0.2728512960436562,0.8817097415506958,0.19087875983042726,test,logistic_regression,lr-oulad-academic-fail-c105-s42-v5
ROC,0.2728512960436562,0.882703777335984,0.19079780581495417,test,logistic_regression,lr-oulad-academic-fail-c105-s42-v5
ROC,0.27376080036380174,0.882703777335984,0.1902568139434157,test,logistic_regression,lr-oulad-academic-fail-c105-s42-v5
ROC,0.27376080036380174,0.8836978131212724,0.18998299104725805,test,logistic_regression,lr-oulad-academic-fail-c105-s42-v5
ROC,0.27467030468394726,0.8836978131212724,0.18985880932680377,test,logistic_regression,lr-oulad-academic-fail-c105-s42-v5
ROC,0.27467030468394726,0.8846918489065606,0.18981879698504042,test,logistic_regression,lr-oulad-academic-fail-c105-s42-v5
ROC,0.27694406548431105,0.8846918489065606,0.18878859797780717,test,logistic_regression,lr-oulad-academic-fail-c105-s42-v5
ROC,0.27694406548431105,0.885685884691849,0.18866653552167675,test,logistic_regression,lr-oulad-academic-fail-c105-s42-v5
ROC,0.2773988176443838,0.885685884691849,0.18847780459097035,test,logistic_regression,lr-oulad-academic-fail-c105-s42-v5
ROC,0.2773988176443838,0.8866799204771372,0.18708456091198658,test,logistic_regression,lr-oulad-academic-fail-c105-s42-v5
ROC,0.27967257844474763,0.8866799204771372,0.1863551065182843,test,logistic_regression,lr-oulad-academic-fail-c105-s42-v5
ROC,0.27967257844474763,0.8876739562624254,0.18621627767739002,test,logistic_regression,lr-oulad-academic-fail-c105-s42-v5
ROC,0.28149158708503863,0.8876739562624254,0.18559015678091856,test,logistic_regression,lr-oulad-academic-fail-c105-s42-v5
ROC,0.28149158708503863,0.8886679920477137,0.18545531640769355,test,logistic_regression,lr-oulad-academic-fail-c105-s42-v5
ROC,0.28285584356525695,0.8886679920477137,0.18478076403951302,test,logistic_regression,lr-oulad-academic-fail-c105-s42-v5
ROC,0.28285584356525695,0.889662027833002,0.18462827204378038,test,logistic_regression,lr-oulad-academic-fail-c105-s42-v5
ROC,0.2892223738062756,0.889662027833002,0.18127061089818888,test,logistic_regression,lr-oulad-academic-fail-c105-s42-v5
ROC,0.2892223738062756,0.8906560636182903,0.18119892244525487,test,logistic_regression,lr-oulad-academic-fail-c105-s42-v5
ROC,0.29058663028649384,0.8906560636182903,0.18101427304461443,test,logistic_regression,lr-oulad-academic-fail-c105-s42-v5
ROC,0.29058663028649384,0.8916500994035785,0.1809727469239271,test,logistic_regression,lr-oulad-academic-fail-c105-s42-v5
ROC,0.29104138244656663,0.8916500994035785,0.18093403571178593,test,logistic_regression,lr-oulad-academic-fail-c105-s42-v5
ROC,0.29104138244656663,0.8936381709741551,0.1807512747217938,test,logistic_regression,lr-oulad-academic-fail-c105-s42-v5
ROC,0.2924056389267849,0.8936381709741551,0.1798172899887823,test,logistic_regression,lr-oulad-academic-fail-c105-s42-v5
ROC,0.2924056389267849,0.8946322067594433,0.17957627523245845,test,logistic_regression,lr-oulad-academic-fail-c105-s42-v5
ROC,0.2951341518872215,0.8946322067594433,0.17870032365444313,test,logistic_regression,lr-oulad-academic-fail-c105-s42-v5
ROC,0.2951341518872215,0.8966202783300199,0.17849141804159094,test,logistic_regression,lr-oulad-academic-fail-c105-s42-v5
ROC,0.29740791268758526,0.8966202783300199,0.17786048644964897,test,logistic_regression,lr-oulad-academic-fail-c105-s42-v5
ROC,0.29740791268758526,0.8976143141153081,0.1775082340529274,test,logistic_regression,lr-oulad-academic-fail-c105-s42-v5
ROC,0.29786266484765805,0.8976143141153081,0.1771617667224392,test,logistic_regression,lr-oulad-academic-fail-c105-s42-v5
ROC,0.29786266484765805,0.8986083499005965,0.1770747358582537,test,logistic_regression,lr-oulad-academic-fail-c105-s42-v5
ROC,0.3019554342883129,0.8986083499005965,0.17520512751301193,test,logistic_regression,lr-oulad-academic-fail-c105-s42-v5
ROC,0.3019554342883129,0.8996023856858847,0.17497288427239002,test,logistic_regression,lr-oulad-academic-fail-c105-s42-v5
ROC,0.30241018644838563,0.8996023856858847,0.17465345483970002,test,logistic_regression,lr-oulad-academic-fail-c105-s42-v5
ROC,0.30241018644838563,0.9005964214711729,0.17434076635444012,test,logistic_regression,lr-oulad-academic-fail-c105-s42-v5
ROC,0.3051386994088222,0.9005964214711729,0.1727802485488568,test,logistic_regression,lr-oulad-academic-fail-c105-s42-v5
ROC,0.3051386994088222,0.9015904572564613,0.17218264668312264,test,logistic_regression,lr-oulad-academic-fail-c105-s42-v5
ROC,0.30923146884947705,0.9015904572564613,0.17031198232973965,test,logistic_regression,lr-oulad-academic-fail-c105-s42-v5
ROC,0.30923146884947705,0.9025844930417495,0.17011757056579202,test,logistic_regression,lr-oulad-academic-fail-c105-s42-v5
ROC,0.3142337426102774,0.9025844930417495,0.16664328410724627,test,logistic_regression,lr-oulad-academic-fail-c105-s42-v5
ROC,0.3142337426102774,0.9035785288270378,0.16649273438185835,test,logistic_regression,lr-oulad-academic-fail-c105-s42-v5
ROC,0.31923601637107774,0.9035785288270378,0.16442892098965806,test,logistic_regression,lr-oulad-academic-fail-c105-s42-v5
ROC,0.31923601637107774,0.904572564612326,0.16439476030831396,test,logistic_regression,lr-oulad-academic-fail-c105-s42-v5
ROC,0.3224192814915871,0.904572564612326,0.1632234663346522,test,logistic_regression,lr-oulad-academic-fail-c105-s42-v5
ROC,0.3224192814915871,0.9065606361829026,0.1628678024474085,test,logistic_regression,lr-oulad-academic-fail-c105-s42-v5
ROC,0.3274215552523875,0.9065606361829026,0.15987409392426213,test,logistic_regression,lr-oulad-academic-fail-c105-s42-v5
ROC,0.3274215552523875,0.9075546719681908,0.15980549769026864,test,logistic_regression,lr-oulad-academic-fail-c105-s42-v5
ROC,0.3337880854934061,0.9075546719681908,0.15676079950403263,test,logistic_regression,lr-oulad-academic-fail-c105-s42-v5
ROC,0.3337880854934061,0.9085487077534792,0.1561260625590891,test,logistic_regression,lr-oulad-academic-fail-c105-s42-v5
ROC,0.33560709413369716,0.9085487077534792,0.15587243966761416,test,logistic_regression,lr-oulad-academic-fail-c105-s42-v5
ROC,0.33560709413369716,0.9105367793240556,0.15564934781664821,test,logistic_regression,lr-oulad-academic-fail-c105-s42-v5
ROC,0.33742610277398816,0.9105367793240556,0.1533888635132654,test,logistic_regression,lr-oulad-academic-fail-c105-s42-v5
ROC,0.33742610277398816,0.911530815109344,0.15309869976146265,test,logistic_regression,lr-oulad-academic-fail-c105-s42-v5
ROC,0.3383356070941337,0.911530815109344,0.15262036554956177,test,logistic_regression,lr-oulad-academic-fail-c105-s42-v5
ROC,0.3383356070941337,0.9125248508946322,0.15249081337123255,test,logistic_regression,lr-oulad-academic-fail-c105-s42-v5
ROC,0.3428831286948613,0.9125248508946322,0.15097975515059023,test,logistic_regression,lr-oulad-academic-fail-c105-s42-v5
ROC,0.3428831286948613,0.9135188866799204,0.1508306966402262,test,logistic_regression,lr-oulad-academic-fail-c105-s42-v5
ROC,0.34606639381537063,0.9135188866799204,0.14868927668957616,test,logistic_regression,lr-oulad-academic-fail-c105-s42-v5
ROC,0.34606639381537063,0.9165009940357853,0.14786475068370047,test,logistic_regression,lr-oulad-academic-fail-c105-s42-v5
ROC,0.34697589813551616,0.9165009940357853,0.1474195270398936,test,logistic_regression,lr-oulad-academic-fail-c105-s42-v5
ROC,0.34697589813551616,0.9184890656063618,0.14716540129466354,test,logistic_regression,lr-oulad-academic-fail-c105-s42-v5
ROC,0.3556161891768986,0.9184890656063618,0.1429089913547639,test,logistic_regression,lr-oulad-academic-fail-c105-s42-v5
ROC,0.3556161891768986,0.9194831013916501,0.14277726255364506,test,logistic_regression,lr-oulad-academic-fail-c105-s42-v5
ROC,0.3565256934970441,0.9194831013916501,0.14227682239268824,test,logistic_regression,lr-oulad-academic-fail-c105-s42-v5
ROC,0.3565256934970441,0.9214711729622267,0.1419893177540915,test,logistic_regression,lr-oulad-academic-fail-c105-s42-v5
ROC,0.3587994542974079,0.9214711729622267,0.14138417100418968,test,logistic_regression,lr-oulad-academic-fail-c105-s42-v5
ROC,0.3587994542974079,0.9224652087475149,0.1408958900488241,test,logistic_regression,lr-oulad-academic-fail-c105-s42-v5
ROC,0.3647112323783538,0.9224652087475149,0.13930623241392512,test,logistic_regression,lr-oulad-academic-fail-c105-s42-v5
ROC,0.3647112323783538,0.9234592445328031,0.13928166194292907,test,logistic_regression,lr-oulad-academic-fail-c105-s42-v5
ROC,0.36971350613915416,0.9234592445328031,0.1374400822499082,test,logistic_regression,lr-oulad-academic-fail-c105-s42-v5
ROC,0.36971350613915416,0.9244532803180915,0.13737376880330723,test,logistic_regression,lr-oulad-academic-fail-c105-s42-v5
ROC,0.3715325147794452,0.9244532803180915,0.13686088238593394,test,logistic_regression,lr-oulad-academic-fail-c105-s42-v5
ROC,0.3715325147794452,0.9254473161033797,0.136803564665857,test,logistic_regression,lr-oulad-academic-fail-c105-s42-v5
ROC,0.373806275579809,0.9254473161033797,0.13646359460516766,test,logistic_regression,lr-oulad-academic-fail-c105-s42-v5
ROC,0.373806275579809,0.9264413518886679,0.13645506041448072,test,logistic_regression,lr-oulad-academic-fail-c105-s42-v5
ROC,0.3760800363801728,0.9264413518886679,0.13571920564660814,test,logistic_regression,lr-oulad-academic-fail-c105-s42-v5
ROC,0.3760800363801728,0.9304174950298211,0.13521161576245677,test,logistic_regression,lr-oulad-academic-fail-c105-s42-v5
ROC,0.37880854934060937,0.9304174950298211,0.1342493836061474,test,logistic_regression,lr-oulad-academic-fail-c105-s42-v5
ROC,0.37880854934060937,0.9314115308151093,0.1339769074016355,test,logistic_regression,lr-oulad-academic-fail-c105-s42-v5
ROC,0.3856298317417008,0.9314115308151093,0.132408248113309,test,logistic_regression,lr-oulad-academic-fail-c105-s42-v5
ROC,0.3856298317417008,0.9324055666003976,0.13228554545638493,test,logistic_regression,lr-oulad-academic-fail-c105-s42-v5
ROC,0.3860845839017735,0.9324055666003976,0.13198517579546604,test,logistic_regression,lr-oulad-academic-fail-c105-s42-v5
ROC,0.3860845839017735,0.9343936381709742,0.13179411149516082,test,logistic_regression,lr-oulad-academic-fail-c105-s42-v5
ROC,0.3942701227830832,0.9343936381709742,0.12856685466086482,test,logistic_regression,lr-oulad-academic-fail-c105-s42-v5
ROC,0.3942701227830832,0.9353876739562624,0.12851617439984228,test,logistic_regression,lr-oulad-academic-fail-c105-s42-v5
ROC,0.4115507048658481,0.9353876739562624,0.12370292802682178,test,logistic_regression,lr-oulad-academic-fail-c105-s42-v5
ROC,0.4115507048658481,0.9363817097415507,0.12369657824512495,test,logistic_regression,lr-oulad-academic-fail-c105-s42-v5
ROC,0.4183719872669395,0.9363817097415507,0.12187581411097258,test,logistic_regression,lr-oulad-academic-fail-c105-s42-v5
ROC,0.4183719872669395,0.937375745526839,0.12160290002249369,test,logistic_regression,lr-oulad-academic-fail-c105-s42-v5
ROC,0.41882673942701226,0.937375745526839,0.12151681941400387,test,logistic_regression,lr-oulad-academic-fail-c105-s42-v5
ROC,0.41882673942701226,0.9383697813121272,0.12145117834128247,test,logistic_regression,lr-oulad-academic-fail-c105-s42-v5
ROC,0.4201909959072306,0.9383697813121272,0.1211574102667288,test,logistic_regression,lr-oulad-academic-fail-c105-s42-v5
ROC,0.4201909959072306,0.9393638170974155,0.12100688809517658,test,logistic_regression,lr-oulad-academic-fail-c105-s42-v5
ROC,0.4229195088676671,0.9393638170974155,0.11958833441112869,test,logistic_regression,lr-oulad-academic-fail-c105-s42-v5
ROC,0.4229195088676671,0.9403578528827038,0.11955964623294217,test,logistic_regression,lr-oulad-academic-fail-c105-s42-v5
ROC,0.428831286948613,0.9403578528827038,0.11760601124790407,test,logistic_regression,lr-oulad-academic-fail-c105-s42-v5
ROC,0.428831286948613,0.941351888667992,0.11737421033231032,test,logistic_regression,lr-oulad-academic-fail-c105-s42-v5
ROC,0.43019554342883126,0.941351888667992,0.1171066436203882,test,logistic_regression,lr-oulad-academic-fail-c105-s42-v5
ROC,0.43019554342883126,0.9433399602385686,0.11694879602040248,test,logistic_regression,lr-oulad-academic-fail-c105-s42-v5
ROC,0.4370168258299227,0.9433399602385686,0.11549205545883036,test,logistic_regression,lr-oulad-academic-fail-c105-s42-v5
ROC,0.4370168258299227,0.9443339960238568,0.1147463052983895,test,logistic_regression,lr-oulad-academic-fail-c105-s42-v5
ROC,0.4379263301500682,0.9443339960238568,0.11452516360282618,test,logistic_regression,lr-oulad-academic-fail-c105-s42-v5
ROC,0.4379263301500682,0.9453280318091452,0.11426242426039925,test,logistic_regression,lr-oulad-academic-fail-c105-s42-v5
ROC,0.4438381082310141,0.9453280318091452,0.11211156012254002,test,logistic_regression,lr-oulad-academic-fail-c105-s42-v5
ROC,0.4438381082310141,0.9463220675944334,0.1117643610720877,test,logistic_regression,lr-oulad-academic-fail-c105-s42-v5
ROC,0.44429286039108684,0.9463220675944334,0.11146342285627321,test,logistic_regression,lr-oulad-academic-fail-c105-s42-v5
ROC,0.44429286039108684,0.9473161033797217,0.11141239034998304,test,logistic_regression,lr-oulad-academic-fail-c105-s42-v5
ROC,0.4470213733515234,0.9473161033797217,0.11042800442659173,test,logistic_regression,lr-oulad-academic-fail-c105-s42-v5
ROC,0.4470213733515234,0.94831013916501,0.11040603081164023,test,logistic_regression,lr-oulad-academic-fail-c105-s42-v5
ROC,0.4506593906321055,0.94831013916501,0.10870182146998157,test,logistic_regression,lr-oulad-academic-fail-c105-s42-v5
ROC,0.4506593906321055,0.9493041749502982,0.10865581848791356,test,logistic_regression,lr-oulad-academic-fail-c105-s42-v5
ROC,0.4656662119145066,0.9493041749502982,0.10471304785301201,test,logistic_regression,lr-oulad-academic-fail-c105-s42-v5
ROC,0.4656662119145066,0.9502982107355865,0.10462613935055906,test,logistic_regression,lr-oulad-academic-fail-c105-s42-v5
ROC,0.46748522055479763,0.9502982107355865,0.10404237609154114,test,logistic_regression,lr-oulad-academic-fail-c105-s42-v5
ROC,0.46748522055479763,0.9512922465208747,0.10403142905846528,test,logistic_regression,lr-oulad-academic-fail-c105-s42-v5
ROC,0.4874943155979991,0.9512922465208747,0.09715870887997859,test,logistic_regression,lr-oulad-academic-fail-c105-s42-v5
ROC,0.4874943155979991,0.952286282306163,0.09702338895591109,test,logistic_regression,lr-oulad-academic-fail-c105-s42-v5
ROC,0.4920418371987267,0.952286282306163,0.09566777145232803,test,logistic_regression,lr-oulad-academic-fail-c105-s42-v5
ROC,0.4920418371987267,0.9532803180914513,0.09562863351258774,test,logistic_regression,lr-oulad-academic-fail-c105-s42-v5
ROC,0.5038653933606184,0.9532803180914513,0.09250281300207486,test,logistic_regression,lr-oulad-academic-fail-c105-s42-v5
ROC,0.5038653933606184,0.9542743538767395,0.0925009462160325,test,logistic_regression,lr-oulad-academic-fail-c105-s42-v5
ROC,0.5056844020009095,0.9542743538767395,0.09217024015139863,test,logistic_regression,lr-oulad-academic-fail-c105-s42-v5
ROC,0.5056844020009095,0.9552683896620279,0.09210587194876249,test,logistic_regression,lr-oulad-academic-fail-c105-s42-v5
ROC,0.5134151887221464,0.9552683896620279,0.09040741270639605,test,logistic_regression,lr-oulad-academic-fail-c105-s42-v5
ROC,0.5134151887221464,0.9562624254473161,0.09038227177321334,test,logistic_regression,lr-oulad-academic-fail-c105-s42-v5
ROC,0.5270577535243293,0.9562624254473161,0.08696428662106395,test,logistic_regression,lr-oulad-academic-fail-c105-s42-v5
ROC,0.5270577535243293,0.9572564612326043,0.08694501941230762,test,logistic_regression,lr-oulad-academic-fail-c105-s42-v5
ROC,0.542519326966803,0.9572564612326043,0.08381830978920565,test,logistic_regression,lr-oulad-academic-fail-c105-s42-v5
ROC,0.542519326966803,0.9582504970178927,0.08377359920708016,test,logistic_regression,lr-oulad-academic-fail-c105-s42-v5
ROC,0.5434288312869486,0.9582504970178927,0.08350956355646011,test,logistic_regression,lr-oulad-academic-fail-c105-s42-v5
ROC,0.5434288312869486,0.9592445328031809,0.08343503253668658,test,logistic_regression,lr-oulad-academic-fail-c105-s42-v5
ROC,0.5452478399272397,0.9592445328031809,0.08313842516844422,test,logistic_regression,lr-oulad-academic-fail-c105-s42-v5
ROC,0.5452478399272397,0.9602385685884692,0.0830957418795596,test,logistic_regression,lr-oulad-academic-fail-c105-s42-v5
ROC,0.5516143701682583,0.9602385685884692,0.08216617690442156,test,logistic_regression,lr-oulad-academic-fail-c105-s42-v5
ROC,0.5516143701682583,0.9612326043737575,0.08208594216921357,test,logistic_regression,lr-oulad-academic-fail-c105-s42-v5
ROC,0.5534333788085494,0.9612326043737575,0.08167362089867315,test,logistic_regression,lr-oulad-academic-fail-c105-s42-v5
ROC,0.5534333788085494,0.9622266401590457,0.08161268639152845,test,logistic_regression,lr-oulad-academic-fail-c105-s42-v5
ROC,0.5575261482492042,0.9622266401590457,0.08053602490267765,test,logistic_regression,lr-oulad-academic-fail-c105-s42-v5
ROC,0.5575261482492042,0.963220675944334,0.08053065675769057,test,logistic_regression,lr-oulad-academic-fail-c105-s42-v5
ROC,0.5593451568894953,0.963220675944334,0.08025836523343652,test,logistic_regression,lr-oulad-academic-fail-c105-s42-v5
ROC,0.5593451568894953,0.9642147117296223,0.08011370362137946,test,logistic_regression,lr-oulad-academic-fail-c105-s42-v5
ROC,0.5652569349704412,0.9642147117296223,0.07754866265026608,test,logistic_regression,lr-oulad-academic-fail-c105-s42-v5
ROC,0.5652569349704412,0.9652087475149106,0.07741953086635922,test,logistic_regression,lr-oulad-academic-fail-c105-s42-v5
ROC,0.5661664392905866,0.9652087475149106,0.0773568238292943,test,logistic_regression,lr-oulad-academic-fail-c105-s42-v5
ROC,0.5661664392905866,0.9662027833001988,0.07730882796185168,test,logistic_regression,lr-oulad-academic-fail-c105-s42-v5
ROC,0.5666211914506594,0.9662027833001988,0.0768060148117654,test,logistic_regression,lr-oulad-academic-fail-c105-s42-v5
ROC,0.5666211914506594,0.967196819085487,0.07675938415244879,test,logistic_regression,lr-oulad-academic-fail-c105-s42-v5
ROC,0.5802637562528422,0.967196819085487,0.07442503489473085,test,logistic_regression,lr-oulad-academic-fail-c105-s42-v5
ROC,0.5802637562528422,0.9681908548707754,0.07430497573500834,test,logistic_regression,lr-oulad-academic-fail-c105-s42-v5
ROC,0.6120964074579355,0.9681908548707754,0.06746862631916863,test,logistic_regression,lr-oulad-academic-fail-c105-s42-v5
ROC,0.6120964074579355,0.9691848906560636,0.06733148347028066,test,logistic_regression,lr-oulad-academic-fail-c105-s42-v5
ROC,0.6125511596180082,0.9691848906560636,0.06731360516238212,test,logistic_regression,lr-oulad-academic-fail-c105-s42-v5
ROC,0.6125511596180082,0.9701789264413518,0.06722836473209372,test,logistic_regression,lr-oulad-academic-fail-c105-s42-v5
ROC,0.6134606639381537,0.9701789264413518,0.06702081134247966,test,logistic_regression,lr-oulad-academic-fail-c105-s42-v5
ROC,0.6134606639381537,0.9711729622266402,0.0668364197217056,test,logistic_regression,lr-oulad-academic-fail-c105-s42-v5
ROC,0.6198271941791723,0.9711729622266402,0.0658022167554709,test,logistic_regression,lr-oulad-academic-fail-c105-s42-v5
ROC,0.6198271941791723,0.9721669980119284,0.06561823935654598,test,logistic_regression,lr-oulad-academic-fail-c105-s42-v5
ROC,0.6257389722601182,0.9721669980119284,0.06494185930424662,test,logistic_regression,lr-oulad-academic-fail-c105-s42-v5
ROC,0.6257389722601182,0.9731610337972167,0.06489709797335574,test,logistic_regression,lr-oulad-academic-fail-c105-s42-v5
ROC,0.6334697589813552,0.9731610337972167,0.0632973707415718,test,logistic_regression,lr-oulad-academic-fail-c105-s42-v5
ROC,0.6334697589813552,0.974155069582505,0.06327548338112984,test,logistic_regression,lr-oulad-academic-fail-c105-s42-v5
ROC,0.662119145065939,0.974155069582505,0.0577475697010452,test,logistic_regression,lr-oulad-academic-fail-c105-s42-v5
ROC,0.662119145065939,0.9751491053677932,0.05773592374385348,test,logistic_regression,lr-oulad-academic-fail-c105-s42-v5
ROC,0.6816734879490678,0.9751491053677932,0.05544786329043265,test,logistic_regression,lr-oulad-academic-fail-c105-s42-v5
ROC,0.6816734879490678,0.9761431411530815,0.05523779188682803,test,logistic_regression,lr-oulad-academic-fail-c105-s42-v5
ROC,0.6839472487494316,0.9761431411530815,0.054712356428238906,test,logistic_regression,lr-oulad-academic-fail-c105-s42-v5
ROC,0.6839472487494316,0.9771371769383698,0.05468790635106641,test,logistic_regression,lr-oulad-academic-fail-c105-s42-v5
ROC,0.6948613005911778,0.9771371769383698,0.05264848341560754,test,logistic_regression,lr-oulad-academic-fail-c105-s42-v5
ROC,0.6948613005911778,0.9791252485089463,0.052476979760388835,test,logistic_regression,lr-oulad-academic-fail-c105-s42-v5
ROC,0.7312414733969986,0.9791252485089463,0.04566358829299375,test,logistic_regression,lr-oulad-academic-fail-c105-s42-v5
ROC,0.7312414733969986,0.9801192842942346,0.04557606437031441,test,logistic_regression,lr-oulad-academic-fail-c105-s42-v5
ROC,0.7371532514779445,0.9801192842942346,0.045039884402985404,test,logistic_regression,lr-oulad-academic-fail-c105-s42-v5
ROC,0.7371532514779445,0.9811133200795229,0.0450020809557558,test,logistic_regression,lr-oulad-academic-fail-c105-s42-v5
ROC,0.7376080036380173,0.9811133200795229,0.04485698144460633,test,logistic_regression,lr-oulad-academic-fail-c105-s42-v5
ROC,0.7376080036380173,0.9821073558648111,0.04470361012235688,test,logistic_regression,lr-oulad-academic-fail-c105-s42-v5
ROC,0.7394270122783083,0.9821073558648111,0.044606499196603304,test,logistic_regression,lr-oulad-academic-fail-c105-s42-v5
ROC,0.7394270122783083,0.9831013916500994,0.04457692831785485,test,logistic_regression,lr-oulad-academic-fail-c105-s42-v5
ROC,0.7480673033196907,0.9831013916500994,0.04246875797651968,test,logistic_regression,lr-oulad-academic-fail-c105-s42-v5
ROC,0.7480673033196907,0.9840954274353877,0.042423776143805346,test,logistic_regression,lr-oulad-academic-fail-c105-s42-v5
ROC,0.7753524329240564,0.9840954274353877,0.037693060081700695,test,logistic_regression,lr-oulad-academic-fail-c105-s42-v5
ROC,0.7753524329240564,0.9850894632206759,0.03768991868892702,test,logistic_regression,lr-oulad-academic-fail-c105-s42-v5
ROC,0.778080945884493,0.9850894632206759,0.037119634882657654,test,logistic_regression,lr-oulad-academic-fail-c105-s42-v5
ROC,0.778080945884493,0.9860834990059643,0.03704592261989108,test,logistic_regression,lr-oulad-academic-fail-c105-s42-v5
ROC,0.793087767166894,0.9860834990059643,0.035062425349420355,test,logistic_regression,lr-oulad-academic-fail-c105-s42-v5
ROC,0.793087767166894,0.9870775347912525,0.035055091205834686,test,logistic_regression,lr-oulad-academic-fail-c105-s42-v5
ROC,0.794906775807185,0.9870775347912525,0.03477184349520843,test,logistic_regression,lr-oulad-academic-fail-c105-s42-v5
ROC,0.794906775807185,0.9880715705765407,0.03457168909342951,test,logistic_regression,lr-oulad-academic-fail-c105-s42-v5
ROC,0.802637562528422,0.9880715705765407,0.033090533810228154,test,logistic_regression,lr-oulad-academic-fail-c105-s42-v5
ROC,0.802637562528422,0.989065606361829,0.033010497589671874,test,logistic_regression,lr-oulad-academic-fail-c105-s42-v5
ROC,0.8062755798090041,0.989065606361829,0.032353988968503354,test,logistic_regression,lr-oulad-academic-fail-c105-s42-v5
ROC,0.8062755798090041,0.9900596421471173,0.03233336630544775,test,logistic_regression,lr-oulad-academic-fail-c105-s42-v5
ROC,0.8090040927694406,0.9900596421471173,0.031856358538351795,test,logistic_regression,lr-oulad-academic-fail-c105-s42-v5
ROC,0.8090040927694406,0.9910536779324056,0.031483734453961944,test,logistic_regression,lr-oulad-academic-fail-c105-s42-v5
ROC,0.810368349249659,0.9910536779324056,0.031363011183951156,test,logistic_regression,lr-oulad-academic-fail-c105-s42-v5
ROC,0.810368349249659,0.9920477137176938,0.03132697240792493,test,logistic_regression,lr-oulad-academic-fail-c105-s42-v5
ROC,0.819918144611187,0.9920477137176938,0.030263808722633723,test,logistic_regression,lr-oulad-academic-fail-c105-s42-v5
ROC,0.819918144611187,0.9930417495029821,0.02999902398918294,test,logistic_regression,lr-oulad-academic-fail-c105-s42-v5
ROC,0.8408367439745339,0.9930417495029821,0.027099493454882332,test,logistic_regression,lr-oulad-academic-fail-c105-s42-v5
ROC,0.8408367439745339,0.9940357852882704,0.02704160282105657,test,logistic_regression,lr-oulad-academic-fail-c105-s42-v5
ROC,0.8649386084583902,0.9940357852882704,0.024098825374280243,test,logistic_regression,lr-oulad-academic-fail-c105-s42-v5
ROC,0.8649386084583902,0.9950298210735586,0.024083138615940712,test,logistic_regression,lr-oulad-academic-fail-c105-s42-v5
ROC,0.8844929513415188,0.9950298210735586,0.021841455995697343,test,logistic_regression,lr-oulad-academic-fail-c105-s42-v5
ROC,0.8844929513415188,0.9960238568588469,0.021806139953358644,test,logistic_regression,lr-oulad-academic-fail-c105-s42-v5
ROC,0.9122328331059573,0.9960238568588469,0.018735117147313272,test,logistic_regression,lr-oulad-academic-fail-c105-s42-v5
ROC,0.9122328331059573,0.9970178926441352,0.018607818847886214,test,logistic_regression,lr-oulad-academic-fail-c105-s42-v5
ROC,0.9208731241473397,0.9970178926441352,0.017394740274371438,test,logistic_regression,lr-oulad-academic-fail-c105-s42-v5
ROC,0.9208731241473397,0.9980119284294234,0.017242789557568302,test,logistic_regression,lr-oulad-academic-fail-c105-s42-v5
ROC,0.9236016371077762,0.9980119284294234,0.01682743949174664,test,logistic_regression,lr-oulad-academic-fail-c105-s42-v5
ROC,0.9236016371077762,0.9990059642147118,0.016771011911343923,test,logistic_regression,lr-oulad-academic-fail-c105-s42-v5
ROC,0.9718053660754888,0.9990059642147118,0.009371899366264562,test,logistic_regression,lr-oulad-academic-fail-c105-s42-v5
ROC,0.9718053660754888,1.0,0.00935994033511038,test,logistic_regression,lr-oulad-academic-fail-c105-s42-v5
ROC,1.0,1.0,0.002005684659059041,test,logistic_regression,lr-oulad-academic-fail-c105-s42-v5
Precision-Recall,1.0,0.31388455538221527,0.002005684659059041,test,logistic_regression,lr-oulad-academic-fail-c105-s42-v5
Precision-Recall,1.0,0.3139825218476904,0.0026519814489418918,test,logistic_regression,lr-oulad-academic-fail-c105-s42-v5
Precision-Recall,1.0,0.3140805494848579,0.002862640414361048,test,logistic_regression,lr-oulad-academic-fail-c105-s42-v5
Precision-Recall,1.0,0.3141786383510306,0.0030661116139974226,test,logistic_regression,lr-oulad-academic-fail-c105-s42-v5
Precision-Recall,1.0,0.31427678850359264,0.0036813132053542526,test,logistic_regression,lr-oulad-academic-fail-c105-s42-v5
Precision-Recall,1.0,0.314375,0.0037444884781449982,test,logistic_regression,lr-oulad-academic-fail-c105-s42-v5
Precision-Recall,1.0,0.31447327289778054,0.003756738577107566,test,logistic_regression,lr-oulad-academic-fail-c105-s42-v5
Precision-Recall,1.0,0.3145716072545341,0.003791977366304917,test,logistic_regression,lr-oulad-academic-fail-c105-s42-v5
Precision-Recall,1.0,0.3146700031279324,0.003864039017191603,test,logistic_regression,lr-oulad-academic-fail-c105-s42-v5
Precision-Recall,1.0,0.31476846057571967,0.003918419550181035,test,logistic_regression,lr-oulad-academic-fail-c105-s42-v5
Precision-Recall,1.0,0.31486697965571203,0.0039309911565473905,test,logistic_regression,lr-oulad-academic-fail-c105-s42-v5
Precision-Recall,1.0,0.3149655604257984,0.003982956382340061,test,logistic_regression,lr-oulad-academic-fail-c105-s42-v5
Precision-Recall,1.0,0.3150642029439399,0.004311790949519678,test,logistic_regression,lr-oulad-academic-fail-c105-s42-v5
Precision-Recall,1.0,0.3151629072681704,0.00455597135516354,test,logistic_regression,lr-oulad-academic-fail-c105-s42-v5
Precision-Recall,1.0,0.31526167345659667,0.004571471799939704,test,logistic_regression,lr-oulad-academic-fail-c105-s42-v5
Precision-Recall,1.0,0.31536050156739814,0.004600134186403894,test,logistic_regression,lr-oulad-academic-fail-c105-s42-v5
Precision-Recall,1.0,0.3154593916588272,0.004624567821605726,test,logistic_regression,lr-oulad-academic-fail-c105-s42-v5
Precision-Recall,1.0,0.31555834378920955,0.0049761999614573215,test,logistic_regression,lr-oulad-academic-fail-c105-s42-v5
Precision-Recall,1.0,0.31565735801694383,0.005118682992885396,test,logistic_regression,lr-oulad-academic-fail-c105-s42-v5
Precision-Recall,1.0,0.3157564344005022,0.005236054518907548,test,logistic_regression,lr-oulad-academic-fail-c105-s42-v5
Precision-Recall,1.0,0.31585557299843015,0.005249460799326331,test,logistic_regression,lr-oulad-academic-fail-c105-s42-v5
Precision-Recall,1.0,0.31595477386934673,0.005319214849765183,test,logistic_regression,lr-oulad-academic-fail-c105-s42-v5
Precision-Recall,1.0,0.3160540370719447,0.005331426718069454,test,logistic_regression,lr-oulad-academic-fail-c105-s42-v5
Precision-Recall,1.0,0.31615336266499056,0.005422347224226038,test,logistic_regression,lr-oulad-academic-fail-c105-s42-v5
Precision-Recall,1.0,0.3162527507073247,0.005440029689351209,test,logistic_regression,lr-oulad-academic-fail-c105-s42-v5
Precision-Recall,1.0,0.3163522012578616,0.005500008531347361,test,logistic_regression,lr-oulad-academic-fail-c105-s42-v5
Precision-Recall,1.0,0.31645171437558983,0.005657839502653577,test,logistic_regression,lr-oulad-academic-fail-c105-s42-v5
Precision-Recall,1.0,0.31655129011957206,0.005789027666392234,test,logistic_regression,lr-oulad-academic-fail-c105-s42-v5
Precision-Recall,1.0,0.31665092854894555,0.005850448569758161,test,logistic_regression,lr-oulad-academic-fail-c105-s42-v5
Precision-Recall,1.0,0.3167506297229219,0.00589319012797772,test,logistic_regression,lr-oulad-academic-fail-c105-s42-v5
Precision-Recall,1.0,0.3168503937007874,0.006036345995232001,test,logistic_regression,lr-oulad-academic-fail-c105-s42-v5
Precision-Recall,1.0,0.31695022054190297,0.00612343523702719,test,logistic_regression,lr-oulad-academic-fail-c105-s42-v5
Precision-Recall,1.0,0.3170501103057044,0.006125651290270025,test,logistic_regression,lr-oulad-academic-fail-c105-s42-v5
Precision-Recall,1.0,0.3171500630517024,0.006478798826421529,test,logistic_regression,lr-oulad-academic-fail-c105-s42-v5
Precision-Recall,1.0,0.3172500788394828,0.006546020421074617,test,logistic_regression,lr-oulad-academic-fail-c105-s42-v5
Precision-Recall,1.0,0.3173501577287066,0.006555164274878119,test,logistic_regression,lr-oulad-academic-fail-c105-s42-v5
Precision-Recall,1.0,0.31745029977911016,0.0066110280386752,test,logistic_regression,lr-oulad-academic-fail-c105-s42-v5
Precision-Recall,1.0,0.317550505050505,0.006853873145515409,test,logistic_regression,lr-oulad-academic-fail-c105-s42-v5
Precision-Recall,1.0,0.31765077360277866,0.007098816065966511,test,logistic_regression,lr-oulad-academic-fail-c105-s42-v5
Precision-Recall,1.0,0.31775110549589386,0.007192591842543876,test,logistic_regression,lr-oulad-academic-fail-c105-s42-v5
Precision-Recall,1.0,0.31785150078988944,0.007267294691987307,test,logistic_regression,lr-oulad-academic-fail-c105-s42-v5
Precision-Recall,1.0,0.3179519595448799,0.00735916606226108,test,logistic_regression,lr-oulad-academic-fail-c105-s42-v5
Precision-Recall,1.0,0.31805248182105594,0.00747101543832818,test,logistic_regression,lr-oulad-academic-fail-c105-s42-v5
Precision-Recall,1.0,0.3181530676786844,0.007664428162182456,test,logistic_regression,lr-oulad-academic-fail-c105-s42-v5
Precision-Recall,1.0,0.3182537171781082,0.007680194218251315,test,logistic_regression,lr-oulad-academic-fail-c105-s42-v5
Precision-Recall,1.0,0.3183544303797468,0.007833064285942371,test,logistic_regression,lr-oulad-academic-fail-c105-s42-v5
Precision-Recall,1.0,0.3184552073440962,0.007877402660278537,test,logistic_regression,lr-oulad-academic-fail-c105-s42-v5
Precision-Recall,1.0,0.31855604813172894,0.007906491266693533,test,logistic_regression,lr-oulad-academic-fail-c105-s42-v5
Precision-Recall,1.0,0.31865695280329426,0.00792558336042617,test,logistic_regression,lr-oulad-academic-fail-c105-s42-v5
Precision-Recall,1.0,0.31875792141951836,0.007974524202214353,test,logistic_regression,lr-oulad-academic-fail-c105-s42-v5
Precision-Recall,1.0,0.31885895404120446,0.008015116515553635,test,logistic_regression,lr-oulad-academic-fail-c105-s42-v5
Precision-Recall,1.0,0.3189600507292327,0.008171421616208643,test,logistic_regression,lr-oulad-academic-fail-c105-s42-v5
Precision-Recall,1.0,0.31906121154456074,0.008234912565394104,test,logistic_regression,lr-oulad-academic-fail-c105-s42-v5
Precision-Recall,1.0,0.31916243654822335,0.00838269852893048,test,logistic_regression,lr-oulad-academic-fail-c105-s42-v5
Precision-Recall,1.0,0.3192637258013329,0.008490430398224757,test,logistic_regression,lr-oulad-academic-fail-c105-s42-v5
Precision-Recall,1.0,0.31936507936507935,0.00862628386908736,test,logistic_regression,lr-oulad-academic-fail-c105-s42-v5
Precision-Recall,1.0,0.3194664973007304,0.008673483237450002,test,logistic_regression,lr-oulad-academic-fail-c105-s42-v5
Precision-Recall,1.0,0.3195679796696315,0.008676212301107548,test,logistic_regression,lr-oulad-academic-fail-c105-s42-v5
Precision-Recall,1.0,0.31966952653320624,0.008881487660900272,test,logistic_regression,lr-oulad-academic-fail-c105-s42-v5
Precision-Recall,1.0,0.31977113795295614,0.00891066631644611,test,logistic_regression,lr-oulad-academic-fail-c105-s42-v5
Precision-Recall,1.0,0.319872813990461,0.008952693940095029,test,logistic_regression,lr-oulad-academic-fail-c105-s42-v5
Precision-Recall,1.0,0.3199745547073791,0.009341644107245937,test,logistic_regression,lr-oulad-academic-fail-c105-s42-v5
Precision-Recall,1.0,0.32007636016544705,0.00935994033511038,test,logistic_regression,lr-oulad-academic-fail-c105-s42-v5
Precision-Recall,0.9990059642147118,0.31985996180776577,0.009371899366264562,test,logistic_regression,lr-oulad-academic-fail-c105-s42-v5
Precision-Recall,0.9990059642147118,0.31996179560649474,0.0093876184605331,test,logistic_regression,lr-oulad-academic-fail-c105-s42-v5
Precision-Recall,0.9990059642147118,0.3200636942675159,0.009484714988142321,test,logistic_regression,lr-oulad-academic-fail-c105-s42-v5
Precision-Recall,0.9990059642147118,0.32016565785281936,0.009618916971168954,test,logistic_regression,lr-oulad-academic-fail-c105-s42-v5
Precision-Recall,0.9990059642147118,0.3202676864244742,0.009672358416402944,test,logistic_regression,lr-oulad-academic-fail-c105-s42-v5
Precision-Recall,0.9990059642147118,0.3203697800446286,0.009773014343862655,test,logistic_regression,lr-oulad-academic-fail-c105-s42-v5
Precision-Recall,0.9990059642147118,0.3204719387755102,0.009844127756791478,test,logistic_regression,lr-oulad-academic-fail-c105-s42-v5
Precision-Recall,0.9990059642147118,0.32057416267942584,0.009869395298767453,test,logistic_regression,lr-oulad-academic-fail-c105-s42-v5
Precision-Recall,0.9990059642147118,0.320676451818762,0.009939245127922602,test,logistic_regression,lr-oulad-academic-fail-c105-s42-v5
Precision-Recall,0.9990059642147118,0.3207788062559847,0.009946291082912334,test,logistic_regression,lr-oulad-academic-fail-c105-s42-v5
Precision-Recall,0.9990059642147118,0.32088122605363983,0.009972841444271966,test,logistic_regression,lr-oulad-academic-fail-c105-s42-v5
Precision-Recall,0.9990059642147118,0.32098371127435327,0.009979919264473894,test,logistic_regression,lr-oulad-academic-fail-c105-s42-v5
Precision-Recall,0.9990059642147118,0.3210862619808307,0.010205553341832426,test,logistic_regression,lr-oulad-academic-fail-c105-s42-v5
Precision-Recall,0.9990059642147118,0.3211888782358581,0.010280127629152171,test,logistic_regression,lr-oulad-academic-fail-c105-s42-v5
Precision-Recall,0.9990059642147118,0.3212915601023018,0.010292876723044806,test,logistic_regression,lr-oulad-academic-fail-c105-s42-v5
Precision-Recall,0.9990059642147118,0.3213943076431084,0.010314267726795263,test,logistic_regression,lr-oulad-academic-fail-c105-s42-v5
Precision-Recall,0.9990059642147118,0.32149712092130517,0.010334626364605061,test,logistic_regression,lr-oulad-academic-fail-c105-s42-v5
Precision-Recall,0.9990059642147118,0.3216,0.010334988094520601,test,logistic_regression,lr-oulad-academic-fail-c105-s42-v5
Precision-Recall,0.9990059642147118,0.32170294494238155,0.010367980104805411,test,logistic_regression,lr-oulad-academic-fail-c105-s42-v5
Precision-Recall,0.9990059642147118,0.3218059558117195,0.010380963293092535,test,logistic_regression,lr-oulad-academic-fail-c105-s42-v5
Precision-Recall,0.9990059642147118,0.3219090326713645,0.010386569568331927,test,logistic_regression,lr-oulad-academic-fail-c105-s42-v5
Precision-Recall,0.9990059642147118,0.3220121755847485,0.010460346233761754,test,logistic_regression,lr-oulad-academic-fail-c105-s42-v5
Precision-Recall,0.9990059642147118,0.32211538461538464,0.010495733281228152,test,logistic_regression,lr-oulad-academic-fail-c105-s42-v5
Precision-Recall,0.9990059642147118,0.3222186598268676,0.010585680426100223,test,logistic_regression,lr-oulad-academic-fail-c105-s42-v5
Precision-Recall,0.9990059642147118,0.32232200128287364,0.010652371823840781,test,logistic_regression,lr-oulad-academic-fail-c105-s42-v5
Precision-Recall,0.9990059642147118,0.3224254090471607,0.010750025954481247,test,logistic_regression,lr-oulad-academic-fail-c105-s42-v5
Precision-Recall,0.9990059642147118,0.3225288831835687,0.010819650932228492,test,logistic_regression,lr-oulad-academic-fail-c105-s42-v5
Precision-Recall,0.9990059642147118,0.32263242375601925,0.01082114766415834,test,logistic_regression,lr-oulad-academic-fail-c105-s42-v5
Precision-Recall,0.9990059642147118,0.3227360308285164,0.010856759342948141,test,logistic_regression,lr-oulad-academic-fail-c105-s42-v5
Precision-Recall,0.9990059642147118,0.32283970446514615,0.01096724947776111,test,logistic_regression,lr-oulad-academic-fail-c105-s42-v5
Precision-Recall,0.9990059642147118,0.32294344473007713,0.010987932555969897,test,logistic_regression,lr-oulad-academic-fail-c105-s42-v5
Precision-Recall,0.9990059642147118,0.32304725168756027,0.011025353682845043,test,logistic_regression,lr-oulad-academic-fail-c105-s42-v5
Precision-Recall,0.9990059642147118,0.32315112540192925,0.01109677527100339,test,logistic_regression,lr-oulad-academic-fail-c105-s42-v5
Precision-Recall,0.9990059642147118,0.3232550659376005,0.011100335932851495,test,logistic_regression,lr-oulad-academic-fail-c105-s42-v5
Precision-Recall,0.9990059642147118,0.3233590733590734,0.011116023951026824,test,logistic_regression,lr-oulad-academic-fail-c105-s42-v5
Precision-Recall,0.9990059642147118,0.32346314773093016,0.011657467297120003,test,logistic_regression,lr-oulad-academic-fail-c105-s42-v5
Precision-Recall,0.9990059642147118,0.32356728911783644,0.011680463854442776,test,logistic_regression,lr-oulad-academic-fail-c105-s42-v5
Precision-Recall,0.9990059642147118,0.32367149758454106,0.011715407415909637,test,logistic_regression,lr-oulad-academic-fail-c105-s42-v5
Precision-Recall,0.9990059642147118,0.3237757731958763,0.011750210449359663,test,logistic_regression,lr-oulad-academic-fail-c105-s42-v5
Precision-Recall,0.9990059642147118,0.323880116016758,0.01179811657985715,test,logistic_regression,lr-oulad-academic-fail-c105-s42-v5
Precision-Recall,0.9990059642147118,0.3239845261121857,0.011834442955036746,test,logistic_regression,lr-oulad-academic-fail-c105-s42-v5
Precision-Recall,0.9990059642147118,0.32408900354724285,0.01189129171255293,test,logistic_regression,lr-oulad-academic-fail-c105-s42-v5
Precision-Recall,0.9990059642147118,0.3241935483870968,0.01193984959810333,test,logistic_regression,lr-oulad-academic-fail-c105-s42-v5
Precision-Recall,0.9990059642147118,0.324298160696999,0.01212158645581883,test,logistic_regression,lr-oulad-academic-fail-c105-s42-v5
Precision-Recall,0.9990059642147118,0.32440284054228535,0.012169249867557444,test,logistic_regression,lr-oulad-academic-fail-c105-s42-v5
Precision-Recall,0.9990059642147118,0.32450758798837587,0.012311535630640977,test,logistic_regression,lr-oulad-academic-fail-c105-s42-v5
Precision-Recall,0.9990059642147118,0.3246124031007752,0.012352616834447223,test,logistic_regression,lr-oulad-academic-fail-c105-s42-v5
Precision-Recall,0.9990059642147118,0.3247172859450727,0.012356695808374894,test,logistic_regression,lr-oulad-academic-fail-c105-s42-v5
Precision-Recall,0.9990059642147118,0.3248222365869425,0.012523887396118259,test,logistic_regression,lr-oulad-academic-fail-c105-s42-v5
Precision-Recall,0.9990059642147118,0.32492725509214354,0.012590454180812198,test,logistic_regression,lr-oulad-academic-fail-c105-s42-v5
Precision-Recall,0.9990059642147118,0.32503234152652005,0.012646172142909431,test,logistic_regression,lr-oulad-academic-fail-c105-s42-v5
Precision-Recall,0.9990059642147118,0.3251374959560013,0.012666864246799026,test,logistic_regression,lr-oulad-academic-fail-c105-s42-v5
Precision-Recall,0.9990059642147118,0.32524271844660196,0.013053849963336748,test,logistic_regression,lr-oulad-academic-fail-c105-s42-v5
Precision-Recall,0.9990059642147118,0.32534800906442213,0.013141621931804605,test,logistic_regression,lr-oulad-academic-fail-c105-s42-v5
Precision-Recall,0.9990059642147118,0.32545336787564766,0.013146294632241705,test,logistic_regression,lr-oulad-academic-fail-c105-s42-v5
Precision-Recall,0.9990059642147118,0.32555879494655005,0.013243195265842778,test,logistic_regression,lr-oulad-academic-fail-c105-s42-v5
Precision-Recall,0.9990059642147118,0.3256642903434867,0.013294106508396162,test,logistic_regression,lr-oulad-academic-fail-c105-s42-v5
Precision-Recall,0.9990059642147118,0.32576985413290116,0.013326761414507393,test,logistic_regression,lr-oulad-academic-fail-c105-s42-v5
Precision-Recall,0.9990059642147118,0.32587548638132297,0.013333645546254673,test,logistic_regression,lr-oulad-academic-fail-c105-s42-v5
Precision-Recall,0.9990059642147118,0.32598118715536817,0.013469478447042034,test,logistic_regression,lr-oulad-academic-fail-c105-s42-v5
Precision-Recall,0.9990059642147118,0.32608695652173914,0.013556578087148517,test,logistic_regression,lr-oulad-academic-fail-c105-s42-v5
Precision-Recall,0.9990059642147118,0.32619279454722494,0.013591442048385317,test,logistic_regression,lr-oulad-academic-fail-c105-s42-v5
Precision-Recall,0.9990059642147118,0.3262987012987013,0.013627878614627425,test,logistic_regression,lr-oulad-academic-fail-c105-s42-v5
Precision-Recall,0.9990059642147118,0.3264046768431309,0.0136380542639844,test,logistic_regression,lr-oulad-academic-fail-c105-s42-v5
Precision-Recall,0.9990059642147118,0.32651072124756336,0.013643625768675283,test,logistic_regression,lr-oulad-academic-fail-c105-s42-v5
Precision-Recall,0.9990059642147118,0.32661683457913554,0.013698054613121626,test,logistic_regression,lr-oulad-academic-fail-c105-s42-v5
Precision-Recall,0.9990059642147118,0.3267230169050715,0.013726065080077185,test,logistic_regression,lr-oulad-academic-fail-c105-s42-v5
Precision-Recall,0.9990059642147118,0.32682926829268294,0.013746014210659158,test,logistic_regression,lr-oulad-academic-fail-c105-s42-v5
Precision-Recall,0.9990059642147118,0.3269355888093689,0.013759063802098789,test,logistic_regression,lr-oulad-academic-fail-c105-s42-v5
Precision-Recall,0.9990059642147118,0.32704197852261635,0.013767039866668856,test,logistic_regression,lr-oulad-academic-fail-c105-s42-v5
Precision-Recall,0.9990059642147118,0.3271484375,0.013775919736398811,test,logistic_regression,lr-oulad-academic-fail-c105-s42-v5
Precision-Recall,0.9990059642147118,0.3272549658091827,0.013829380095581892,test,logistic_regression,lr-oulad-academic-fail-c105-s42-v5
Precision-Recall,0.9990059642147118,0.3273615635179153,0.013848920635980118,test,logistic_regression,lr-oulad-academic-fail-c105-s42-v5
Precision-Recall,0.9990059642147118,0.32746823069403713,0.013861421767351745,test,logistic_regression,lr-oulad-academic-fail-c105-s42-v5
Precision-Recall,0.9990059642147118,0.32757496740547587,0.013877608979938496,test,logistic_regression,lr-oulad-academic-fail-c105-s42-v5
Precision-Recall,0.9990059642147118,0.3276817737202478,0.01391843208754323,test,logistic_regression,lr-oulad-academic-fail-c105-s42-v5
Precision-Recall,0.9990059642147118,0.32778864970645794,0.013923435616116258,test,logistic_regression,lr-oulad-academic-fail-c105-s42-v5
Precision-Recall,0.9990059642147118,0.3278955954323002,0.013934457034845055,test,logistic_regression,lr-oulad-academic-fail-c105-s42-v5
Precision-Recall,0.9990059642147118,0.32800261096605743,0.014061770308163983,test,logistic_regression,lr-oulad-academic-fail-c105-s42-v5
Precision-Recall,0.9990059642147118,0.3281096963761019,0.014293944237401466,test,logistic_regression,lr-oulad-academic-fail-c105-s42-v5
Precision-Recall,0.9990059642147118,0.3282168517308948,0.014433178059969394,test,logistic_regression,lr-oulad-academic-fail-c105-s42-v5
Precision-Recall,0.9990059642147118,0.32832407709898725,0.01444334281907428,test,logistic_regression,lr-oulad-academic-fail-c105-s42-v5
Precision-Recall,0.9990059642147118,0.3284313725490196,0.01455150987971047,test,logistic_regression,lr-oulad-academic-fail-c105-s42-v5
Precision-Recall,0.9990059642147118,0.3285387381497221,0.014557340675323766,test,logistic_regression,lr-oulad-academic-fail-c105-s42-v5
Precision-Recall,0.9990059642147118,0.32864617396991497,0.014623115951301367,test,logistic_regression,lr-oulad-academic-fail-c105-s42-v5
Precision-Recall,0.9990059642147118,0.32875368007850836,0.014674699159197785,test,logistic_regression,lr-oulad-academic-fail-c105-s42-v5
Precision-Recall,0.9990059642147118,0.3288612565445026,0.014890859030272072,test,logistic_regression,lr-oulad-academic-fail-c105-s42-v5
Precision-Recall,0.9990059642147118,0.32896890343698854,0.015018117542985623,test,logistic_regression,lr-oulad-academic-fail-c105-s42-v5
Precision-Recall,0.9990059642147118,0.3290766208251473,0.015046449012668203,test,logistic_regression,lr-oulad-academic-fail-c105-s42-v5
Precision-Recall,0.9990059642147118,0.3291844087782509,0.015435516446241877,test,logistic_regression,lr-oulad-academic-fail-c105-s42-v5
Precision-Recall,0.9990059642147118,0.32929226736566186,0.015477290623731054,test,logistic_regression,lr-oulad-academic-fail-c105-s42-v5
Precision-Recall,0.9990059642147118,0.32940019665683384,0.015517885223282969,test,logistic_regression,lr-oulad-academic-fail-c105-s42-v5
Precision-Recall,0.9990059642147118,0.3295081967213115,0.015651064794698362,test,logistic_regression,lr-oulad-academic-fail-c105-s42-v5
Precision-Recall,0.9990059642147118,0.32961626762873075,0.015708247411645004,test,logistic_regression,lr-oulad-academic-fail-c105-s42-v5
Precision-Recall,0.9990059642147118,0.3297244094488189,0.015709538728058164,test,logistic_regression,lr-oulad-academic-fail-c105-s42-v5
Precision-Recall,0.9990059642147118,0.3298326222513948,0.015721693431237246,test,logistic_regression,lr-oulad-academic-fail-c105-s42-v5
Precision-Recall,0.9990059642147118,0.329940906106369,0.015736222094549265,test,logistic_regression,lr-oulad-academic-fail-c105-s42-v5
Precision-Recall,0.9990059642147118,0.33004926108374383,0.01578644000063669,test,logistic_regression,lr-oulad-academic-fail-c105-s42-v5
Precision-Recall,0.9990059642147118,0.33015768725361366,0.016351848803116104,test,logistic_regression,lr-oulad-academic-fail-c105-s42-v5
Precision-Recall,0.9990059642147118,0.330266184686165,0.01639926593254222,test,logistic_regression,lr-oulad-academic-fail-c105-s42-v5
Precision-Recall,0.9990059642147118,0.33037475345167655,0.01648575652614151,test,logistic_regression,lr-oulad-academic-fail-c105-s42-v5
Precision-Recall,0.9990059642147118,0.33048339362051954,0.016501740597092314,test,logistic_regression,lr-oulad-academic-fail-c105-s42-v5
Precision-Recall,0.9990059642147118,0.3305921052631579,0.01657024267274008,test,logistic_regression,lr-oulad-academic-fail-c105-s42-v5
Precision-Recall,0.9990059642147118,0.33070088845014806,0.016590681282862726,test,logistic_regression,lr-oulad-academic-fail-c105-s42-v5
Precision-Recall,0.9990059642147118,0.3308097432521396,0.016592629819631468,test,logistic_regression,lr-oulad-academic-fail-c105-s42-v5
Precision-Recall,0.9990059642147118,0.3309186697398749,0.016608875437108515,test,logistic_regression,lr-oulad-academic-fail-c105-s42-v5
Precision-Recall,0.9990059642147118,0.3310276679841897,0.016771011911343923,test,logistic_regression,lr-oulad-academic-fail-c105-s42-v5
Precision-Recall,0.9980119284294234,0.33080724876441514,0.01682743949174664,test,logistic_regression,lr-oulad-academic-fail-c105-s42-v5
Precision-Recall,0.9980119284294234,0.3309162821357943,0.016871320372491273,test,logistic_regression,lr-oulad-academic-fail-c105-s42-v5
Precision-Recall,0.9980119284294234,0.33102538740520937,0.01697946999796345,test,logistic_regression,lr-oulad-academic-fail-c105-s42-v5
Precision-Recall,0.9980119284294234,0.3311345646437995,0.017164063964709833,test,logistic_regression,lr-oulad-academic-fail-c105-s42-v5
Precision-Recall,0.9980119284294234,0.3312438139227978,0.017169259173064694,test,logistic_regression,lr-oulad-academic-fail-c105-s42-v5
Precision-Recall,0.9980119284294234,0.33135313531353133,0.01721838769780147,test,logistic_regression,lr-oulad-academic-fail-c105-s42-v5
Precision-Recall,0.9980119284294234,0.3314625288874216,0.017242789557568302,test,logistic_regression,lr-oulad-academic-fail-c105-s42-v5
Precision-Recall,0.9970178926441352,0.3312417437252312,0.017394740274371438,test,logistic_regression,lr-oulad-academic-fail-c105-s42-v5
Precision-Recall,0.9970178926441352,0.3313511727783284,0.01747101818497423,test,logistic_regression,lr-oulad-academic-fail-c105-s42-v5
Precision-Recall,0.9970178926441352,0.33146067415730335,0.01747685755019059,test,logistic_regression,lr-oulad-academic-fail-c105-s42-v5
Precision-Recall,0.9970178926441352,0.3315702479338843,0.017518638936079356,test,logistic_regression,lr-oulad-academic-fail-c105-s42-v5
Precision-Recall,0.9970178926441352,0.3316798941798942,0.01757672929124591,test,logistic_regression,lr-oulad-academic-fail-c105-s42-v5
Precision-Recall,0.9970178926441352,0.33178961296725107,0.017597782185759376,test,logistic_regression,lr-oulad-academic-fail-c105-s42-v5
Precision-Recall,0.9970178926441352,0.3318994043679682,0.01765686673531845,test,logistic_regression,lr-oulad-academic-fail-c105-s42-v5
Precision-Recall,0.9970178926441352,0.33200926845415424,0.017746802146365873,test,logistic_regression,lr-oulad-academic-fail-c105-s42-v5
Precision-Recall,0.9970178926441352,0.33211920529801325,0.017917558828847786,test,logistic_regression,lr-oulad-academic-fail-c105-s42-v5
Precision-Recall,0.9970178926441352,0.332229214971845,0.017953502919337314,test,logistic_regression,lr-oulad-academic-fail-c105-s42-v5
Precision-Recall,0.9970178926441352,0.3323392975480451,0.01814166457488667,test,logistic_regression,lr-oulad-academic-fail-c105-s42-v5
Precision-Recall,0.9970178926441352,0.33244945309910506,0.01814461140486241,test,logistic_regression,lr-oulad-academic-fail-c105-s42-v5
Precision-Recall,0.9970178926441352,0.33255968169761274,0.018168477312724425,test,logistic_regression,lr-oulad-academic-fail-c105-s42-v5
Precision-Recall,0.9970178926441352,0.3326699834162521,0.01819873025719505,test,logistic_regression,lr-oulad-academic-fail-c105-s42-v5
Precision-Recall,0.9970178926441352,0.33278035832780356,0.0182749232209581,test,logistic_regression,lr-oulad-academic-fail-c105-s42-v5
Precision-Recall,0.9970178926441352,0.33289080650514435,0.018288897682809366,test,logistic_regression,lr-oulad-academic-fail-c105-s42-v5
Precision-Recall,0.9970178926441352,0.3330013280212483,0.018309370050232306,test,logistic_regression,lr-oulad-academic-fail-c105-s42-v5
Precision-Recall,0.9970178926441352,0.3331119229491863,0.018575380639851948,test,logistic_regression,lr-oulad-academic-fail-c105-s42-v5
Precision-Recall,0.9970178926441352,0.33322259136212623,0.01857637264998451,test,logistic_regression,lr-oulad-academic-fail-c105-s42-v5
Precision-Recall,0.9970178926441352,0.3333333333333333,0.018607818847886214,test,logistic_regression,lr-oulad-academic-fail-c105-s42-v5
Precision-Recall,0.9960238568588469,0.33311170212765956,0.018735117147313272,test,logistic_regression,lr-oulad-academic-fail-c105-s42-v5
Precision-Recall,0.9960238568588469,0.3332224808779514,0.018790393987990064,test,logistic_regression,lr-oulad-academic-fail-c105-s42-v5
Precision-Recall,0.9960238568588469,0.3333333333333333,0.018822008732638434,test,logistic_regression,lr-oulad-academic-fail-c105-s42-v5
Precision-Recall,0.9960238568588469,0.3334442595673877,0.018887357355662653,test,logistic_regression,lr-oulad-academic-fail-c105-s42-v5
Precision-Recall,0.9960238568588469,0.33355525965379496,0.018898360071602255,test,logistic_regression,lr-oulad-academic-fail-c105-s42-v5
Precision-Recall,0.9960238568588469,0.3336663336663337,0.018900854201939446,test,logistic_regression,lr-oulad-academic-fail-c105-s42-v5
Precision-Recall,0.9960238568588469,0.33377748167888077,0.01904216760252714,test,logistic_regression,lr-oulad-academic-fail-c105-s42-v5
Precision-Recall,0.9960238568588469,0.3338887037654115,0.01906041519450801,test,logistic_regression,lr-oulad-academic-fail-c105-s42-v5
Precision-Recall,0.9960238568588469,0.334,0.019220281887172664,test,logistic_regression,lr-oulad-academic-fail-c105-s42-v5
Precision-Recall,0.9960238568588469,0.33411137045681893,0.019268529014633305,test,logistic_regression,lr-oulad-academic-fail-c105-s42-v5
Precision-Recall,0.9960238568588469,0.3342228152101401,0.019303355576019036,test,logistic_regression,lr-oulad-academic-fail-c105-s42-v5
Precision-Recall,0.9960238568588469,0.33433433433433435,0.019365619677799588,test,logistic_regression,lr-oulad-academic-fail-c105-s42-v5
Precision-Recall,0.9960238568588469,0.33444592790387184,0.019386813105147997,test,logistic_regression,lr-oulad-academic-fail-c105-s42-v5
Precision-Recall,0.9960238568588469,0.3345575959933222,0.019437392328265305,test,logistic_regression,lr-oulad-academic-fail-c105-s42-v5
Precision-Recall,0.9960238568588469,0.3346693386773547,0.019571512374774596,test,logistic_regression,lr-oulad-academic-fail-c105-s42-v5
Precision-Recall,0.9960238568588469,0.3347811560307384,0.0196007967313275,test,logistic_regression,lr-oulad-academic-fail-c105-s42-v5
Precision-Recall,0.9960238568588469,0.33489304812834225,0.01961996930763068,test,logistic_regression,lr-oulad-academic-fail-c105-s42-v5
Precision-Recall,0.9960238568588469,0.3350050150451354,0.0196421242105893,test,logistic_regression,lr-oulad-academic-fail-c105-s42-v5
Precision-Recall,0.9960238568588469,0.3351170568561873,0.019676650236109372,test,logistic_regression,lr-oulad-academic-fail-c105-s42-v5
Precision-Recall,0.9960238568588469,0.33522917363666777,0.019703099052985732,test,logistic_regression,lr-oulad-academic-fail-c105-s42-v5
Precision-Recall,0.9960238568588469,0.3353413654618474,0.019736643609031684,test,logistic_regression,lr-oulad-academic-fail-c105-s42-v5
Precision-Recall,0.9960238568588469,0.3354536324070974,0.01988917349198498,test,logistic_regression,lr-oulad-academic-fail-c105-s42-v5
Precision-Recall,0.9960238568588469,0.33556597454789017,0.01989087582031469,test,logistic_regression,lr-oulad-academic-fail-c105-s42-v5
Precision-Recall,0.9960238568588469,0.335678391959799,0.019912552730637738,test,logistic_regression,lr-oulad-academic-fail-c105-s42-v5
Precision-Recall,0.9960238568588469,0.33579088471849866,0.01995129057807362,test,logistic_regression,lr-oulad-academic-fail-c105-s42-v5
Precision-Recall,0.9960238568588469,0.33590345289976536,0.019977047483791928,test,logistic_regression,lr-oulad-academic-fail-c105-s42-v5
Precision-Recall,0.9960238568588469,0.33601609657947684,0.020085578087477657,test,logistic_regression,lr-oulad-academic-fail-c105-s42-v5
Precision-Recall,0.9960238568588469,0.33612881583361287,0.020138855771020363,test,logistic_regression,lr-oulad-academic-fail-c105-s42-v5
Precision-Recall,0.9960238568588469,0.33624161073825504,0.02015511089516044,test,logistic_regression,lr-oulad-academic-fail-c105-s42-v5
Precision-Recall,0.9960238568588469,0.3363544813695871,0.02016679910555814,test,logistic_regression,lr-oulad-academic-fail-c105-s42-v5
Precision-Recall,0.9960238568588469,0.3364674278038952,0.020211455195234946,test,logistic_regression,lr-oulad-academic-fail-c105-s42-v5
Precision-Recall,0.9960238568588469,0.33658045011756804,0.020254575224111844,test,logistic_regression,lr-oulad-academic-fail-c105-s42-v5
Precision-Recall,0.9960238568588469,0.33669354838709675,0.02028677193287866,test,logistic_regression,lr-oulad-academic-fail-c105-s42-v5
Precision-Recall,0.9960238568588469,0.33680672268907563,0.02030796413196853,test,logistic_regression,lr-oulad-academic-fail-c105-s42-v5
Precision-Recall,0.9960238568588469,0.3369199731002018,0.020358542507937286,test,logistic_regression,lr-oulad-academic-fail-c105-s42-v5
Precision-Recall,0.9960238568588469,0.33703329969727547,0.020423355690200564,test,logistic_regression,lr-oulad-academic-fail-c105-s42-v5
Precision-Recall,0.9960238568588469,0.33714670255720053,0.020459824698528098,test,logistic_regression,lr-oulad-academic-fail-c105-s42-v5
Precision-Recall,0.9960238568588469,0.3372601817569842,0.020483675159527176,test,logistic_regression,lr-oulad-academic-fail-c105-s42-v5
Precision-Recall,0.9960238568588469,0.3373737373737374,0.020520271401006908,test,logistic_regression,lr-oulad-academic-fail-c105-s42-v5
Precision-Recall,0.9960238568588469,0.33748736948467495,0.020526322270377286,test,logistic_regression,lr-oulad-academic-fail-c105-s42-v5
Precision-Recall,0.9960238568588469,0.3376010781671159,0.020537215114401364,test,logistic_regression,lr-oulad-academic-fail-c105-s42-v5
Precision-Recall,0.9960238568588469,0.33771486349848334,0.0205687811764051,test,logistic_regression,lr-oulad-academic-fail-c105-s42-v5
Precision-Recall,0.9960238568588469,0.3378287255563048,0.020629426401275498,test,logistic_regression,lr-oulad-academic-fail-c105-s42-v5
Precision-Recall,0.9960238568588469,0.33794266441821247,0.020645519160653096,test,logistic_regression,lr-oulad-academic-fail-c105-s42-v5
Precision-Recall,0.9960238568588469,0.33805668016194335,0.020730834904399444,test,logistic_regression,lr-oulad-academic-fail-c105-s42-v5
Precision-Recall,0.9960238568588469,0.3381707728653392,0.020837521807806143,test,logistic_regression,lr-oulad-academic-fail-c105-s42-v5
Precision-Recall,0.9960238568588469,0.33828494260634706,0.020884861157592298,test,logistic_regression,lr-oulad-academic-fail-c105-s42-v5
Precision-Recall,0.9960238568588469,0.3383991894630192,0.021002700881055693,test,logistic_regression,lr-oulad-academic-fail-c105-s42-v5
Precision-Recall,0.9960238568588469,0.3385135135135135,0.021023755568651666,test,logistic_regression,lr-oulad-academic-fail-c105-s42-v5
Precision-Recall,0.9960238568588469,0.3386279148360933,0.02102514956254925,test,logistic_regression,lr-oulad-academic-fail-c105-s42-v5
Precision-Recall,0.9960238568588469,0.33874239350912777,0.021095841435673165,test,logistic_regression,lr-oulad-academic-fail-c105-s42-v5
Precision-Recall,0.9960238568588469,0.3388569496110923,0.021099354857733375,test,logistic_regression,lr-oulad-academic-fail-c105-s42-v5
Precision-Recall,0.9960238568588469,0.33897158322056836,0.02118248151247643,test,logistic_regression,lr-oulad-academic-fail-c105-s42-v5
Precision-Recall,0.9960238568588469,0.33908629441624366,0.021412918360803695,test,logistic_regression,lr-oulad-academic-fail-c105-s42-v5
Precision-Recall,0.9960238568588469,0.3392010832769127,0.02158074834198525,test,logistic_regression,lr-oulad-academic-fail-c105-s42-v5
Precision-Recall,0.9960238568588469,0.33931594988147645,0.021628372339102968,test,logistic_regression,lr-oulad-academic-fail-c105-s42-v5
Precision-Recall,0.9960238568588469,0.3394308943089431,0.021659604627365946,test,logistic_regression,lr-oulad-academic-fail-c105-s42-v5
Precision-Recall,0.9960238568588469,0.33954591663842765,0.02173335253741096,test,logistic_regression,lr-oulad-academic-fail-c105-s42-v5
Precision-Recall,0.9960238568588469,0.3396610169491525,0.02177484255434974,test,logistic_regression,lr-oulad-academic-fail-c105-s42-v5
Precision-Recall,0.9960238568588469,0.3397761953204476,0.021789767883132714,test,logistic_regression,lr-oulad-academic-fail-c105-s42-v5
Precision-Recall,0.9960238568588469,0.33989145183175035,0.021794881343970077,test,logistic_regression,lr-oulad-academic-fail-c105-s42-v5
Precision-Recall,0.9960238568588469,0.340006786562606,0.021806139953358644,test,logistic_regression,lr-oulad-academic-fail-c105-s42-v5
Precision-Recall,0.9950298210735586,0.3397827562797013,0.021841455995697343,test,logistic_regression,lr-oulad-academic-fail-c105-s42-v5
Precision-Recall,0.9950298210735586,0.3398981324278438,0.021904987842023733,test,logistic_regression,lr-oulad-academic-fail-c105-s42-v5
Precision-Recall,0.9950298210735586,0.34001358695652173,0.02191781828580633,test,logistic_regression,lr-oulad-academic-fail-c105-s42-v5
Precision-Recall,0.9950298210735586,0.3401291199456337,0.02196937864365157,test,logistic_regression,lr-oulad-academic-fail-c105-s42-v5
Precision-Recall,0.9950298210735586,0.34024473147518697,0.022082024899581405,test,logistic_regression,lr-oulad-academic-fail-c105-s42-v5
Precision-Recall,0.9950298210735586,0.3403604216252975,0.022101613880457997,test,logistic_regression,lr-oulad-academic-fail-c105-s42-v5
Precision-Recall,0.9950298210735586,0.3404761904761905,0.022306300603298662,test,logistic_regression,lr-oulad-academic-fail-c105-s42-v5
Precision-Recall,0.9950298210735586,0.34059203810820005,0.022318744561801464,test,logistic_regression,lr-oulad-academic-fail-c105-s42-v5
Precision-Recall,0.9950298210735586,0.3407079646017699,0.022341284236240083,test,logistic_regression,lr-oulad-academic-fail-c105-s42-v5
Precision-Recall,0.9950298210735586,0.3408239700374532,0.022347311777736505,test,logistic_regression,lr-oulad-academic-fail-c105-s42-v5
Precision-Recall,0.9950298210735586,0.3409400544959128,0.022435571300905722,test,logistic_regression,lr-oulad-academic-fail-c105-s42-v5
Precision-Recall,0.9950298210735586,0.34105621805792163,0.022516308268647537,test,logistic_regression,lr-oulad-academic-fail-c105-s42-v5
Precision-Recall,0.9950298210735586,0.34117246080436264,0.022529728590389833,test,logistic_regression,lr-oulad-academic-fail-c105-s42-v5
Precision-Recall,0.9950298210735586,0.3412887828162291,0.02268664567681914,test,logistic_regression,lr-oulad-academic-fail-c105-s42-v5
Precision-Recall,0.9950298210735586,0.34140518417462484,0.022711511631051198,test,logistic_regression,lr-oulad-academic-fail-c105-s42-v5
Precision-Recall,0.9950298210735586,0.34152166496076425,0.022712103003138848,test,logistic_regression,lr-oulad-academic-fail-c105-s42-v5
Precision-Recall,0.9950298210735586,0.3416382252559727,0.0227125337047244,test,logistic_regression,lr-oulad-academic-fail-c105-s42-v5
Precision-Recall,0.9950298210735586,0.34175486514168657,0.022730133681768645,test,logistic_regression,lr-oulad-academic-fail-c105-s42-v5
Precision-Recall,0.9950298210735586,0.34187158469945356,0.022765924400481023,test,logistic_regression,lr-oulad-academic-fail-c105-s42-v5
Precision-Recall,0.9950298210735586,0.3419883840109327,0.0227758671480704,test,logistic_regression,lr-oulad-academic-fail-c105-s42-v5
Precision-Recall,0.9950298210735586,0.34210526315789475,0.022827029608371446,test,logistic_regression,lr-oulad-academic-fail-c105-s42-v5
Precision-Recall,0.9950298210735586,0.3422222222222222,0.022836044718192304,test,logistic_regression,lr-oulad-academic-fail-c105-s42-v5
Precision-Recall,0.9950298210735586,0.3423392612859097,0.022871018411796108,test,logistic_regression,lr-oulad-academic-fail-c105-s42-v5
Precision-Recall,0.9950298210735586,0.34245638043106397,0.022878204446425396,test,logistic_regression,lr-oulad-academic-fail-c105-s42-v5
Precision-Recall,0.9950298210735586,0.34257357973990415,0.022903800170289607,test,logistic_regression,lr-oulad-academic-fail-c105-s42-v5
Precision-Recall,0.9950298210735586,0.34269085929476206,0.022970591023758827,test,logistic_regression,lr-oulad-academic-fail-c105-s42-v5
Precision-Recall,0.9950298210735586,0.3428082191780822,0.023008689644193992,test,logistic_regression,lr-oulad-academic-fail-c105-s42-v5
Precision-Recall,0.9950298210735586,0.34292565947242204,0.023224166345531455,test,logistic_regression,lr-oulad-academic-fail-c105-s42-v5
Precision-Recall,0.9950298210735586,0.3430431802604524,0.023226720421122546,test,logistic_regression,lr-oulad-academic-fail-c105-s42-v5
Precision-Recall,0.9950298210735586,0.34316078162495717,0.023263081630613094,test,logistic_regression,lr-oulad-academic-fail-c105-s42-v5
Precision-Recall,0.9950298210735586,0.343278463648834,0.02343789076710324,test,logistic_regression,lr-oulad-academic-fail-c105-s42-v5
Precision-Recall,0.9950298210735586,0.3433962264150943,0.023466499346920473,test,logistic_regression,lr-oulad-academic-fail-c105-s42-v5
Precision-Recall,0.9950298210735586,0.3435140700068634,0.023548800589979033,test,logistic_regression,lr-oulad-academic-fail-c105-s42-v5
Precision-Recall,0.9950298210735586,0.3436319945073807,0.02360931420812525,test,logistic_regression,lr-oulad-academic-fail-c105-s42-v5
Precision-Recall,0.9950298210735586,0.34375,0.02361892082367826,test,logistic_regression,lr-oulad-academic-fail-c105-s42-v5
Precision-Recall,0.9950298210735586,0.3438680865681896,0.02365702457645464,test,logistic_regression,lr-oulad-academic-fail-c105-s42-v5
Precision-Recall,0.9950298210735586,0.34398625429553265,0.023734190712794822,test,logistic_regression,lr-oulad-academic-fail-c105-s42-v5
Precision-Recall,0.9950298210735586,0.34410450326572706,0.023747652495564955,test,logistic_regression,lr-oulad-academic-fail-c105-s42-v5
Precision-Recall,0.9950298210735586,0.344222833562586,0.023784335639403353,test,logistic_regression,lr-oulad-academic-fail-c105-s42-v5
Precision-Recall,0.9950298210735586,0.34434124527003784,0.02391897078270746,test,logistic_regression,lr-oulad-academic-fail-c105-s42-v5
Precision-Recall,0.9950298210735586,0.34445973847212663,0.023993297128917162,test,logistic_regression,lr-oulad-academic-fail-c105-s42-v5
Precision-Recall,0.9950298210735586,0.344578313253012,0.024052998242237732,test,logistic_regression,lr-oulad-academic-fail-c105-s42-v5
Precision-Recall,0.9950298210735586,0.3446969696969697,0.024057731026552117,test,logistic_regression,lr-oulad-academic-fail-c105-s42-v5
Precision-Recall,0.9950298210735586,0.34481570788839133,0.024083138615940712,test,logistic_regression,lr-oulad-academic-fail-c105-s42-v5
Precision-Recall,0.9940357852882704,0.34458993797381116,0.024098825374280243,test,logistic_regression,lr-oulad-academic-fail-c105-s42-v5
Precision-Recall,0.9940357852882704,0.3447087211306446,0.024103355291786133,test,logistic_regression,lr-oulad-academic-fail-c105-s42-v5
Precision-Recall,0.9940357852882704,0.3448275862068966,0.02416652175696511,test,logistic_regression,lr-oulad-academic-fail-c105-s42-v5
Precision-Recall,0.9940357852882704,0.3449465332873405,0.024323076029253602,test,logistic_regression,lr-oulad-academic-fail-c105-s42-v5
Precision-Recall,0.9940357852882704,0.3450655624568668,0.024360884272691546,test,logistic_regression,lr-oulad-academic-fail-c105-s42-v5
Precision-Recall,0.9940357852882704,0.34518467380048323,0.024381135344004986,test,logistic_regression,lr-oulad-academic-fail-c105-s42-v5
Precision-Recall,0.9940357852882704,0.3453038674033149,0.024391977505245854,test,logistic_regression,lr-oulad-academic-fail-c105-s42-v5
Precision-Recall,0.9940357852882704,0.3454231433506045,0.024402123337123563,test,logistic_regression,lr-oulad-academic-fail-c105-s42-v5
Precision-Recall,0.9940357852882704,0.3455425017277125,0.024415100830757278,test,logistic_regression,lr-oulad-academic-fail-c105-s42-v5
Precision-Recall,0.9940357852882704,0.3456619426201175,0.02454452477393039,test,logistic_regression,lr-oulad-academic-fail-c105-s42-v5
Precision-Recall,0.9940357852882704,0.3457814661134163,0.024547952909576117,test,logistic_regression,lr-oulad-academic-fail-c105-s42-v5
Precision-Recall,0.9940357852882704,0.3459010722933241,0.024649387448019477,test,logistic_regression,lr-oulad-academic-fail-c105-s42-v5
Precision-Recall,0.9940357852882704,0.3460207612456747,0.024696457981776672,test,logistic_regression,lr-oulad-academic-fail-c105-s42-v5
Precision-Recall,0.9940357852882704,0.3461405330564209,0.024711840263458556,test,logistic_regression,lr-oulad-academic-fail-c105-s42-v5
Precision-Recall,0.9940357852882704,0.3462603878116344,0.02475356247410374,test,logistic_regression,lr-oulad-academic-fail-c105-s42-v5
Precision-Recall,0.9940357852882704,0.3463803255975061,0.024764694484637726,test,logistic_regression,lr-oulad-academic-fail-c105-s42-v5
Precision-Recall,0.9940357852882704,0.3465003465003465,0.02477285546590988,test,logistic_regression,lr-oulad-academic-fail-c105-s42-v5
Precision-Recall,0.9940357852882704,0.3466204506065858,0.024784400765438443,test,logistic_regression,lr-oulad-academic-fail-c105-s42-v5
Precision-Recall,0.9940357852882704,0.34674063800277394,0.02482145723937983,test,logistic_regression,lr-oulad-academic-fail-c105-s42-v5
Precision-Recall,0.9940357852882704,0.346860908775581,0.024877992156989704,test,logistic_regression,lr-oulad-academic-fail-c105-s42-v5
Precision-Recall,0.9940357852882704,0.3469812630117974,0.02490386092279068,test,logistic_regression,lr-oulad-academic-fail-c105-s42-v5
Precision-Recall,0.9940357852882704,0.3471017007983339,0.024953354213634236,test,logistic_regression,lr-oulad-academic-fail-c105-s42-v5
Precision-Recall,0.9940357852882704,0.3472222222222222,0.025000301334159012,test,logistic_regression,lr-oulad-academic-fail-c105-s42-v5
Precision-Recall,0.9940357852882704,0.3473428273706148,0.02525513628607926,test,logistic_regression,lr-oulad-academic-fail-c105-s42-v5
Precision-Recall,0.9940357852882704,0.34746351633078526,0.025293864937730618,test,logistic_regression,lr-oulad-academic-fail-c105-s42-v5
Precision-Recall,0.9940357852882704,0.3475842891901286,0.025306398876364846,test,logistic_regression,lr-oulad-academic-fail-c105-s42-v5
Precision-Recall,0.9940357852882704,0.3477051460361613,0.025314014313214044,test,logistic_regression,lr-oulad-academic-fail-c105-s42-v5
Precision-Recall,0.9940357852882704,0.34782608695652173,0.02540526348841977,test,logistic_regression,lr-oulad-academic-fail-c105-s42-v5
Precision-Recall,0.9940357852882704,0.34794711203897005,0.02541925764147831,test,logistic_regression,lr-oulad-academic-fail-c105-s42-v5
Precision-Recall,0.9940357852882704,0.3480682213713888,0.025466131841992524,test,logistic_regression,lr-oulad-academic-fail-c105-s42-v5
Precision-Recall,0.9940357852882704,0.34818941504178275,0.025467084857852665,test,logistic_regression,lr-oulad-academic-fail-c105-s42-v5
Precision-Recall,0.9940357852882704,0.34831069313827934,0.02548552204291283,test,logistic_regression,lr-oulad-academic-fail-c105-s42-v5
Precision-Recall,0.9940357852882704,0.34843205574912894,0.02554563933048284,test,logistic_regression,lr-oulad-academic-fail-c105-s42-v5
Precision-Recall,0.9940357852882704,0.34855350296270476,0.025593238537550845,test,logistic_regression,lr-oulad-academic-fail-c105-s42-v5
Precision-Recall,0.9940357852882704,0.3486750348675035,0.025757231493130542,test,logistic_regression,lr-oulad-academic-fail-c105-s42-v5
Precision-Recall,0.9940357852882704,0.3487966515521451,0.025764058976471677,test,logistic_regression,lr-oulad-academic-fail-c105-s42-v5
Precision-Recall,0.9940357852882704,0.34891835310537334,0.025836878387034395,test,logistic_regression,lr-oulad-academic-fail-c105-s42-v5
Precision-Recall,0.9940357852882704,0.34904013961605584,0.025845981830827106,test,logistic_regression,lr-oulad-academic-fail-c105-s42-v5
Precision-Recall,0.9940357852882704,0.34916201117318435,0.025868259431524772,test,logistic_regression,lr-oulad-academic-fail-c105-s42-v5
Precision-Recall,0.9940357852882704,0.34928396786587496,0.02590216629791883,test,logistic_regression,lr-oulad-academic-fail-c105-s42-v5
Precision-Recall,0.9940357852882704,0.3494060097833683,0.02591770005937439,test,logistic_regression,lr-oulad-academic-fail-c105-s42-v5
Precision-Recall,0.9940357852882704,0.3495281370150297,0.025949040165755846,test,logistic_regression,lr-oulad-academic-fail-c105-s42-v5
Precision-Recall,0.9940357852882704,0.34965034965034963,0.025979446798674158,test,logistic_regression,lr-oulad-academic-fail-c105-s42-v5
Precision-Recall,0.9940357852882704,0.3497726477789437,0.02618632986190291,test,logistic_regression,lr-oulad-academic-fail-c105-s42-v5
Precision-Recall,0.9940357852882704,0.34989503149055284,0.026335025797614174,test,logistic_regression,lr-oulad-academic-fail-c105-s42-v5
Precision-Recall,0.9940357852882704,0.35001750087504374,0.02639422530285376,test,logistic_regression,lr-oulad-academic-fail-c105-s42-v5
Precision-Recall,0.9940357852882704,0.35014005602240894,0.026438380634547416,test,logistic_regression,lr-oulad-academic-fail-c105-s42-v5
Precision-Recall,0.9940357852882704,0.3502626970227671,0.02655949325489537,test,logistic_regression,lr-oulad-academic-fail-c105-s42-v5
Precision-Recall,0.9940357852882704,0.350385423966363,0.02682939151537712,test,logistic_regression,lr-oulad-academic-fail-c105-s42-v5
Precision-Recall,0.9940357852882704,0.3505082369435682,0.026952497799839704,test,logistic_regression,lr-oulad-academic-fail-c105-s42-v5
Precision-Recall,0.9940357852882704,0.3506311360448808,0.026954476276166595,test,logistic_regression,lr-oulad-academic-fail-c105-s42-v5
Precision-Recall,0.9940357852882704,0.350754121360926,0.026961235679173395,test,logistic_regression,lr-oulad-academic-fail-c105-s42-v5
Precision-Recall,0.9940357852882704,0.3508771929824561,0.026977372361764167,test,logistic_regression,lr-oulad-academic-fail-c105-s42-v5
Precision-Recall,0.9940357852882704,0.351000351000351,0.02704160282105657,test,logistic_regression,lr-oulad-academic-fail-c105-s42-v5
Precision-Recall,0.9930417495029821,0.35077247191011235,0.027099493454882332,test,logistic_regression,lr-oulad-academic-fail-c105-s42-v5
Precision-Recall,0.9930417495029821,0.35089567966280294,0.02720524131631815,test,logistic_regression,lr-oulad-academic-fail-c105-s42-v5
Precision-Recall,0.9930417495029821,0.3510189739985945,0.02727869403017183,test,logistic_regression,lr-oulad-academic-fail-c105-s42-v5
Precision-Recall,0.9930417495029821,0.3511423550087873,0.02737954630393763,test,logistic_regression,lr-oulad-academic-fail-c105-s42-v5
Precision-Recall,0.9930417495029821,0.3512658227848101,0.027425324344191267,test,logistic_regression,lr-oulad-academic-fail-c105-s42-v5
Precision-Recall,0.9930417495029821,0.3513893774182202,0.02756069927244833,test,logistic_regression,lr-oulad-academic-fail-c105-s42-v5
Precision-Recall,0.9930417495029821,0.35151301900070375,0.027597979287944524,test,logistic_regression,lr-oulad-academic-fail-c105-s42-v5
Precision-Recall,0.9930417495029821,0.35163674762407604,0.027693927845023256,test,logistic_regression,lr-oulad-academic-fail-c105-s42-v5
Precision-Recall,0.9930417495029821,0.35176056338028167,0.02774016672657914,test,logistic_regression,lr-oulad-academic-fail-c105-s42-v5
Precision-Recall,0.9930417495029821,0.35188446636139487,0.027752693074502264,test,logistic_regression,lr-oulad-academic-fail-c105-s42-v5
Precision-Recall,0.9930417495029821,0.35200845665961944,0.027770146120511267,test,logistic_regression,lr-oulad-academic-fail-c105-s42-v5
Precision-Recall,0.9930417495029821,0.35213253436728936,0.02777258064310577,test,logistic_regression,lr-oulad-academic-fail-c105-s42-v5
Precision-Recall,0.9930417495029821,0.35225669957686884,0.02785033712472597,test,logistic_regression,lr-oulad-academic-fail-c105-s42-v5
Precision-Recall,0.9930417495029821,0.3523809523809524,0.02799531572822301,test,logistic_regression,lr-oulad-academic-fail-c105-s42-v5
Precision-Recall,0.9930417495029821,0.35250529287226534,0.02801292056165082,test,logistic_regression,lr-oulad-academic-fail-c105-s42-v5
Precision-Recall,0.9930417495029821,0.352629721143664,0.02814295745995202,test,logistic_regression,lr-oulad-academic-fail-c105-s42-v5
Precision-Recall,0.9930417495029821,0.3527542372881356,0.02814621398849608,test,logistic_regression,lr-oulad-academic-fail-c105-s42-v5
Precision-Recall,0.9930417495029821,0.352878841398799,0.028153720344567038,test,logistic_regression,lr-oulad-academic-fail-c105-s42-v5
Precision-Recall,0.9930417495029821,0.35300353356890457,0.028198218940471687,test,logistic_regression,lr-oulad-academic-fail-c105-s42-v5
Precision-Recall,0.9930417495029821,0.3531283138918346,0.02821340327194989,test,logistic_regression,lr-oulad-academic-fail-c105-s42-v5
Precision-Recall,0.9930417495029821,0.35325318246110327,0.02842664021774629,test,logistic_regression,lr-oulad-academic-fail-c105-s42-v5
Precision-Recall,0.9930417495029821,0.3533781393703573,0.02846706376309579,test,logistic_regression,lr-oulad-academic-fail-c105-s42-v5
Precision-Recall,0.9930417495029821,0.3535031847133758,0.028470002077928894,test,logistic_regression,lr-oulad-academic-fail-c105-s42-v5
Precision-Recall,0.9930417495029821,0.3536283185840708,0.028490649601519424,test,logistic_regression,lr-oulad-academic-fail-c105-s42-v5
Precision-Recall,0.9930417495029821,0.35375354107648727,0.028515571117376577,test,logistic_regression,lr-oulad-academic-fail-c105-s42-v5
Precision-Recall,0.9930417495029821,0.3538788522848034,0.028657902318486812,test,logistic_regression,lr-oulad-academic-fail-c105-s42-v5
Precision-Recall,0.9930417495029821,0.354004252303331,0.028692469636795514,test,logistic_regression,lr-oulad-academic-fail-c105-s42-v5
Precision-Recall,0.9930417495029821,0.3541297412265154,0.028789780600633773,test,logistic_regression,lr-oulad-academic-fail-c105-s42-v5
Precision-Recall,0.9930417495029821,0.35425531914893615,0.028804066648078646,test,logistic_regression,lr-oulad-academic-fail-c105-s42-v5
Precision-Recall,0.9930417495029821,0.35438098616530683,0.028806797523760305,test,logistic_regression,lr-oulad-academic-fail-c105-s42-v5
Precision-Recall,0.9930417495029821,0.3545067423704755,0.02883310253266487,test,logistic_regression,lr-oulad-academic-fail-c105-s42-v5
Precision-Recall,0.9930417495029821,0.3546325878594249,0.028928825573751916,test,logistic_regression,lr-oulad-academic-fail-c105-s42-v5
Precision-Recall,0.9930417495029821,0.3547585227272727,0.028996790993416538,test,logistic_regression,lr-oulad-academic-fail-c105-s42-v5
Precision-Recall,0.9930417495029821,0.35488454706927175,0.02906000256448465,test,logistic_regression,lr-oulad-academic-fail-c105-s42-v5
Precision-Recall,0.9930417495029821,0.35501066098081024,0.029173679486151682,test,logistic_regression,lr-oulad-academic-fail-c105-s42-v5
Precision-Recall,0.9930417495029821,0.355136864557412,0.029218336428645405,test,logistic_regression,lr-oulad-academic-fail-c105-s42-v5
Precision-Recall,0.9930417495029821,0.35526315789473684,0.029363547734450803,test,logistic_regression,lr-oulad-academic-fail-c105-s42-v5
Precision-Recall,0.9930417495029821,0.35538954108858056,0.029396807498596005,test,logistic_regression,lr-oulad-academic-fail-c105-s42-v5
Precision-Recall,0.9930417495029821,0.35551601423487544,0.02944549542655659,test,logistic_regression,lr-oulad-academic-fail-c105-s42-v5
Precision-Recall,0.9930417495029821,0.3556425774296903,0.029500566740313768,test,logistic_regression,lr-oulad-academic-fail-c105-s42-v5
Precision-Recall,0.9930417495029821,0.3557692307692308,0.029510416446408776,test,logistic_regression,lr-oulad-academic-fail-c105-s42-v5
Precision-Recall,0.9930417495029821,0.35589597434983966,0.0295332096982023,test,logistic_regression,lr-oulad-academic-fail-c105-s42-v5
Precision-Recall,0.9930417495029821,0.35602280826799715,0.029578726621788978,test,logistic_regression,lr-oulad-academic-fail-c105-s42-v5
Precision-Recall,0.9930417495029821,0.35614973262032085,0.02967347401158148,test,logistic_regression,lr-oulad-academic-fail-c105-s42-v5
Precision-Recall,0.9930417495029821,0.35627674750356636,0.029769635922464142,test,logistic_regression,lr-oulad-academic-fail-c105-s42-v5
Precision-Recall,0.9930417495029821,0.3564038530146272,0.029845440897092887,test,logistic_regression,lr-oulad-academic-fail-c105-s42-v5
Precision-Recall,0.9930417495029821,0.35653104925053536,0.02999902398918294,test,logistic_regression,lr-oulad-academic-fail-c105-s42-v5
Precision-Recall,0.9920477137176938,0.3563013209568011,0.030263808722633723,test,logistic_regression,lr-oulad-academic-fail-c105-s42-v5
Precision-Recall,0.9920477137176938,0.35642857142857143,0.030273367002532046,test,logistic_regression,lr-oulad-academic-fail-c105-s42-v5
Precision-Recall,0.9920477137176938,0.3565559128260093,0.030355667793948393,test,logistic_regression,lr-oulad-academic-fail-c105-s42-v5
Precision-Recall,0.9920477137176938,0.3566833452466047,0.03038059105666045,test,logistic_regression,lr-oulad-academic-fail-c105-s42-v5
Precision-Recall,0.9920477137176938,0.3568108687879871,0.030398787699661724,test,logistic_regression,lr-oulad-academic-fail-c105-s42-v5
Precision-Recall,0.9920477137176938,0.3569384835479256,0.030402915112771,test,logistic_regression,lr-oulad-academic-fail-c105-s42-v5
Precision-Recall,0.9920477137176938,0.3570661896243292,0.030419426594175902,test,logistic_regression,lr-oulad-academic-fail-c105-s42-v5
Precision-Recall,0.9920477137176938,0.35719398711524697,0.030421598262615607,test,logistic_regression,lr-oulad-academic-fail-c105-s42-v5
Precision-Recall,0.9920477137176938,0.3573218761188686,0.03043886864081127,test,logistic_regression,lr-oulad-academic-fail-c105-s42-v5
Precision-Recall,0.9920477137176938,0.35744985673352436,0.03047810135626896,test,logistic_regression,lr-oulad-academic-fail-c105-s42-v5
Precision-Recall,0.9920477137176938,0.35757792905768543,0.03058621884529889,test,logistic_regression,lr-oulad-academic-fail-c105-s42-v5
Precision-Recall,0.9920477137176938,0.35770609318996416,0.030776335989809687,test,logistic_regression,lr-oulad-academic-fail-c105-s42-v5
Precision-Recall,0.9920477137176938,0.3578343492291144,0.03082070784975711,test,logistic_regression,lr-oulad-academic-fail-c105-s42-v5
Precision-Recall,0.9920477137176938,0.35796269727403157,0.030924897371967585,test,logistic_regression,lr-oulad-academic-fail-c105-s42-v5
Precision-Recall,0.9920477137176938,0.35809113742375315,0.03101251253822984,test,logistic_regression,lr-oulad-academic-fail-c105-s42-v5
Precision-Recall,0.9920477137176938,0.3582196697774587,0.031047866215347674,test,logistic_regression,lr-oulad-academic-fail-c105-s42-v5
Precision-Recall,0.9920477137176938,0.35834829443447036,0.031114267624769393,test,logistic_regression,lr-oulad-academic-fail-c105-s42-v5
Precision-Recall,0.9920477137176938,0.3584770114942529,0.03113272928237567,test,logistic_regression,lr-oulad-academic-fail-c105-s42-v5
Precision-Recall,0.9920477137176938,0.3586058210564139,0.03118953053582669,test,logistic_regression,lr-oulad-academic-fail-c105-s42-v5
Precision-Recall,0.9920477137176938,0.35873472322070454,0.031241895265442906,test,logistic_regression,lr-oulad-academic-fail-c105-s42-v5
Precision-Recall,0.9920477137176938,0.35886371808701906,0.03126079883742098,test,logistic_regression,lr-oulad-academic-fail-c105-s42-v5
Precision-Recall,0.9920477137176938,0.35899280575539566,0.03132697240792493,test,logistic_regression,lr-oulad-academic-fail-c105-s42-v5
Precision-Recall,0.9910536779324056,0.3587621446563512,0.031363011183951156,test,logistic_regression,lr-oulad-academic-fail-c105-s42-v5
Precision-Recall,0.9910536779324056,0.35889128869690423,0.03141600356113563,test,logistic_regression,lr-oulad-academic-fail-c105-s42-v5
Precision-Recall,0.9910536779324056,0.3590205257472092,0.03146796951224125,test,logistic_regression,lr-oulad-academic-fail-c105-s42-v5
Precision-Recall,0.9910536779324056,0.359149855907781,0.031483734453961944,test,logistic_regression,lr-oulad-academic-fail-c105-s42-v5
Precision-Recall,0.9900596421471173,0.3589189189189189,0.031856358538351795,test,logistic_regression,lr-oulad-academic-fail-c105-s42-v5
Precision-Recall,0.9900596421471173,0.3590483056957462,0.031948345022709546,test,logistic_regression,lr-oulad-academic-fail-c105-s42-v5
Precision-Recall,0.9900596421471173,0.3591777857915615,0.03214371991378926,test,logistic_regression,lr-oulad-academic-fail-c105-s42-v5
Precision-Recall,0.9900596421471173,0.3593073593073593,0.03225492488606748,test,logistic_regression,lr-oulad-academic-fail-c105-s42-v5
Precision-Recall,0.9900596421471173,0.35943702634428004,0.03226306025678254,test,logistic_regression,lr-oulad-academic-fail-c105-s42-v5
Precision-Recall,0.9900596421471173,0.3595667870036101,0.03229930090866972,test,logistic_regression,lr-oulad-academic-fail-c105-s42-v5
Precision-Recall,0.9900596421471173,0.35969664138678226,0.03233336630544775,test,logistic_regression,lr-oulad-academic-fail-c105-s42-v5
Precision-Recall,0.989065606361829,0.35946531791907516,0.032353988968503354,test,logistic_regression,lr-oulad-academic-fail-c105-s42-v5
Precision-Recall,0.989065606361829,0.35959522949042283,0.03245599932270374,test,logistic_regression,lr-oulad-academic-fail-c105-s42-v5
Precision-Recall,0.989065606361829,0.35972523499638465,0.032494002666659735,test,logistic_regression,lr-oulad-academic-fail-c105-s42-v5
Precision-Recall,0.989065606361829,0.35985533453887886,0.0325217508405167,test,logistic_regression,lr-oulad-academic-fail-c105-s42-v5
Precision-Recall,0.989065606361829,0.35998552821997104,0.03261988417454251,test,logistic_regression,lr-oulad-academic-fail-c105-s42-v5
Precision-Recall,0.989065606361829,0.36011581614187477,0.03273775955564688,test,logistic_regression,lr-oulad-academic-fail-c105-s42-v5
Precision-Recall,0.989065606361829,0.3602461984069515,0.032890272035382424,test,logistic_regression,lr-oulad-academic-fail-c105-s42-v5
Precision-Recall,0.989065606361829,0.360376675117711,0.03289144783821436,test,logistic_regression,lr-oulad-academic-fail-c105-s42-v5
Precision-Recall,0.989065606361829,0.3605072463768116,0.033010497589671874,test,logistic_regression,lr-oulad-academic-fail-c105-s42-v5
Precision-Recall,0.9880715705765407,0.36027546212395795,0.033090533810228154,test,logistic_regression,lr-oulad-academic-fail-c105-s42-v5
Precision-Recall,0.9880715705765407,0.3604060913705584,0.033097270095650666,test,logistic_regression,lr-oulad-academic-fail-c105-s42-v5
Precision-Recall,0.9880715705765407,0.3605368153790352,0.03313049037392677,test,logistic_regression,lr-oulad-academic-fail-c105-s42-v5
Precision-Recall,0.9880715705765407,0.3606676342525399,0.03315997031715437,test,logistic_regression,lr-oulad-academic-fail-c105-s42-v5
Precision-Recall,0.9880715705765407,0.36079854809437384,0.0332390727050527,test,logistic_regression,lr-oulad-academic-fail-c105-s42-v5
Precision-Recall,0.9880715705765407,0.3609295570079884,0.03332045483369247,test,logistic_regression,lr-oulad-academic-fail-c105-s42-v5
Precision-Recall,0.9880715705765407,0.3610606610969851,0.033321158318368335,test,logistic_regression,lr-oulad-academic-fail-c105-s42-v5
Precision-Recall,0.9880715705765407,0.36119186046511625,0.03343468385968804,test,logistic_regression,lr-oulad-academic-fail-c105-s42-v5
Precision-Recall,0.9880715705765407,0.361323155216285,0.03346659207821099,test,logistic_regression,lr-oulad-academic-fail-c105-s42-v5
Precision-Recall,0.9880715705765407,0.3614545454545455,0.03369011760323933,test,logistic_regression,lr-oulad-academic-fail-c105-s42-v5
Precision-Recall,0.9880715705765407,0.3615860312841033,0.033697735459717056,test,logistic_regression,lr-oulad-academic-fail-c105-s42-v5
Precision-Recall,0.9880715705765407,0.36171761280931586,0.03370918733658092,test,logistic_regression,lr-oulad-academic-fail-c105-s42-v5
Precision-Recall,0.9880715705765407,0.3618492901346924,0.034000093264499646,test,logistic_regression,lr-oulad-academic-fail-c105-s42-v5
Precision-Recall,0.9880715705765407,0.3619810633648944,0.034089787398693006,test,logistic_regression,lr-oulad-academic-fail-c105-s42-v5
Precision-Recall,0.9880715705765407,0.36211293260473587,0.0342644805775989,test,logistic_regression,lr-oulad-academic-fail-c105-s42-v5
Precision-Recall,0.9880715705765407,0.3622448979591837,0.03431692106793694,test,logistic_regression,lr-oulad-academic-fail-c105-s42-v5
Precision-Recall,0.9880715705765407,0.36237695953335763,0.0345621427650658,test,logistic_regression,lr-oulad-academic-fail-c105-s42-v5
Precision-Recall,0.9880715705765407,0.362509117432531,0.03457168909342951,test,logistic_regression,lr-oulad-academic-fail-c105-s42-v5
Precision-Recall,0.9870775347912525,0.36227654140824517,0.03477184349520843,test,logistic_regression,lr-oulad-academic-fail-c105-s42-v5
Precision-Recall,0.9870775347912525,0.3624087591240876,0.03491242415212787,test,logistic_regression,lr-oulad-academic-fail-c105-s42-v5
Precision-Recall,0.9870775347912525,0.36254107338444685,0.034924706223895215,test,logistic_regression,lr-oulad-academic-fail-c105-s42-v5
Precision-Recall,0.9870775347912525,0.36267348429510593,0.035036402358791505,test,logistic_regression,lr-oulad-academic-fail-c105-s42-v5
Precision-Recall,0.9870775347912525,0.3628059919620022,0.035055091205834686,test,logistic_regression,lr-oulad-academic-fail-c105-s42-v5
Precision-Recall,0.9860834990059643,0.36257309941520466,0.035062425349420355,test,logistic_regression,lr-oulad-academic-fail-c105-s42-v5
Precision-Recall,0.9860834990059643,0.3627056672760512,0.035086449554524175,test,logistic_regression,lr-oulad-academic-fail-c105-s42-v5
Precision-Recall,0.9860834990059643,0.36283833211411853,0.035098029573903115,test,logistic_regression,lr-oulad-academic-fail-c105-s42-v5
Precision-Recall,0.9860834990059643,0.36297109403585803,0.03539210774052573,test,logistic_regression,lr-oulad-academic-fail-c105-s42-v5
Precision-Recall,0.9860834990059643,0.363103953147877,0.0353972566194352,test,logistic_regression,lr-oulad-academic-fail-c105-s42-v5
Precision-Recall,0.9860834990059643,0.3632369095569388,0.03550890426333081,test,logistic_regression,lr-oulad-academic-fail-c105-s42-v5
Precision-Recall,0.9860834990059643,0.36336996336996336,0.03554287085572425,test,logistic_regression,lr-oulad-academic-fail-c105-s42-v5
Precision-Recall,0.9860834990059643,0.36350311469402713,0.03568796121056655,test,logistic_regression,lr-oulad-academic-fail-c105-s42-v5
Precision-Recall,0.9860834990059643,0.36363636363636365,0.03572909985466665,test,logistic_regression,lr-oulad-academic-fail-c105-s42-v5
Precision-Recall,0.9860834990059643,0.3637697103043638,0.035746321412777324,test,logistic_regression,lr-oulad-academic-fail-c105-s42-v5
Precision-Recall,0.9860834990059643,0.36390315480557595,0.03583289878569572,test,logistic_regression,lr-oulad-academic-fail-c105-s42-v5
Precision-Recall,0.9860834990059643,0.36403669724770643,0.03592572414283156,test,logistic_regression,lr-oulad-academic-fail-c105-s42-v5
Precision-Recall,0.9860834990059643,0.3641703377386197,0.035952565620831455,test,logistic_regression,lr-oulad-academic-fail-c105-s42-v5
Precision-Recall,0.9860834990059643,0.3643040763863386,0.036017897127173265,test,logistic_regression,lr-oulad-academic-fail-c105-s42-v5
Precision-Recall,0.9860834990059643,0.36443791329904485,0.03605262435427197,test,logistic_regression,lr-oulad-academic-fail-c105-s42-v5
Precision-Recall,0.9860834990059643,0.364571848585079,0.03617288770710588,test,logistic_regression,lr-oulad-academic-fail-c105-s42-v5
Precision-Recall,0.9860834990059643,0.36470588235294116,0.03631760943409984,test,logistic_regression,lr-oulad-academic-fail-c105-s42-v5
Precision-Recall,0.9860834990059643,0.3648400147112909,0.0363772753651682,test,logistic_regression,lr-oulad-academic-fail-c105-s42-v5
Precision-Recall,0.9860834990059643,0.36497424576894777,0.0364055458739153,test,logistic_regression,lr-oulad-academic-fail-c105-s42-v5
Precision-Recall,0.9860834990059643,0.3651085756348914,0.03652462192720196,test,logistic_regression,lr-oulad-academic-fail-c105-s42-v5
Precision-Recall,0.9860834990059643,0.36524300441826213,0.03661189129691515,test,logistic_regression,lr-oulad-academic-fail-c105-s42-v5
Precision-Recall,0.9860834990059643,0.36537753222836095,0.036686124668719115,test,logistic_regression,lr-oulad-academic-fail-c105-s42-v5
Precision-Recall,0.9860834990059643,0.36551215917464996,0.03673014681989325,test,logistic_regression,lr-oulad-academic-fail-c105-s42-v5
Precision-Recall,0.9860834990059643,0.36564688536675266,0.03673994620959032,test,logistic_regression,lr-oulad-academic-fail-c105-s42-v5
Precision-Recall,0.9860834990059643,0.36578171091445427,0.03675672836176008,test,logistic_regression,lr-oulad-academic-fail-c105-s42-v5
Precision-Recall,0.9860834990059643,0.36591663592770196,0.03678479047490514,test,logistic_regression,lr-oulad-academic-fail-c105-s42-v5
Precision-Recall,0.9860834990059643,0.36605166051660515,0.03679340326690953,test,logistic_regression,lr-oulad-academic-fail-c105-s42-v5
Precision-Recall,0.9860834990059643,0.36618678479143596,0.036815105978100206,test,logistic_regression,lr-oulad-academic-fail-c105-s42-v5
Precision-Recall,0.9860834990059643,0.3663220088626292,0.03682801265158705,test,logistic_regression,lr-oulad-academic-fail-c105-s42-v5
Precision-Recall,0.9860834990059643,0.36645733284078313,0.036838597385605215,test,logistic_regression,lr-oulad-academic-fail-c105-s42-v5
Precision-Recall,0.9860834990059643,0.36659275683665926,0.036884264434885725,test,logistic_regression,lr-oulad-academic-fail-c105-s42-v5
Precision-Recall,0.9860834990059643,0.366728280961183,0.03696075286913276,test,logistic_regression,lr-oulad-academic-fail-c105-s42-v5
Precision-Recall,0.9860834990059643,0.3668639053254438,0.03700965007638816,test,logistic_regression,lr-oulad-academic-fail-c105-s42-v5
Precision-Recall,0.9860834990059643,0.3669996300406955,0.03704592261989108,test,logistic_regression,lr-oulad-academic-fail-c105-s42-v5
Precision-Recall,0.9850894632206759,0.3667653589933383,0.037119634882657654,test,logistic_regression,lr-oulad-academic-fail-c105-s42-v5
Precision-Recall,0.9850894632206759,0.36690114772306553,0.037127816599680494,test,logistic_regression,lr-oulad-academic-fail-c105-s42-v5
Precision-Recall,0.9850894632206759,0.36703703703703705,0.037203984629327405,test,logistic_regression,lr-oulad-academic-fail-c105-s42-v5
Precision-Recall,0.9850894632206759,0.36717302704705446,0.0373818516741332,test,logistic_regression,lr-oulad-academic-fail-c105-s42-v5
Precision-Recall,0.9850894632206759,0.36730911786508524,0.03738878488985206,test,logistic_regression,lr-oulad-academic-fail-c105-s42-v5
Precision-Recall,0.9850894632206759,0.3674453096032629,0.03746123142331276,test,logistic_regression,lr-oulad-academic-fail-c105-s42-v5
Precision-Recall,0.9850894632206759,0.36758160237388726,0.03768991868892702,test,logistic_regression,lr-oulad-academic-fail-c105-s42-v5
Precision-Recall,0.9840954274353877,0.3673469387755102,0.037693060081700695,test,logistic_regression,lr-oulad-academic-fail-c105-s42-v5
Precision-Recall,0.9840954274353877,0.3674832962138085,0.037784039395032054,test,logistic_regression,lr-oulad-academic-fail-c105-s42-v5
Precision-Recall,0.9840954274353877,0.3676197549201634,0.037988635610568304,test,logistic_regression,lr-oulad-academic-fail-c105-s42-v5
Precision-Recall,0.9840954274353877,0.36775631500742945,0.03815724577933594,test,logistic_regression,lr-oulad-academic-fail-c105-s42-v5
Precision-Recall,0.9840954274353877,0.36789297658862874,0.03821654534413652,test,logistic_regression,lr-oulad-academic-fail-c105-s42-v5
Precision-Recall,0.9840954274353877,0.3680297397769517,0.0382431293269579,test,logistic_regression,lr-oulad-academic-fail-c105-s42-v5
Precision-Recall,0.9840954274353877,0.3681666046857568,0.03834718275526184,test,logistic_regression,lr-oulad-academic-fail-c105-s42-v5
Precision-Recall,0.9840954274353877,0.36830357142857145,0.038463943974379265,test,logistic_regression,lr-oulad-academic-fail-c105-s42-v5
Precision-Recall,0.9840954274353877,0.36844064011909194,0.03852044850120275,test,logistic_regression,lr-oulad-academic-fail-c105-s42-v5
Precision-Recall,0.9840954274353877,0.3685778108711839,0.038569428217001864,test,logistic_regression,lr-oulad-academic-fail-c105-s42-v5
Precision-Recall,0.9840954274353877,0.3687150837988827,0.03881080832145852,test,logistic_regression,lr-oulad-academic-fail-c105-s42-v5
Precision-Recall,0.9840954274353877,0.36885245901639346,0.038870191009796176,test,logistic_regression,lr-oulad-academic-fail-c105-s42-v5
Precision-Recall,0.9840954274353877,0.3689899366380917,0.038873068592607425,test,logistic_regression,lr-oulad-academic-fail-c105-s42-v5
Precision-Recall,0.9840954274353877,0.3691275167785235,0.038879751516672875,test,logistic_regression,lr-oulad-academic-fail-c105-s42-v5
Precision-Recall,0.9840954274353877,0.36926519955240583,0.03888611159575874,test,logistic_regression,lr-oulad-academic-fail-c105-s42-v5
Precision-Recall,0.9840954274353877,0.3694029850746269,0.03905023881964208,test,logistic_regression,lr-oulad-academic-fail-c105-s42-v5
Precision-Recall,0.9840954274353877,0.36954087346024633,0.039114595348167955,test,logistic_regression,lr-oulad-academic-fail-c105-s42-v5
Precision-Recall,0.9840954274353877,0.3696788648244959,0.039409367192779536,test,logistic_regression,lr-oulad-academic-fail-c105-s42-v5
Precision-Recall,0.9840954274353877,0.36981695928277925,0.03943390021355698,test,logistic_regression,lr-oulad-academic-fail-c105-s42-v5
Precision-Recall,0.9840954274353877,0.36995515695067266,0.03950147036187443,test,logistic_regression,lr-oulad-academic-fail-c105-s42-v5
Precision-Recall,0.9840954274353877,0.37009345794392523,0.03953792751937104,test,logistic_regression,lr-oulad-academic-fail-c105-s42-v5
Precision-Recall,0.9840954274353877,0.37023186237845923,0.03953960128785812,test,logistic_regression,lr-oulad-academic-fail-c105-s42-v5
Precision-Recall,0.9840954274353877,0.37037037037037035,0.039568277230101465,test,logistic_regression,lr-oulad-academic-fail-c105-s42-v5
Precision-Recall,0.9840954274353877,0.37050898203592814,0.03958902436856087,test,logistic_regression,lr-oulad-academic-fail-c105-s42-v5
Precision-Recall,0.9840954274353877,0.37064769749157617,0.03973238636649968,test,logistic_regression,lr-oulad-academic-fail-c105-s42-v5
Precision-Recall,0.9840954274353877,0.3707865168539326,0.03977080188888083,test,logistic_regression,lr-oulad-academic-fail-c105-s42-v5
Precision-Recall,0.9840954274353877,0.3709254402397902,0.03982019520088667,test,logistic_regression,lr-oulad-academic-fail-c105-s42-v5
Precision-Recall,0.9840954274353877,0.37106446776611696,0.039945276194151016,test,logistic_regression,lr-oulad-academic-fail-c105-s42-v5
Precision-Recall,0.9840954274353877,0.3712035995500562,0.0400635785303648,test,logistic_regression,lr-oulad-academic-fail-c105-s42-v5
Precision-Recall,0.9840954274353877,0.37134283570892723,0.040099191401315244,test,logistic_regression,lr-oulad-academic-fail-c105-s42-v5
Precision-Recall,0.9840954274353877,0.3714821763602251,0.04025024441007331,test,logistic_regression,lr-oulad-academic-fail-c105-s42-v5
Precision-Recall,0.9840954274353877,0.3716216216216216,0.040334417238890946,test,logistic_regression,lr-oulad-academic-fail-c105-s42-v5
Precision-Recall,0.9840954274353877,0.37176117161096506,0.040432935415402126,test,logistic_regression,lr-oulad-academic-fail-c105-s42-v5
Precision-Recall,0.9840954274353877,0.371900826446281,0.040475581201840596,test,logistic_regression,lr-oulad-academic-fail-c105-s42-v5
Precision-Recall,0.9840954274353877,0.37204058624577224,0.04055015715728158,test,logistic_regression,lr-oulad-academic-fail-c105-s42-v5
Precision-Recall,0.9840954274353877,0.37218045112781956,0.040558213796060165,test,logistic_regression,lr-oulad-academic-fail-c105-s42-v5
Precision-Recall,0.9840954274353877,0.3723204212109816,0.04058337842416482,test,logistic_regression,lr-oulad-academic-fail-c105-s42-v5
Precision-Recall,0.9840954274353877,0.3724604966139955,0.040589282313747796,test,logistic_regression,lr-oulad-academic-fail-c105-s42-v5
Precision-Recall,0.9840954274353877,0.3726006774557772,0.04077865646564149,test,logistic_regression,lr-oulad-academic-fail-c105-s42-v5
Precision-Recall,0.9840954274353877,0.3727409638554217,0.04080860647981378,test,logistic_regression,lr-oulad-academic-fail-c105-s42-v5
Precision-Recall,0.9840954274353877,0.3728813559322034,0.04083282084673011,test,logistic_regression,lr-oulad-academic-fail-c105-s42-v5
Precision-Recall,0.9840954274353877,0.3730218538055765,0.040843710506145235,test,logistic_regression,lr-oulad-academic-fail-c105-s42-v5
Precision-Recall,0.9840954274353877,0.3731624575951753,0.0408491191180299,test,logistic_regression,lr-oulad-academic-fail-c105-s42-v5
Precision-Recall,0.9840954274353877,0.3733031674208145,0.04099839585220651,test,logistic_regression,lr-oulad-academic-fail-c105-s42-v5
Precision-Recall,0.9840954274353877,0.37344398340248963,0.04103844044266019,test,logistic_regression,lr-oulad-academic-fail-c105-s42-v5
Precision-Recall,0.9840954274353877,0.37358490566037733,0.04107792662797393,test,logistic_regression,lr-oulad-academic-fail-c105-s42-v5
Precision-Recall,0.9840954274353877,0.3737259343148358,0.04115514757276538,test,logistic_regression,lr-oulad-academic-fail-c105-s42-v5
Precision-Recall,0.9840954274353877,0.37386706948640486,0.04129489064912532,test,logistic_regression,lr-oulad-academic-fail-c105-s42-v5
Precision-Recall,0.9840954274353877,0.3740083112958066,0.04132640507802005,test,logistic_regression,lr-oulad-academic-fail-c105-s42-v5
Precision-Recall,0.9840954274353877,0.3741496598639456,0.0414071393497213,test,logistic_regression,lr-oulad-academic-fail-c105-s42-v5
Precision-Recall,0.9840954274353877,0.3742911153119093,0.04150335966005621,test,logistic_regression,lr-oulad-academic-fail-c105-s42-v5
Precision-Recall,0.9840954274353877,0.3744326777609682,0.04150580346284862,test,logistic_regression,lr-oulad-academic-fail-c105-s42-v5
Precision-Recall,0.9840954274353877,0.3745743473325766,0.041509995035207595,test,logistic_regression,lr-oulad-academic-fail-c105-s42-v5
Precision-Recall,0.9840954274353877,0.37471612414837246,0.041586505784604544,test,logistic_regression,lr-oulad-academic-fail-c105-s42-v5
Precision-Recall,0.9840954274353877,0.37485800833017796,0.04172425295240665,test,logistic_regression,lr-oulad-academic-fail-c105-s42-v5
Precision-Recall,0.9840954274353877,0.375,0.04174960676815921,test,logistic_regression,lr-oulad-academic-fail-c105-s42-v5
Precision-Recall,0.9840954274353877,0.37514209928003034,0.04185846108439984,test,logistic_regression,lr-oulad-academic-fail-c105-s42-v5
Precision-Recall,0.9840954274353877,0.3752843062926459,0.041946176535440395,test,logistic_regression,lr-oulad-academic-fail-c105-s42-v5
Precision-Recall,0.9840954274353877,0.37542662116040953,0.042225674424799374,test,logistic_regression,lr-oulad-academic-fail-c105-s42-v5
Precision-Recall,0.9840954274353877,0.37556904400606983,0.04239550318910049,test,logistic_regression,lr-oulad-academic-fail-c105-s42-v5
Precision-Recall,0.9840954274353877,0.3757115749525617,0.042423776143805346,test,logistic_regression,lr-oulad-academic-fail-c105-s42-v5
Precision-Recall,0.9831013916500994,0.37547456340167046,0.04246875797651968,test,logistic_regression,lr-oulad-academic-fail-c105-s42-v5
Precision-Recall,0.9831013916500994,0.3756171667299658,0.04247655800785298,test,logistic_regression,lr-oulad-academic-fail-c105-s42-v5
Precision-Recall,0.9831013916500994,0.3757598784194529,0.042557210475931466,test,logistic_regression,lr-oulad-academic-fail-c105-s42-v5
Precision-Recall,0.9831013916500994,0.37590269859369063,0.04263299782290079,test,logistic_regression,lr-oulad-academic-fail-c105-s42-v5
Precision-Recall,0.9831013916500994,0.37604562737642583,0.042646524080063634,test,logistic_regression,lr-oulad-academic-fail-c105-s42-v5
Precision-Recall,0.9831013916500994,0.37618866489159375,0.04293305380687831,test,logistic_regression,lr-oulad-academic-fail-c105-s42-v5
Precision-Recall,0.9831013916500994,0.3763318112633181,0.04294395964456997,test,logistic_regression,lr-oulad-academic-fail-c105-s42-v5
Precision-Recall,0.9831013916500994,0.3764750666159117,0.04297242718435956,test,logistic_regression,lr-oulad-academic-fail-c105-s42-v5
Precision-Recall,0.9831013916500994,0.3766184310738766,0.04305283477214119,test,logistic_regression,lr-oulad-academic-fail-c105-s42-v5
Precision-Recall,0.9831013916500994,0.37676190476190474,0.04329374272863869,test,logistic_regression,lr-oulad-academic-fail-c105-s42-v5
Precision-Recall,0.9831013916500994,0.37690548780487804,0.04359681635999113,test,logistic_regression,lr-oulad-academic-fail-c105-s42-v5
Precision-Recall,0.9831013916500994,0.3770491803278688,0.04372778418970632,test,logistic_regression,lr-oulad-academic-fail-c105-s42-v5
Precision-Recall,0.9831013916500994,0.37719298245614036,0.04383801203073499,test,logistic_regression,lr-oulad-academic-fail-c105-s42-v5
Precision-Recall,0.9831013916500994,0.3773368943151469,0.04386931661084855,test,logistic_regression,lr-oulad-academic-fail-c105-s42-v5
Precision-Recall,0.9831013916500994,0.37748091603053435,0.04393788708163972,test,logistic_regression,lr-oulad-academic-fail-c105-s42-v5
Precision-Recall,0.9831013916500994,0.37762504772814054,0.04407104760288354,test,logistic_regression,lr-oulad-academic-fail-c105-s42-v5
Precision-Recall,0.9831013916500994,0.3777692895339954,0.04416970131017328,test,logistic_regression,lr-oulad-academic-fail-c105-s42-v5
Precision-Recall,0.9831013916500994,0.3779136415743217,0.0443384336657465,test,logistic_regression,lr-oulad-academic-fail-c105-s42-v5
Precision-Recall,0.9831013916500994,0.3780581039755352,0.04436243404518029,test,logistic_regression,lr-oulad-academic-fail-c105-s42-v5
Precision-Recall,0.9831013916500994,0.37820267686424475,0.04457692831785485,test,logistic_regression,lr-oulad-academic-fail-c105-s42-v5
Precision-Recall,0.9821073558648111,0.37796480489671,0.044606499196603304,test,logistic_regression,lr-oulad-academic-fail-c105-s42-v5
Precision-Recall,0.9821073558648111,0.3781094527363184,0.04463739552003553,test,logistic_regression,lr-oulad-academic-fail-c105-s42-v5
Precision-Recall,0.9821073558648111,0.3782542113323124,0.04465299470322708,test,logistic_regression,lr-oulad-academic-fail-c105-s42-v5
Precision-Recall,0.9821073558648111,0.37839908081194945,0.04466278259540628,test,logistic_regression,lr-oulad-academic-fail-c105-s42-v5
Precision-Recall,0.9821073558648111,0.378544061302682,0.04470361012235688,test,logistic_regression,lr-oulad-academic-fail-c105-s42-v5
Precision-Recall,0.9811133200795229,0.3783058643158298,0.04485698144460633,test,logistic_regression,lr-oulad-academic-fail-c105-s42-v5
Precision-Recall,0.9811133200795229,0.3784509202453988,0.0450020809557558,test,logistic_regression,lr-oulad-academic-fail-c105-s42-v5
Precision-Recall,0.9801192842942346,0.3782125047947833,0.045039884402985404,test,logistic_regression,lr-oulad-academic-fail-c105-s42-v5
Precision-Recall,0.9801192842942346,0.37835763622409824,0.045063893329151006,test,logistic_regression,lr-oulad-academic-fail-c105-s42-v5
Precision-Recall,0.9801192842942346,0.37850287907869484,0.045200967285531427,test,logistic_regression,lr-oulad-academic-fail-c105-s42-v5
Precision-Recall,0.9801192842942346,0.37864823348694315,0.045251585247809145,test,logistic_regression,lr-oulad-academic-fail-c105-s42-v5
Precision-Recall,0.9801192842942346,0.37879369957741066,0.045271174414760834,test,logistic_regression,lr-oulad-academic-fail-c105-s42-v5
Precision-Recall,0.9801192842942346,0.3789392774788624,0.04527140251651793,test,logistic_regression,lr-oulad-academic-fail-c105-s42-v5
Precision-Recall,0.9801192842942346,0.3790849673202614,0.045310482583931076,test,logistic_regression,lr-oulad-academic-fail-c105-s42-v5
Precision-Recall,0.9801192842942346,0.3792307692307692,0.045403616300672765,test,logistic_regression,lr-oulad-academic-fail-c105-s42-v5
Precision-Recall,0.9801192842942346,0.37937668333974606,0.04542215928143886,test,logistic_regression,lr-oulad-academic-fail-c105-s42-v5
Precision-Recall,0.9801192842942346,0.37952270977675134,0.04543013190876535,test,logistic_regression,lr-oulad-academic-fail-c105-s42-v5
Precision-Recall,0.9801192842942346,0.3796688486715441,0.04544577430482854,test,logistic_regression,lr-oulad-academic-fail-c105-s42-v5
Precision-Recall,0.9801192842942346,0.3798151001540832,0.04555836395748129,test,logistic_regression,lr-oulad-academic-fail-c105-s42-v5
Precision-Recall,0.9801192842942346,0.37996146435452793,0.04557356437404086,test,logistic_regression,lr-oulad-academic-fail-c105-s42-v5
Precision-Recall,0.9801192842942346,0.3801079414032382,0.04557606437031441,test,logistic_regression,lr-oulad-academic-fail-c105-s42-v5
Precision-Recall,0.9791252485089463,0.3798688777477825,0.04566358829299375,test,logistic_regression,lr-oulad-academic-fail-c105-s42-v5
Precision-Recall,0.9791252485089463,0.3800154320987654,0.045681833489142766,test,logistic_regression,lr-oulad-academic-fail-c105-s42-v5
Precision-Recall,0.9791252485089463,0.3801620995754535,0.04576658733901204,test,logistic_regression,lr-oulad-academic-fail-c105-s42-v5
Precision-Recall,0.9791252485089463,0.3803088803088803,0.04589781779053145,test,logistic_regression,lr-oulad-academic-fail-c105-s42-v5
Precision-Recall,0.9791252485089463,0.38045577443028195,0.045943480461381976,test,logistic_regression,lr-oulad-academic-fail-c105-s42-v5
Precision-Recall,0.9791252485089463,0.3806027820710974,0.045951051458409435,test,logistic_regression,lr-oulad-academic-fail-c105-s42-v5
Precision-Recall,0.9791252485089463,0.3807499033629687,0.04604097677908045,test,logistic_regression,lr-oulad-academic-fail-c105-s42-v5
Precision-Recall,0.9791252485089463,0.3808971384377417,0.046171335381586916,test,logistic_regression,lr-oulad-academic-fail-c105-s42-v5
Precision-Recall,0.9791252485089463,0.38104448742746616,0.0461739855242158,test,logistic_regression,lr-oulad-academic-fail-c105-s42-v5
Precision-Recall,0.9791252485089463,0.3811919504643963,0.04638752072033899,test,logistic_regression,lr-oulad-academic-fail-c105-s42-v5
Precision-Recall,0.9791252485089463,0.3813395276809911,0.04643189937069347,test,logistic_regression,lr-oulad-academic-fail-c105-s42-v5
Precision-Recall,0.9791252485089463,0.3814872192099148,0.04650713848241338,test,logistic_regression,lr-oulad-academic-fail-c105-s42-v5
Precision-Recall,0.9791252485089463,0.3816350251840372,0.046533800594073665,test,logistic_regression,lr-oulad-academic-fail-c105-s42-v5
Precision-Recall,0.9791252485089463,0.3817829457364341,0.04654284760773448,test,logistic_regression,lr-oulad-academic-fail-c105-s42-v5
Precision-Recall,0.9791252485089463,0.38193098100038775,0.04658842034854299,test,logistic_regression,lr-oulad-academic-fail-c105-s42-v5
Precision-Recall,0.9791252485089463,0.3820791311093871,0.046638259363362015,test,logistic_regression,lr-oulad-academic-fail-c105-s42-v5
Precision-Recall,0.9791252485089463,0.3822273961971284,0.04664585563736172,test,logistic_regression,lr-oulad-academic-fail-c105-s42-v5
Precision-Recall,0.9791252485089463,0.3823757763975155,0.046736299594658505,test,logistic_regression,lr-oulad-academic-fail-c105-s42-v5
Precision-Recall,0.9791252485089463,0.3825242718446602,0.04696292304363093,test,logistic_regression,lr-oulad-academic-fail-c105-s42-v5
Precision-Recall,0.9791252485089463,0.3826728826728827,0.04702419443187944,test,logistic_regression,lr-oulad-academic-fail-c105-s42-v5
Precision-Recall,0.9791252485089463,0.38282160901671203,0.04713251940625279,test,logistic_regression,lr-oulad-academic-fail-c105-s42-v5
Precision-Recall,0.9791252485089463,0.38297045101088645,0.04717991778183129,test,logistic_regression,lr-oulad-academic-fail-c105-s42-v5
Precision-Recall,0.9791252485089463,0.38311940879035394,0.04719498261737689,test,logistic_regression,lr-oulad-academic-fail-c105-s42-v5
Precision-Recall,0.9791252485089463,0.3832684824902724,0.04724490721074322,test,logistic_regression,lr-oulad-academic-fail-c105-s42-v5
Precision-Recall,0.9791252485089463,0.38341767224601014,0.04730670836296553,test,logistic_regression,lr-oulad-academic-fail-c105-s42-v5
Precision-Recall,0.9791252485089463,0.3835669781931464,0.04730961323082916,test,logistic_regression,lr-oulad-academic-fail-c105-s42-v5
Precision-Recall,0.9791252485089463,0.38371640046747174,0.04742559315496317,test,logistic_regression,lr-oulad-academic-fail-c105-s42-v5
Precision-Recall,0.9791252485089463,0.3838659392049883,0.04757826961978648,test,logistic_regression,lr-oulad-academic-fail-c105-s42-v5
Precision-Recall,0.9791252485089463,0.3840155945419103,0.04759293070917037,test,logistic_regression,lr-oulad-academic-fail-c105-s42-v5
Precision-Recall,0.9791252485089463,0.3841653666146646,0.04760645845801687,test,logistic_regression,lr-oulad-academic-fail-c105-s42-v5
Precision-Recall,0.9791252485089463,0.38431525555989077,0.04762449286080069,test,logistic_regression,lr-oulad-academic-fail-c105-s42-v5
Precision-Recall,0.9791252485089463,0.3844652615144418,0.04770188169734715,test,logistic_regression,lr-oulad-academic-fail-c105-s42-v5
Precision-Recall,0.9791252485089463,0.38461538461538464,0.04793560287078498,test,logistic_regression,lr-oulad-academic-fail-c105-s42-v5
Precision-Recall,0.9791252485089463,0.384765625,0.04805956749527598,test,logistic_regression,lr-oulad-academic-fail-c105-s42-v5
Precision-Recall,0.9791252485089463,0.3849159828057835,0.04830872123434879,test,logistic_regression,lr-oulad-academic-fail-c105-s42-v5
Precision-Recall,0.9791252485089463,0.38506645817044566,0.0483346169919111,test,logistic_regression,lr-oulad-academic-fail-c105-s42-v5
Precision-Recall,0.9791252485089463,0.3852170512319124,0.048390045735389846,test,logistic_regression,lr-oulad-academic-fail-c105-s42-v5
Precision-Recall,0.9791252485089463,0.3853677621283255,0.04839900119746715,test,logistic_regression,lr-oulad-academic-fail-c105-s42-v5
Precision-Recall,0.9791252485089463,0.38551859099804303,0.048468523590964215,test,logistic_regression,lr-oulad-academic-fail-c105-s42-v5
Precision-Recall,0.9791252485089463,0.38566953797963976,0.048518767136806355,test,logistic_regression,lr-oulad-academic-fail-c105-s42-v5
Precision-Recall,0.9791252485089463,0.3858206032119076,0.04859550766205579,test,logistic_regression,lr-oulad-academic-fail-c105-s42-v5
Precision-Recall,0.9791252485089463,0.3859717868338558,0.048745077721896055,test,logistic_regression,lr-oulad-academic-fail-c105-s42-v5
Precision-Recall,0.9791252485089463,0.38612308898471187,0.048766824679446145,test,logistic_regression,lr-oulad-academic-fail-c105-s42-v5
Precision-Recall,0.9791252485089463,0.3862745098039216,0.048842166952588806,test,logistic_regression,lr-oulad-academic-fail-c105-s42-v5
Precision-Recall,0.9791252485089463,0.38642604943114944,0.04890054667164317,test,logistic_regression,lr-oulad-academic-fail-c105-s42-v5
Precision-Recall,0.9791252485089463,0.38657770800627944,0.04911584575761796,test,logistic_regression,lr-oulad-academic-fail-c105-s42-v5
Precision-Recall,0.9791252485089463,0.386729485669415,0.049372937519160706,test,logistic_regression,lr-oulad-academic-fail-c105-s42-v5
Precision-Recall,0.9791252485089463,0.38688138256087984,0.04942222259898855,test,logistic_regression,lr-oulad-academic-fail-c105-s42-v5
Precision-Recall,0.9791252485089463,0.38703339882121807,0.04949970868123202,test,logistic_regression,lr-oulad-academic-fail-c105-s42-v5
Precision-Recall,0.9791252485089463,0.387185534591195,0.04953010412545004,test,logistic_regression,lr-oulad-academic-fail-c105-s42-v5
Precision-Recall,0.9791252485089463,0.3873377900117971,0.04963754604462895,test,logistic_regression,lr-oulad-academic-fail-c105-s42-v5
Precision-Recall,0.9791252485089463,0.3874901652242329,0.04969081465522148,test,logistic_regression,lr-oulad-academic-fail-c105-s42-v5
Precision-Recall,0.9791252485089463,0.3876426603699331,0.04989315013020918,test,logistic_regression,lr-oulad-academic-fail-c105-s42-v5
Precision-Recall,0.9791252485089463,0.38779527559055116,0.049922414392867265,test,logistic_regression,lr-oulad-academic-fail-c105-s42-v5
Precision-Recall,0.9791252485089463,0.3879480110279638,0.04998914787188458,test,logistic_regression,lr-oulad-academic-fail-c105-s42-v5
Precision-Recall,0.9791252485089463,0.3881008668242711,0.05002685864067817,test,logistic_regression,lr-oulad-academic-fail-c105-s42-v5
Precision-Recall,0.9791252485089463,0.3882538431217974,0.05004598323251169,test,logistic_regression,lr-oulad-academic-fail-c105-s42-v5
Precision-Recall,0.9791252485089463,0.3884069400630915,0.05011972861559488,test,logistic_regression,lr-oulad-academic-fail-c105-s42-v5
Precision-Recall,0.9791252485089463,0.388560157790927,0.05016063397220218,test,logistic_regression,lr-oulad-academic-fail-c105-s42-v5
Precision-Recall,0.9791252485089463,0.38871349644830305,0.050209165213189064,test,logistic_regression,lr-oulad-academic-fail-c105-s42-v5
Precision-Recall,0.9791252485089463,0.3888669561784445,0.050301706443822744,test,logistic_regression,lr-oulad-academic-fail-c105-s42-v5
Precision-Recall,0.9791252485089463,0.3890205371248025,0.050347241959805535,test,logistic_regression,lr-oulad-academic-fail-c105-s42-v5
Precision-Recall,0.9791252485089463,0.3891742394310549,0.05039667547945378,test,logistic_regression,lr-oulad-academic-fail-c105-s42-v5
Precision-Recall,0.9791252485089463,0.3893280632411067,0.05039920924649437,test,logistic_regression,lr-oulad-academic-fail-c105-s42-v5
Precision-Recall,0.9791252485089463,0.38948200869909055,0.05058934553965873,test,logistic_regression,lr-oulad-academic-fail-c105-s42-v5
Precision-Recall,0.9791252485089463,0.3896360759493671,0.05067823885526406,test,logistic_regression,lr-oulad-academic-fail-c105-s42-v5
Precision-Recall,0.9791252485089463,0.38979026513652554,0.050726212806978636,test,logistic_regression,lr-oulad-academic-fail-c105-s42-v5
Precision-Recall,0.9791252485089463,0.389944576405384,0.050891374055192756,test,logistic_regression,lr-oulad-academic-fail-c105-s42-v5
Precision-Recall,0.9791252485089463,0.3900990099009901,0.0509943725929841,test,logistic_regression,lr-oulad-academic-fail-c105-s42-v5
Precision-Recall,0.9791252485089463,0.39025356576862125,0.051107166604659936,test,logistic_regression,lr-oulad-academic-fail-c105-s42-v5
Precision-Recall,0.9791252485089463,0.39040824415378517,0.051235960323747914,test,logistic_regression,lr-oulad-academic-fail-c105-s42-v5
Precision-Recall,0.9791252485089463,0.39056304520222046,0.0514766082521911,test,logistic_regression,lr-oulad-academic-fail-c105-s42-v5
Precision-Recall,0.9791252485089463,0.39071796905989686,0.05148414504674613,test,logistic_regression,lr-oulad-academic-fail-c105-s42-v5
Precision-Recall,0.9791252485089463,0.39087301587301587,0.051503982854617575,test,logistic_regression,lr-oulad-academic-fail-c105-s42-v5
Precision-Recall,0.9791252485089463,0.39102818578801113,0.05183593296293186,test,logistic_regression,lr-oulad-academic-fail-c105-s42-v5
Precision-Recall,0.9791252485089463,0.39118347895154887,0.05218785511123086,test,logistic_regression,lr-oulad-academic-fail-c105-s42-v5
Precision-Recall,0.9791252485089463,0.3913388955105284,0.052281592831185594,test,logistic_regression,lr-oulad-academic-fail-c105-s42-v5
Precision-Recall,0.9791252485089463,0.3914944356120827,0.05233833153197492,test,logistic_regression,lr-oulad-academic-fail-c105-s42-v5
Precision-Recall,0.9791252485089463,0.39165009940357853,0.05235306313853327,test,logistic_regression,lr-oulad-academic-fail-c105-s42-v5
Precision-Recall,0.9791252485089463,0.3918058870326173,0.05244829906182753,test,logistic_regression,lr-oulad-academic-fail-c105-s42-v5
Precision-Recall,0.9791252485089463,0.3919617986470354,0.052476979760388835,test,logistic_regression,lr-oulad-academic-fail-c105-s42-v5
Precision-Recall,0.9781312127236581,0.39171974522292996,0.05264359306026246,test,logistic_regression,lr-oulad-academic-fail-c105-s42-v5
Precision-Recall,0.9771371769383698,0.3914774990043807,0.05264848341560754,test,logistic_regression,lr-oulad-academic-fail-c105-s42-v5
Precision-Recall,0.9771371769383698,0.3916334661354582,0.05295680926318731,test,logistic_regression,lr-oulad-academic-fail-c105-s42-v5
Precision-Recall,0.9771371769383698,0.3917895575926664,0.05307011465392719,test,logistic_regression,lr-oulad-academic-fail-c105-s42-v5
Precision-Recall,0.9771371769383698,0.3919457735247209,0.05307589550603262,test,logistic_regression,lr-oulad-academic-fail-c105-s42-v5
Precision-Recall,0.9771371769383698,0.3921021140805744,0.05312980313977413,test,logistic_regression,lr-oulad-academic-fail-c105-s42-v5
Precision-Recall,0.9771371769383698,0.3922585794094174,0.053380948935193163,test,logistic_regression,lr-oulad-academic-fail-c105-s42-v5
Precision-Recall,0.9771371769383698,0.39241516966067863,0.05347124129115476,test,logistic_regression,lr-oulad-academic-fail-c105-s42-v5
Precision-Recall,0.9771371769383698,0.39257188498402557,0.053490895414568064,test,logistic_regression,lr-oulad-academic-fail-c105-s42-v5
Precision-Recall,0.9771371769383698,0.3927287255293648,0.053534339380430694,test,logistic_regression,lr-oulad-academic-fail-c105-s42-v5
Precision-Recall,0.9771371769383698,0.39288569144684254,0.05353459708729371,test,logistic_regression,lr-oulad-academic-fail-c105-s42-v5
Precision-Recall,0.9771371769383698,0.39304278288684524,0.05362018195094598,test,logistic_regression,lr-oulad-academic-fail-c105-s42-v5
Precision-Recall,0.9771371769383698,0.3932,0.05384609452356934,test,logistic_regression,lr-oulad-academic-fail-c105-s42-v5
Precision-Recall,0.9771371769383698,0.3933573429371749,0.05389095253254259,test,logistic_regression,lr-oulad-academic-fail-c105-s42-v5
Precision-Recall,0.9771371769383698,0.39351481184947956,0.05392124252563729,test,logistic_regression,lr-oulad-academic-fail-c105-s42-v5
Precision-Recall,0.9771371769383698,0.39367240688826594,0.053927443075993044,test,logistic_regression,lr-oulad-academic-fail-c105-s42-v5
Precision-Recall,0.9771371769383698,0.3938301282051282,0.05394852911589842,test,logistic_regression,lr-oulad-academic-fail-c105-s42-v5
Precision-Recall,0.9771371769383698,0.3939879759519038,0.054004815977124566,test,logistic_regression,lr-oulad-academic-fail-c105-s42-v5
Precision-Recall,0.9771371769383698,0.3941459502806736,0.05402398813095426,test,logistic_regression,lr-oulad-academic-fail-c105-s42-v5
Precision-Recall,0.9771371769383698,0.39430405134376256,0.054024501247115234,test,logistic_regression,lr-oulad-academic-fail-c105-s42-v5
Precision-Recall,0.9771371769383698,0.39446227929373995,0.05413735427394081,test,logistic_regression,lr-oulad-academic-fail-c105-s42-v5
Precision-Recall,0.9771371769383698,0.3946206342834203,0.05424173870328984,test,logistic_regression,lr-oulad-academic-fail-c105-s42-v5
Precision-Recall,0.9771371769383698,0.39477911646586344,0.05443121766776969,test,logistic_regression,lr-oulad-academic-fail-c105-s42-v5
Precision-Recall,0.9771371769383698,0.39493772599437527,0.054542752556156836,test,logistic_regression,lr-oulad-academic-fail-c105-s42-v5
Precision-Recall,0.9771371769383698,0.39509646302250806,0.05454918366172932,test,logistic_regression,lr-oulad-academic-fail-c105-s42-v5
Precision-Recall,0.9771371769383698,0.39525532770406113,0.05468790635106641,test,logistic_regression,lr-oulad-academic-fail-c105-s42-v5
Precision-Recall,0.9761431411530815,0.39501206757843926,0.054712356428238906,test,logistic_regression,lr-oulad-academic-fail-c105-s42-v5
Precision-Recall,0.9761431411530815,0.39517102615694166,0.05477481954430098,test,logistic_regression,lr-oulad-academic-fail-c105-s42-v5
Precision-Recall,0.9761431411530815,0.39533011272141705,0.05492958496857705,test,logistic_regression,lr-oulad-academic-fail-c105-s42-v5
Precision-Recall,0.9761431411530815,0.3954893274265002,0.05508161216957229,test,logistic_regression,lr-oulad-academic-fail-c105-s42-v5
Precision-Recall,0.9761431411530815,0.39564867042707497,0.05523015713694161,test,logistic_regression,lr-oulad-academic-fail-c105-s42-v5
Precision-Recall,0.9761431411530815,0.3958081418782749,0.05523779188682803,test,logistic_regression,lr-oulad-academic-fail-c105-s42-v5
Precision-Recall,0.9751491053677932,0.39556451612903226,0.05544786329043265,test,logistic_regression,lr-oulad-academic-fail-c105-s42-v5
Precision-Recall,0.9751491053677932,0.39572408229124645,0.055457181492238765,test,logistic_regression,lr-oulad-academic-fail-c105-s42-v5
Precision-Recall,0.9751491053677932,0.39588377723970947,0.055465313600093706,test,logistic_regression,lr-oulad-academic-fail-c105-s42-v5
Precision-Recall,0.9751491053677932,0.39604360113039966,0.055501904884493795,test,logistic_regression,lr-oulad-academic-fail-c105-s42-v5
Precision-Recall,0.9751491053677932,0.39620355411954766,0.05558199822678566,test,logistic_regression,lr-oulad-academic-fail-c105-s42-v5
Precision-Recall,0.9751491053677932,0.39636363636363636,0.05558785705385986,test,logistic_regression,lr-oulad-academic-fail-c105-s42-v5
Precision-Recall,0.9751491053677932,0.39652384801940177,0.05561738139758905,test,logistic_regression,lr-oulad-academic-fail-c105-s42-v5
Precision-Recall,0.9751491053677932,0.3966841892438334,0.05563918927183058,test,logistic_regression,lr-oulad-academic-fail-c105-s42-v5
Precision-Recall,0.9751491053677932,0.39684466019417475,0.055653989051023686,test,logistic_regression,lr-oulad-academic-fail-c105-s42-v5
Precision-Recall,0.9751491053677932,0.39700526102792394,0.05571736795772493,test,logistic_regression,lr-oulad-academic-fail-c105-s42-v5
Precision-Recall,0.9751491053677932,0.397165991902834,0.05578023076922856,test,logistic_regression,lr-oulad-academic-fail-c105-s42-v5
Precision-Recall,0.9751491053677932,0.3973268529769137,0.055818749952785636,test,logistic_regression,lr-oulad-academic-fail-c105-s42-v5
Precision-Recall,0.9751491053677932,0.3974878444084279,0.05585390756433063,test,logistic_regression,lr-oulad-academic-fail-c105-s42-v5
Precision-Recall,0.9751491053677932,0.39764896635589786,0.05588295035821391,test,logistic_regression,lr-oulad-academic-fail-c105-s42-v5
Precision-Recall,0.9751491053677932,0.3978102189781022,0.05591295231676322,test,logistic_regression,lr-oulad-academic-fail-c105-s42-v5
Precision-Recall,0.9751491053677932,0.3979716024340771,0.05603330224978172,test,logistic_regression,lr-oulad-academic-fail-c105-s42-v5
Precision-Recall,0.9751491053677932,0.39813311688311687,0.05606588947867146,test,logistic_regression,lr-oulad-academic-fail-c105-s42-v5
Precision-Recall,0.9751491053677932,0.3982947624847747,0.05613212455425804,test,logistic_regression,lr-oulad-academic-fail-c105-s42-v5
Precision-Recall,0.9751491053677932,0.3984565393988627,0.05615202182673772,test,logistic_regression,lr-oulad-academic-fail-c105-s42-v5
Precision-Recall,0.9751491053677932,0.3986184477854531,0.05624083644961175,test,logistic_regression,lr-oulad-academic-fail-c105-s42-v5
Precision-Recall,0.9751491053677932,0.39878048780487807,0.05627479446010216,test,logistic_regression,lr-oulad-academic-fail-c105-s42-v5
Precision-Recall,0.9751491053677932,0.3989426596177308,0.056285139958626794,test,logistic_regression,lr-oulad-academic-fail-c105-s42-v5
Precision-Recall,0.9751491053677932,0.39910496338486573,0.056451691772876504,test,logistic_regression,lr-oulad-academic-fail-c105-s42-v5
Precision-Recall,0.9751491053677932,0.3992673992673993,0.05646451751637447,test,logistic_regression,lr-oulad-academic-fail-c105-s42-v5
Precision-Recall,0.9751491053677932,0.3994299674267101,0.056493298392792844,test,logistic_regression,lr-oulad-academic-fail-c105-s42-v5
Precision-Recall,0.9751491053677932,0.39959266802443993,0.05663451564019601,test,logistic_regression,lr-oulad-academic-fail-c105-s42-v5
Precision-Recall,0.9751491053677932,0.39975550122249387,0.05670563634698701,test,logistic_regression,lr-oulad-academic-fail-c105-s42-v5
Precision-Recall,0.9751491053677932,0.3999184671830412,0.05677805347676159,test,logistic_regression,lr-oulad-academic-fail-c105-s42-v5
Precision-Recall,0.9751491053677932,0.40008156606851547,0.05681692150659653,test,logistic_regression,lr-oulad-academic-fail-c105-s42-v5
Precision-Recall,0.9751491053677932,0.40024479804161567,0.056874762732860955,test,logistic_regression,lr-oulad-academic-fail-c105-s42-v5
Precision-Recall,0.9751491053677932,0.40040816326530615,0.056898870853793006,test,logistic_regression,lr-oulad-academic-fail-c105-s42-v5
Precision-Recall,0.9751491053677932,0.40057166190281746,0.05691043403911366,test,logistic_regression,lr-oulad-academic-fail-c105-s42-v5
Precision-Recall,0.9751491053677932,0.4007352941176471,0.05691609940457671,test,logistic_regression,lr-oulad-academic-fail-c105-s42-v5
Precision-Recall,0.9751491053677932,0.40089906007355947,0.0570419986857415,test,logistic_regression,lr-oulad-academic-fail-c105-s42-v5
Precision-Recall,0.9751491053677932,0.40106295993458707,0.05704452504838857,test,logistic_regression,lr-oulad-academic-fail-c105-s42-v5
Precision-Recall,0.9751491053677932,0.4012269938650307,0.057091875263119755,test,logistic_regression,lr-oulad-academic-fail-c105-s42-v5
Precision-Recall,0.9751491053677932,0.4013911620294599,0.05711750675642128,test,logistic_regression,lr-oulad-academic-fail-c105-s42-v5
Precision-Recall,0.9751491053677932,0.40155546459271385,0.05717468078695048,test,logistic_regression,lr-oulad-academic-fail-c105-s42-v5
Precision-Recall,0.9751491053677932,0.40171990171990174,0.05720014147191082,test,logistic_regression,lr-oulad-academic-fail-c105-s42-v5
Precision-Recall,0.9751491053677932,0.4018844735764031,0.057382689998241636,test,logistic_regression,lr-oulad-academic-fail-c105-s42-v5
Precision-Recall,0.9751491053677932,0.40204918032786885,0.057422331537090705,test,logistic_regression,lr-oulad-academic-fail-c105-s42-v5
Precision-Recall,0.9751491053677932,0.4022140221402214,0.05748689864298233,test,logistic_regression,lr-oulad-academic-fail-c105-s42-v5
Precision-Recall,0.9751491053677932,0.40237899917965547,0.05755725637855677,test,logistic_regression,lr-oulad-academic-fail-c105-s42-v5
Precision-Recall,0.9751491053677932,0.4025441116126385,0.05773592374385348,test,logistic_regression,lr-oulad-academic-fail-c105-s42-v5
Precision-Recall,0.974155069582505,0.40229885057471265,0.0577475697010452,test,logistic_regression,lr-oulad-academic-fail-c105-s42-v5
Precision-Recall,0.974155069582505,0.4024640657084189,0.05782183208447511,test,logistic_regression,lr-oulad-academic-fail-c105-s42-v5
Precision-Recall,0.974155069582505,0.4026294165981923,0.05796119345142765,test,logistic_regression,lr-oulad-academic-fail-c105-s42-v5
Precision-Recall,0.974155069582505,0.4027949034114262,0.057969886127738256,test,logistic_regression,lr-oulad-academic-fail-c105-s42-v5
Precision-Recall,0.974155069582505,0.4029605263157895,0.05803658827118093,test,logistic_regression,lr-oulad-academic-fail-c105-s42-v5
Precision-Recall,0.974155069582505,0.40312628547922663,0.05808287745034285,test,logistic_regression,lr-oulad-academic-fail-c105-s42-v5
Precision-Recall,0.974155069582505,0.40329218106995884,0.058265153175935586,test,logistic_regression,lr-oulad-academic-fail-c105-s42-v5
Precision-Recall,0.974155069582505,0.4034582132564842,0.05857126303370888,test,logistic_regression,lr-oulad-academic-fail-c105-s42-v5
Precision-Recall,0.974155069582505,0.40362438220757824,0.058690598220012026,test,logistic_regression,lr-oulad-academic-fail-c105-s42-v5
Precision-Recall,0.974155069582505,0.403790688092295,0.05895089201865966,test,logistic_regression,lr-oulad-academic-fail-c105-s42-v5
Precision-Recall,0.974155069582505,0.403957131079967,0.059049257954004425,test,logistic_regression,lr-oulad-academic-fail-c105-s42-v5
Precision-Recall,0.974155069582505,0.4041237113402062,0.05936690536213974,test,logistic_regression,lr-oulad-academic-fail-c105-s42-v5
Precision-Recall,0.974155069582505,0.4042904290429043,0.059413156828610085,test,logistic_regression,lr-oulad-academic-fail-c105-s42-v5
Precision-Recall,0.974155069582505,0.4044572843582336,0.059478407046421586,test,logistic_regression,lr-oulad-academic-fail-c105-s42-v5
Precision-Recall,0.974155069582505,0.4046242774566474,0.05951927367980038,test,logistic_regression,lr-oulad-academic-fail-c105-s42-v5
Precision-Recall,0.974155069582505,0.4047914085088806,0.059539095170738146,test,logistic_regression,lr-oulad-academic-fail-c105-s42-v5
Precision-Recall,0.974155069582505,0.4049586776859504,0.05955794059964606,test,logistic_regression,lr-oulad-academic-fail-c105-s42-v5
Precision-Recall,0.974155069582505,0.40512608515915666,0.05960076166578891,test,logistic_regression,lr-oulad-academic-fail-c105-s42-v5
Precision-Recall,0.974155069582505,0.4052936311000827,0.05961360457793274,test,logistic_regression,lr-oulad-academic-fail-c105-s42-v5
Precision-Recall,0.974155069582505,0.4054613156805958,0.059645327957473515,test,logistic_regression,lr-oulad-academic-fail-c105-s42-v5
Precision-Recall,0.974155069582505,0.4056291390728477,0.05968268830954067,test,logistic_regression,lr-oulad-academic-fail-c105-s42-v5
Precision-Recall,0.974155069582505,0.4057971014492754,0.059741530183960126,test,logistic_regression,lr-oulad-academic-fail-c105-s42-v5
Precision-Recall,0.974155069582505,0.40596520298260147,0.059811129212904594,test,logistic_regression,lr-oulad-academic-fail-c105-s42-v5
Precision-Recall,0.974155069582505,0.40613344384583505,0.059842279074431314,test,logistic_regression,lr-oulad-academic-fail-c105-s42-v5
Precision-Recall,0.974155069582505,0.40630182421227196,0.05998860815185064,test,logistic_regression,lr-oulad-academic-fail-c105-s42-v5
Precision-Recall,0.974155069582505,0.40647034425549566,0.06006410699068605,test,logistic_regression,lr-oulad-academic-fail-c105-s42-v5
Precision-Recall,0.974155069582505,0.4066390041493776,0.06009697262782785,test,logistic_regression,lr-oulad-academic-fail-c105-s42-v5
Precision-Recall,0.974155069582505,0.40680780406807804,0.060099438801907885,test,logistic_regression,lr-oulad-academic-fail-c105-s42-v5
Precision-Recall,0.974155069582505,0.4069767441860465,0.06036629652407108,test,logistic_regression,lr-oulad-academic-fail-c105-s42-v5
Precision-Recall,0.974155069582505,0.40714582467802246,0.06036978017462782,test,logistic_regression,lr-oulad-academic-fail-c105-s42-v5
Precision-Recall,0.974155069582505,0.40731504571903576,0.06047762717286647,test,logistic_regression,lr-oulad-academic-fail-c105-s42-v5
Precision-Recall,0.974155069582505,0.4074844074844075,0.06058247235478094,test,logistic_regression,lr-oulad-academic-fail-c105-s42-v5
Precision-Recall,0.974155069582505,0.40765391014975044,0.060624810837675826,test,logistic_regression,lr-oulad-academic-fail-c105-s42-v5
Precision-Recall,0.974155069582505,0.40782355389096964,0.0610630579583601,test,logistic_regression,lr-oulad-academic-fail-c105-s42-v5
Precision-Recall,0.974155069582505,0.4079933388842631,0.06120270177869299,test,logistic_regression,lr-oulad-academic-fail-c105-s42-v5
Precision-Recall,0.974155069582505,0.40816326530612246,0.06134093084580011,test,logistic_regression,lr-oulad-academic-fail-c105-s42-v5
Precision-Recall,0.974155069582505,0.4083333333333333,0.06136511401884066,test,logistic_regression,lr-oulad-academic-fail-c105-s42-v5
Precision-Recall,0.974155069582505,0.40850354314297627,0.06145515366934264,test,logistic_regression,lr-oulad-academic-fail-c105-s42-v5
Precision-Recall,0.974155069582505,0.408673894912427,0.06148952844412804,test,logistic_regression,lr-oulad-academic-fail-c105-s42-v5
Precision-Recall,0.974155069582505,0.40884438881935753,0.06152787272881686,test,logistic_regression,lr-oulad-academic-fail-c105-s42-v5
Precision-Recall,0.974155069582505,0.4090150250417362,0.061610880450111566,test,logistic_regression,lr-oulad-academic-fail-c105-s42-v5
Precision-Recall,0.974155069582505,0.4091858037578288,0.06171589717166005,test,logistic_regression,lr-oulad-academic-fail-c105-s42-v5
Precision-Recall,0.974155069582505,0.4093567251461988,0.061790540031234166,test,logistic_regression,lr-oulad-academic-fail-c105-s42-v5
Precision-Recall,0.974155069582505,0.40952778938570833,0.06189630147301876,test,logistic_regression,lr-oulad-academic-fail-c105-s42-v5
Precision-Recall,0.974155069582505,0.4096989966555184,0.061944096817706226,test,logistic_regression,lr-oulad-academic-fail-c105-s42-v5
Precision-Recall,0.974155069582505,0.4098703471350899,0.061957379974515774,test,logistic_regression,lr-oulad-academic-fail-c105-s42-v5
Precision-Recall,0.974155069582505,0.4100418410041841,0.062046633023237804,test,logistic_regression,lr-oulad-academic-fail-c105-s42-v5
Precision-Recall,0.974155069582505,0.4102134784428631,0.06207684513920119,test,logistic_regression,lr-oulad-academic-fail-c105-s42-v5
Precision-Recall,0.974155069582505,0.4103852596314908,0.062190915997343624,test,logistic_regression,lr-oulad-academic-fail-c105-s42-v5
Precision-Recall,0.974155069582505,0.41055718475073316,0.06222844096374122,test,logistic_regression,lr-oulad-academic-fail-c105-s42-v5
Precision-Recall,0.974155069582505,0.4107292539815591,0.06229121639698237,test,logistic_regression,lr-oulad-academic-fail-c105-s42-v5
Precision-Recall,0.974155069582505,0.4109014675052411,0.06230404417642875,test,logistic_regression,lr-oulad-academic-fail-c105-s42-v5
Precision-Recall,0.974155069582505,0.4110738255033557,0.06253553715840919,test,logistic_regression,lr-oulad-academic-fail-c105-s42-v5
Precision-Recall,0.974155069582505,0.4112463281577843,0.06274684440318322,test,logistic_regression,lr-oulad-academic-fail-c105-s42-v5
Precision-Recall,0.974155069582505,0.41141897565071367,0.06284414505530506,test,logistic_regression,lr-oulad-academic-fail-c105-s42-v5
Precision-Recall,0.974155069582505,0.4115917681646367,0.06290266847069911,test,logistic_regression,lr-oulad-academic-fail-c105-s42-v5
Precision-Recall,0.974155069582505,0.4117647058823529,0.06296146792244636,test,logistic_regression,lr-oulad-academic-fail-c105-s42-v5
Precision-Recall,0.974155069582505,0.4119377889869693,0.06300221553775394,test,logistic_regression,lr-oulad-academic-fail-c105-s42-v5
Precision-Recall,0.974155069582505,0.4121110176619008,0.06301620926630921,test,logistic_regression,lr-oulad-academic-fail-c105-s42-v5
Precision-Recall,0.974155069582505,0.41228439209087087,0.0630341794001844,test,logistic_regression,lr-oulad-academic-fail-c105-s42-v5
Precision-Recall,0.974155069582505,0.41245791245791247,0.06304745560077206,test,logistic_regression,lr-oulad-academic-fail-c105-s42-v5
Precision-Recall,0.974155069582505,0.4126315789473684,0.06315805787661904,test,logistic_regression,lr-oulad-academic-fail-c105-s42-v5
Precision-Recall,0.974155069582505,0.4128053917438922,0.06320007109707505,test,logistic_regression,lr-oulad-academic-fail-c105-s42-v5
Precision-Recall,0.974155069582505,0.41297935103244837,0.06327548338112984,test,logistic_regression,lr-oulad-academic-fail-c105-s42-v5
Precision-Recall,0.9731610337972167,0.4127318718381113,0.0632973707415718,test,logistic_regression,lr-oulad-academic-fail-c105-s42-v5
Precision-Recall,0.9731610337972167,0.41290594685786586,0.06333544901435499,test,logistic_regression,lr-oulad-academic-fail-c105-s42-v5
Precision-Recall,0.9731610337972167,0.4130801687763713,0.06349570641093949,test,logistic_regression,lr-oulad-academic-fail-c105-s42-v5
Precision-Recall,0.9731610337972167,0.4132545377796539,0.06355284484806274,test,logistic_regression,lr-oulad-academic-fail-c105-s42-v5
Precision-Recall,0.9731610337972167,0.41342905405405406,0.0637840179083346,test,logistic_regression,lr-oulad-academic-fail-c105-s42-v5
Precision-Recall,0.9731610337972167,0.4136037177862273,0.0638222180965582,test,logistic_regression,lr-oulad-academic-fail-c105-s42-v5
Precision-Recall,0.9731610337972167,0.41377852916314456,0.06383578149825933,test,logistic_regression,lr-oulad-academic-fail-c105-s42-v5
Precision-Recall,0.9731610337972167,0.413953488372093,0.06403383418665129,test,logistic_regression,lr-oulad-academic-fail-c105-s42-v5
Precision-Recall,0.9731610337972167,0.41412859560067683,0.06405761456855867,test,logistic_regression,lr-oulad-academic-fail-c105-s42-v5
Precision-Recall,0.9731610337972167,0.4143038510368176,0.06416009475845134,test,logistic_regression,lr-oulad-academic-fail-c105-s42-v5
Precision-Recall,0.9731610337972167,0.4144792548687553,0.06423758509943198,test,logistic_regression,lr-oulad-academic-fail-c105-s42-v5
Precision-Recall,0.9731610337972167,0.4146548072850487,0.0643221623859592,test,logistic_regression,lr-oulad-academic-fail-c105-s42-v5
Precision-Recall,0.9731610337972167,0.41483050847457625,0.06455954096131701,test,logistic_regression,lr-oulad-academic-fail-c105-s42-v5
Precision-Recall,0.9731610337972167,0.4150063586265367,0.06458649740558618,test,logistic_regression,lr-oulad-academic-fail-c105-s42-v5
Precision-Recall,0.9731610337972167,0.41518235793044955,0.06468656636742975,test,logistic_regression,lr-oulad-academic-fail-c105-s42-v5
Precision-Recall,0.9731610337972167,0.41535850657615614,0.06482726990498393,test,logistic_regression,lr-oulad-academic-fail-c105-s42-v5
Precision-Recall,0.9731610337972167,0.41553480475382004,0.06483860323744868,test,logistic_regression,lr-oulad-academic-fail-c105-s42-v5
Precision-Recall,0.9731610337972167,0.41571125265392783,0.06489709797335574,test,logistic_regression,lr-oulad-academic-fail-c105-s42-v5
Precision-Recall,0.9721669980119284,0.4154630416312659,0.06494185930424662,test,logistic_regression,lr-oulad-academic-fail-c105-s42-v5
Precision-Recall,0.9721669980119284,0.41563960900977476,0.06500295192534113,test,logistic_regression,lr-oulad-academic-fail-c105-s42-v5
Precision-Recall,0.9721669980119284,0.41581632653061223,0.0650812561363518,test,logistic_regression,lr-oulad-academic-fail-c105-s42-v5
Precision-Recall,0.9721669980119284,0.4159931943853679,0.06513376402159506,test,logistic_regression,lr-oulad-academic-fail-c105-s42-v5
Precision-Recall,0.9721669980119284,0.41617021276595745,0.06515041512459194,test,logistic_regression,lr-oulad-academic-fail-c105-s42-v5
Precision-Recall,0.9721669980119284,0.4163473818646232,0.06520146587849145,test,logistic_regression,lr-oulad-academic-fail-c105-s42-v5
Precision-Recall,0.9721669980119284,0.41652470187393525,0.06537116745283898,test,logistic_regression,lr-oulad-academic-fail-c105-s42-v5
Precision-Recall,0.9721669980119284,0.41670217298679163,0.06540963641546658,test,logistic_regression,lr-oulad-academic-fail-c105-s42-v5
Precision-Recall,0.9721669980119284,0.41687979539641945,0.06542910735691376,test,logistic_regression,lr-oulad-academic-fail-c105-s42-v5
Precision-Recall,0.9721669980119284,0.4170575692963753,0.06544806106224857,test,logistic_regression,lr-oulad-academic-fail-c105-s42-v5
Precision-Recall,0.9721669980119284,0.41723549488054607,0.06550348177758956,test,logistic_regression,lr-oulad-academic-fail-c105-s42-v5
Precision-Recall,0.9721669980119284,0.4174135723431498,0.06557944721866026,test,logistic_regression,lr-oulad-academic-fail-c105-s42-v5
Precision-Recall,0.9721669980119284,0.4175918018787361,0.0656038557279293,test,logistic_regression,lr-oulad-academic-fail-c105-s42-v5
Precision-Recall,0.9721669980119284,0.4177701836821871,0.06561823935654598,test,logistic_regression,lr-oulad-academic-fail-c105-s42-v5
Precision-Recall,0.9711729622266402,0.41752136752136754,0.0658022167554709,test,logistic_regression,lr-oulad-academic-fail-c105-s42-v5
Precision-Recall,0.9711729622266402,0.41769987174005985,0.06582282176273885,test,logistic_regression,lr-oulad-academic-fail-c105-s42-v5
Precision-Recall,0.9711729622266402,0.4178785286569718,0.06584781072252342,test,logistic_regression,lr-oulad-academic-fail-c105-s42-v5
Precision-Recall,0.9711729622266402,0.41805733846812154,0.06593583044463569,test,logistic_regression,lr-oulad-academic-fail-c105-s42-v5
Precision-Recall,0.9711729622266402,0.418236301369863,0.06598779199642425,test,logistic_regression,lr-oulad-academic-fail-c105-s42-v5
Precision-Recall,0.9711729622266402,0.4184154175588865,0.06606349792057441,test,logistic_regression,lr-oulad-academic-fail-c105-s42-v5
Precision-Recall,0.9711729622266402,0.4185946872322194,0.06619815449489391,test,logistic_regression,lr-oulad-academic-fail-c105-s42-v5
Precision-Recall,0.9711729622266402,0.41877411058722674,0.0663739359810198,test,logistic_regression,lr-oulad-academic-fail-c105-s42-v5
Precision-Recall,0.9711729622266402,0.41895368782161235,0.06640017255093339,test,logistic_regression,lr-oulad-academic-fail-c105-s42-v5
Precision-Recall,0.9711729622266402,0.4191334191334191,0.06645250416937917,test,logistic_regression,lr-oulad-academic-fail-c105-s42-v5
Precision-Recall,0.9711729622266402,0.41931330472103007,0.06650270633587925,test,logistic_regression,lr-oulad-academic-fail-c105-s42-v5
Precision-Recall,0.9711729622266402,0.41949334478316874,0.06657183841136827,test,logistic_regression,lr-oulad-academic-fail-c105-s42-v5
Precision-Recall,0.9711729622266402,0.41967353951890035,0.06660116494102684,test,logistic_regression,lr-oulad-academic-fail-c105-s42-v5
Precision-Recall,0.9711729622266402,0.41985388912763216,0.06679132022041556,test,logistic_regression,lr-oulad-academic-fail-c105-s42-v5
Precision-Recall,0.9711729622266402,0.42003439380911434,0.0668364197217056,test,logistic_regression,lr-oulad-academic-fail-c105-s42-v5
Precision-Recall,0.9701789264413518,0.41978494623655915,0.06702081134247966,test,logistic_regression,lr-oulad-academic-fail-c105-s42-v5
Precision-Recall,0.9701789264413518,0.4199655765920826,0.06704362186886266,test,logistic_regression,lr-oulad-academic-fail-c105-s42-v5
Precision-Recall,0.9701789264413518,0.42014636246233317,0.06722836473209372,test,logistic_regression,lr-oulad-academic-fail-c105-s42-v5
Precision-Recall,0.9691848906560636,0.4198966408268734,0.06731360516238212,test,logistic_regression,lr-oulad-academic-fail-c105-s42-v5
Precision-Recall,0.9691848906560636,0.4200775527789746,0.06733148347028066,test,logistic_regression,lr-oulad-academic-fail-c105-s42-v5
Precision-Recall,0.9681908548707754,0.41982758620689653,0.06746862631916863,test,logistic_regression,lr-oulad-academic-fail-c105-s42-v5
Precision-Recall,0.9681908548707754,0.42000862440707204,0.06753120386796256,test,logistic_regression,lr-oulad-academic-fail-c105-s42-v5
Precision-Recall,0.9681908548707754,0.4201898188093184,0.06760585285617887,test,logistic_regression,lr-oulad-academic-fail-c105-s42-v5
Precision-Recall,0.9681908548707754,0.4203711696158826,0.06765923867330188,test,logistic_regression,lr-oulad-academic-fail-c105-s42-v5
Precision-Recall,0.9681908548707754,0.42055267702936094,0.06777925555247478,test,logistic_regression,lr-oulad-academic-fail-c105-s42-v5
Precision-Recall,0.9681908548707754,0.42073434125269976,0.06778588913936819,test,logistic_regression,lr-oulad-academic-fail-c105-s42-v5
Precision-Recall,0.9681908548707754,0.4209161624891962,0.06782475205337693,test,logistic_regression,lr-oulad-academic-fail-c105-s42-v5
Precision-Recall,0.9681908548707754,0.4210981409424989,0.0679532552126328,test,logistic_regression,lr-oulad-academic-fail-c105-s42-v5
Precision-Recall,0.9681908548707754,0.421280276816609,0.06798335174193859,test,logistic_regression,lr-oulad-academic-fail-c105-s42-v5
Precision-Recall,0.9681908548707754,0.4214625703158806,0.0680830578016948,test,logistic_regression,lr-oulad-academic-fail-c105-s42-v5
Precision-Recall,0.9681908548707754,0.42164502164502166,0.06812180902092774,test,logistic_regression,lr-oulad-academic-fail-c105-s42-v5
Precision-Recall,0.9681908548707754,0.42182763100909487,0.06812854035754695,test,logistic_regression,lr-oulad-academic-fail-c105-s42-v5
Precision-Recall,0.9681908548707754,0.4220103986135182,0.06821627503297811,test,logistic_regression,lr-oulad-academic-fail-c105-s42-v5
Precision-Recall,0.9681908548707754,0.4221933246640659,0.06828985731508283,test,logistic_regression,lr-oulad-academic-fail-c105-s42-v5
Precision-Recall,0.9681908548707754,0.42237640936686904,0.0683974334773883,test,logistic_regression,lr-oulad-academic-fail-c105-s42-v5
Precision-Recall,0.9681908548707754,0.42255965292841646,0.06861715212834588,test,logistic_regression,lr-oulad-academic-fail-c105-s42-v5
Precision-Recall,0.9681908548707754,0.4227430555555556,0.06861754805744034,test,logistic_regression,lr-oulad-academic-fail-c105-s42-v5
Precision-Recall,0.9681908548707754,0.4229266174554928,0.06869256417719333,test,logistic_regression,lr-oulad-academic-fail-c105-s42-v5
Precision-Recall,0.9681908548707754,0.42311033883579496,0.06872784853640783,test,logistic_regression,lr-oulad-academic-fail-c105-s42-v5
Precision-Recall,0.9681908548707754,0.42329421990438937,0.06886173475125398,test,logistic_regression,lr-oulad-academic-fail-c105-s42-v5
Precision-Recall,0.9681908548707754,0.4234782608695652,0.06898698793337382,test,logistic_regression,lr-oulad-academic-fail-c105-s42-v5
Precision-Recall,0.9681908548707754,0.4236624619399739,0.06899863234349418,test,logistic_regression,lr-oulad-academic-fail-c105-s42-v5
Precision-Recall,0.9681908548707754,0.42384682332463014,0.0690630140964174,test,logistic_regression,lr-oulad-academic-fail-c105-s42-v5
Precision-Recall,0.9681908548707754,0.42403134523291247,0.06915699946319502,test,logistic_regression,lr-oulad-academic-fail-c105-s42-v5
Precision-Recall,0.9681908548707754,0.42421602787456447,0.06916985683650217,test,logistic_regression,lr-oulad-academic-fail-c105-s42-v5
Precision-Recall,0.9681908548707754,0.42440087145969496,0.06942080886273709,test,logistic_regression,lr-oulad-academic-fail-c105-s42-v5
Precision-Recall,0.9681908548707754,0.4245858761987794,0.06945121471955847,test,logistic_regression,lr-oulad-academic-fail-c105-s42-v5
Precision-Recall,0.9681908548707754,0.4247710423026603,0.06948418813833765,test,logistic_regression,lr-oulad-academic-fail-c105-s42-v5
Precision-Recall,0.9681908548707754,0.424956369982548,0.06970004030759631,test,logistic_regression,lr-oulad-academic-fail-c105-s42-v5
Precision-Recall,0.9681908548707754,0.4251418594500218,0.06975545060726358,test,logistic_regression,lr-oulad-academic-fail-c105-s42-v5
Precision-Recall,0.9681908548707754,0.4253275109170306,0.06986600507234636,test,logistic_regression,lr-oulad-academic-fail-c105-s42-v5
Precision-Recall,0.9681908548707754,0.4255133245958934,0.06991844095082386,test,logistic_regression,lr-oulad-academic-fail-c105-s42-v5
Precision-Recall,0.9681908548707754,0.4256993006993007,0.0700397608380924,test,logistic_regression,lr-oulad-academic-fail-c105-s42-v5
Precision-Recall,0.9681908548707754,0.4258854394403148,0.07007424931223219,test,logistic_regression,lr-oulad-academic-fail-c105-s42-v5
Precision-Recall,0.9681908548707754,0.42607174103237094,0.07022979637144729,test,logistic_regression,lr-oulad-academic-fail-c105-s42-v5
Precision-Recall,0.9681908548707754,0.4262582056892779,0.070315696127911,test,logistic_regression,lr-oulad-academic-fail-c105-s42-v5
Precision-Recall,0.9681908548707754,0.4264448336252189,0.07034552081914335,test,logistic_regression,lr-oulad-academic-fail-c105-s42-v5
Precision-Recall,0.9681908548707754,0.4266316250547525,0.07038129312302338,test,logistic_regression,lr-oulad-academic-fail-c105-s42-v5
Precision-Recall,0.9681908548707754,0.4268185801928133,0.07044681354019136,test,logistic_regression,lr-oulad-academic-fail-c105-s42-v5
Precision-Recall,0.9681908548707754,0.4270056992547128,0.07054236760091556,test,logistic_regression,lr-oulad-academic-fail-c105-s42-v5
Precision-Recall,0.9681908548707754,0.42719298245614035,0.07074976447963714,test,logistic_regression,lr-oulad-academic-fail-c105-s42-v5
Precision-Recall,0.9681908548707754,0.42738043001316367,0.07091520017299863,test,logistic_regression,lr-oulad-academic-fail-c105-s42-v5
Precision-Recall,0.9681908548707754,0.42756804214223004,0.07100778823067232,test,logistic_regression,lr-oulad-academic-fail-c105-s42-v5
Precision-Recall,0.9681908548707754,0.4277558190601669,0.0711505960079143,test,logistic_regression,lr-oulad-academic-fail-c105-s42-v5
Precision-Recall,0.9681908548707754,0.4279437609841828,0.07130053785590092,test,logistic_regression,lr-oulad-academic-fail-c105-s42-v5
Precision-Recall,0.9681908548707754,0.42813186813186815,0.07144211182579503,test,logistic_regression,lr-oulad-academic-fail-c105-s42-v5
Precision-Recall,0.9681908548707754,0.4283201407211961,0.07150017114010439,test,logistic_regression,lr-oulad-academic-fail-c105-s42-v5
Precision-Recall,0.9681908548707754,0.4285085789705235,0.07150234360524521,test,logistic_regression,lr-oulad-academic-fail-c105-s42-v5
Precision-Recall,0.9681908548707754,0.42869718309859156,0.07155191811763374,test,logistic_regression,lr-oulad-academic-fail-c105-s42-v5
Precision-Recall,0.9681908548707754,0.4288859533245266,0.07157529508027206,test,logistic_regression,lr-oulad-academic-fail-c105-s42-v5
Precision-Recall,0.9681908548707754,0.4290748898678414,0.07170112489686975,test,logistic_regression,lr-oulad-academic-fail-c105-s42-v5
Precision-Recall,0.9681908548707754,0.4292639929484354,0.07182295352801131,test,logistic_regression,lr-oulad-academic-fail-c105-s42-v5
Precision-Recall,0.9681908548707754,0.4294532627865961,0.07202716634774407,test,logistic_regression,lr-oulad-academic-fail-c105-s42-v5
Precision-Recall,0.9681908548707754,0.42964269960299956,0.07209127003989287,test,logistic_regression,lr-oulad-academic-fail-c105-s42-v5
Precision-Recall,0.9681908548707754,0.4298323036187114,0.07213542609338996,test,logistic_regression,lr-oulad-academic-fail-c105-s42-v5
Precision-Recall,0.9681908548707754,0.43002207505518764,0.07226262196020758,test,logistic_regression,lr-oulad-academic-fail-c105-s42-v5
Precision-Recall,0.9681908548707754,0.4302120141342756,0.0723215343289541,test,logistic_regression,lr-oulad-academic-fail-c105-s42-v5
Precision-Recall,0.9681908548707754,0.43040212107821474,0.07237837258902038,test,logistic_regression,lr-oulad-academic-fail-c105-s42-v5
Precision-Recall,0.9681908548707754,0.4305923961096375,0.07240700505747787,test,logistic_regression,lr-oulad-academic-fail-c105-s42-v5
Precision-Recall,0.9681908548707754,0.4307828394515701,0.07249991137892352,test,logistic_regression,lr-oulad-academic-fail-c105-s42-v5
Precision-Recall,0.9681908548707754,0.43097345132743364,0.07273267891509586,test,logistic_regression,lr-oulad-academic-fail-c105-s42-v5
Precision-Recall,0.9681908548707754,0.4311642319610447,0.0732836249245082,test,logistic_regression,lr-oulad-academic-fail-c105-s42-v5
Precision-Recall,0.9681908548707754,0.43135518157661645,0.07332741072241351,test,logistic_regression,lr-oulad-academic-fail-c105-s42-v5
Precision-Recall,0.9681908548707754,0.4315463003987594,0.07353718159359976,test,logistic_regression,lr-oulad-academic-fail-c105-s42-v5
Precision-Recall,0.9681908548707754,0.4317375886524823,0.07361770207444374,test,logistic_regression,lr-oulad-academic-fail-c105-s42-v5
Precision-Recall,0.9681908548707754,0.4319290465631929,0.0736937043452826,test,logistic_regression,lr-oulad-academic-fail-c105-s42-v5
Precision-Recall,0.9681908548707754,0.4321206743566992,0.0737021579404103,test,logistic_regression,lr-oulad-academic-fail-c105-s42-v5
Precision-Recall,0.9681908548707754,0.43231247225920993,0.07387454115961804,test,logistic_regression,lr-oulad-academic-fail-c105-s42-v5
Precision-Recall,0.9681908548707754,0.4325044404973357,0.0738760968193449,test,logistic_regression,lr-oulad-academic-fail-c105-s42-v5
Precision-Recall,0.9681908548707754,0.43269657929808975,0.07416389409366969,test,logistic_regression,lr-oulad-academic-fail-c105-s42-v5
Precision-Recall,0.9681908548707754,0.4328888888888889,0.07430497573500834,test,logistic_regression,lr-oulad-academic-fail-c105-s42-v5
Precision-Recall,0.967196819085487,0.4326367274344153,0.07442503489473085,test,logistic_regression,lr-oulad-academic-fail-c105-s42-v5
Precision-Recall,0.967196819085487,0.43282918149466193,0.07460292469554515,test,logistic_regression,lr-oulad-academic-fail-c105-s42-v5
Precision-Recall,0.967196819085487,0.43302180685358255,0.07465101836461514,test,logistic_regression,lr-oulad-academic-fail-c105-s42-v5
Precision-Recall,0.967196819085487,0.4332146037399822,0.07485604480221923,test,logistic_regression,lr-oulad-academic-fail-c105-s42-v5
Precision-Recall,0.967196819085487,0.4334075723830735,0.07493729378514284,test,logistic_regression,lr-oulad-academic-fail-c105-s42-v5
Precision-Recall,0.967196819085487,0.4336007130124777,0.07502970791388902,test,logistic_regression,lr-oulad-academic-fail-c105-s42-v5
Precision-Recall,0.967196819085487,0.4337940258582256,0.07506376269200385,test,logistic_regression,lr-oulad-academic-fail-c105-s42-v5
Precision-Recall,0.967196819085487,0.43398751115075823,0.07513358327337995,test,logistic_regression,lr-oulad-academic-fail-c105-s42-v5
Precision-Recall,0.967196819085487,0.43418116912092813,0.07513857883558009,test,logistic_regression,lr-oulad-academic-fail-c105-s42-v5
Precision-Recall,0.967196819085487,0.434375,0.0751406896670201,test,logistic_regression,lr-oulad-academic-fail-c105-s42-v5
Precision-Recall,0.967196819085487,0.43456900401965165,0.07519725728388606,test,logistic_regression,lr-oulad-academic-fail-c105-s42-v5
Precision-Recall,0.967196819085487,0.43476318141197495,0.07527155636616026,test,logistic_regression,lr-oulad-academic-fail-c105-s42-v5
Precision-Recall,0.967196819085487,0.434957532409477,0.07538257942873636,test,logistic_regression,lr-oulad-academic-fail-c105-s42-v5
Precision-Recall,0.967196819085487,0.4351520572450805,0.07538354870329685,test,logistic_regression,lr-oulad-academic-fail-c105-s42-v5
Precision-Recall,0.967196819085487,0.43534675615212526,0.07543082261261393,test,logistic_regression,lr-oulad-academic-fail-c105-s42-v5
Precision-Recall,0.967196819085487,0.43554162936436885,0.07560640454224589,test,logistic_regression,lr-oulad-academic-fail-c105-s42-v5
Precision-Recall,0.967196819085487,0.43573667711598746,0.07570824647124436,test,logistic_regression,lr-oulad-academic-fail-c105-s42-v5
Precision-Recall,0.967196819085487,0.4359318996415771,0.07581521323042317,test,logistic_regression,lr-oulad-academic-fail-c105-s42-v5
Precision-Recall,0.967196819085487,0.43612729717615417,0.07590048075612166,test,logistic_regression,lr-oulad-academic-fail-c105-s42-v5
Precision-Recall,0.967196819085487,0.43632286995515696,0.0759513460647997,test,logistic_regression,lr-oulad-academic-fail-c105-s42-v5
Precision-Recall,0.967196819085487,0.43651861821444593,0.07600925977447756,test,logistic_regression,lr-oulad-academic-fail-c105-s42-v5
Precision-Recall,0.967196819085487,0.4367145421903052,0.07607618104643281,test,logistic_regression,lr-oulad-academic-fail-c105-s42-v5
Precision-Recall,0.967196819085487,0.4369106421194432,0.07612732921282479,test,logistic_regression,lr-oulad-academic-fail-c105-s42-v5
Precision-Recall,0.967196819085487,0.4371069182389937,0.07613346818003833,test,logistic_regression,lr-oulad-academic-fail-c105-s42-v5
Precision-Recall,0.967196819085487,0.4373033707865169,0.0761612756164906,test,logistic_regression,lr-oulad-academic-fail-c105-s42-v5
Precision-Recall,0.967196819085487,0.4375,0.07633875957789427,test,logistic_regression,lr-oulad-academic-fail-c105-s42-v5
Precision-Recall,0.967196819085487,0.43769680611785877,0.0763430389181128,test,logistic_regression,lr-oulad-academic-fail-c105-s42-v5
Precision-Recall,0.967196819085487,0.4378937893789379,0.07636875825558519,test,logistic_regression,lr-oulad-academic-fail-c105-s42-v5
Precision-Recall,0.967196819085487,0.43809095002251236,0.07650851565357181,test,logistic_regression,lr-oulad-academic-fail-c105-s42-v5
Precision-Recall,0.967196819085487,0.4382882882882883,0.07663465647274334,test,logistic_regression,lr-oulad-academic-fail-c105-s42-v5
Precision-Recall,0.967196819085487,0.4384858044164038,0.07675938415244879,test,logistic_regression,lr-oulad-academic-fail-c105-s42-v5
Precision-Recall,0.9662027833001988,0.4382326420198377,0.0768060148117654,test,logistic_regression,lr-oulad-academic-fail-c105-s42-v5
Precision-Recall,0.9662027833001988,0.43843031123139375,0.07730882796185168,test,logistic_regression,lr-oulad-academic-fail-c105-s42-v5
Precision-Recall,0.9652087475149106,0.4381768953068592,0.0773568238292943,test,logistic_regression,lr-oulad-academic-fail-c105-s42-v5
Precision-Recall,0.9652087475149106,0.4383747178329571,0.07737354601093473,test,logistic_regression,lr-oulad-academic-fail-c105-s42-v5
Precision-Recall,0.9652087475149106,0.4385727190605239,0.07741953086635922,test,logistic_regression,lr-oulad-academic-fail-c105-s42-v5
Precision-Recall,0.9642147117296223,0.43831902394939,0.07754866265026608,test,logistic_regression,lr-oulad-academic-fail-c105-s42-v5
Precision-Recall,0.9642147117296223,0.4385171790235081,0.07768787152654337,test,logistic_regression,lr-oulad-academic-fail-c105-s42-v5
Precision-Recall,0.9642147117296223,0.438715513342379,0.07793720244054214,test,logistic_regression,lr-oulad-academic-fail-c105-s42-v5
Precision-Recall,0.9642147117296223,0.43891402714932126,0.07797522360670799,test,logistic_regression,lr-oulad-academic-fail-c105-s42-v5
Precision-Recall,0.9642147117296223,0.43911272068809415,0.07844228658876493,test,logistic_regression,lr-oulad-academic-fail-c105-s42-v5
Precision-Recall,0.9642147117296223,0.43931159420289856,0.07849501195166937,test,logistic_regression,lr-oulad-academic-fail-c105-s42-v5
Precision-Recall,0.9642147117296223,0.4395106479383779,0.07858576286328817,test,logistic_regression,lr-oulad-academic-fail-c105-s42-v5
Precision-Recall,0.9642147117296223,0.4397098821396192,0.07901861086502229,test,logistic_regression,lr-oulad-academic-fail-c105-s42-v5
Precision-Recall,0.9642147117296223,0.4399092970521542,0.07902018368428639,test,logistic_regression,lr-oulad-academic-fail-c105-s42-v5
Precision-Recall,0.9642147117296223,0.4401088929219601,0.07938606657412221,test,logistic_regression,lr-oulad-academic-fail-c105-s42-v5
Precision-Recall,0.9642147117296223,0.44030866999546076,0.07948542656659252,test,logistic_regression,lr-oulad-academic-fail-c105-s42-v5
Precision-Recall,0.9642147117296223,0.4405086285195277,0.07994626576355277,test,logistic_regression,lr-oulad-academic-fail-c105-s42-v5
Precision-Recall,0.9642147117296223,0.4407087687414811,0.07996631728147299,test,logistic_regression,lr-oulad-academic-fail-c105-s42-v5
Precision-Recall,0.9642147117296223,0.4409090909090909,0.08011370362137946,test,logistic_regression,lr-oulad-academic-fail-c105-s42-v5
Precision-Recall,0.963220675944334,0.4406548431105048,0.08025836523343652,test,logistic_regression,lr-oulad-academic-fail-c105-s42-v5
Precision-Recall,0.963220675944334,0.4408553230209281,0.08032764765098016,test,logistic_regression,lr-oulad-academic-fail-c105-s42-v5
Precision-Recall,0.963220675944334,0.44105598543468366,0.08033401550779547,test,logistic_regression,lr-oulad-academic-fail-c105-s42-v5
Precision-Recall,0.963220675944334,0.4412568306010929,0.08041130468323451,test,logistic_regression,lr-oulad-academic-fail-c105-s42-v5
Precision-Recall,0.963220675944334,0.44145785876993165,0.08053065675769057,test,logistic_regression,lr-oulad-academic-fail-c105-s42-v5
Precision-Recall,0.9622266401590457,0.4412032816773017,0.08053602490267765,test,logistic_regression,lr-oulad-academic-fail-c105-s42-v5
Precision-Recall,0.9622266401590457,0.4414044687642499,0.08053741124953659,test,logistic_regression,lr-oulad-academic-fail-c105-s42-v5
Precision-Recall,0.9622266401590457,0.4416058394160584,0.08079350068519751,test,logistic_regression,lr-oulad-academic-fail-c105-s42-v5
Precision-Recall,0.9622266401590457,0.4418073938840712,0.08080755014340602,test,logistic_regression,lr-oulad-academic-fail-c105-s42-v5
Precision-Recall,0.9622266401590457,0.4420091324200913,0.08086676792369366,test,logistic_regression,lr-oulad-academic-fail-c105-s42-v5
Precision-Recall,0.9622266401590457,0.44221105527638194,0.08087613197996135,test,logistic_regression,lr-oulad-academic-fail-c105-s42-v5
Precision-Recall,0.9622266401590457,0.4424131627056673,0.08098499220331087,test,logistic_regression,lr-oulad-academic-fail-c105-s42-v5
Precision-Recall,0.9622266401590457,0.44261545496113397,0.08105527628953985,test,logistic_regression,lr-oulad-academic-fail-c105-s42-v5
Precision-Recall,0.9622266401590457,0.44281793229643185,0.08127213595875774,test,logistic_regression,lr-oulad-academic-fail-c105-s42-v5
Precision-Recall,0.9622266401590457,0.44302059496567503,0.08161268639152845,test,logistic_regression,lr-oulad-academic-fail-c105-s42-v5
Precision-Recall,0.9612326043737575,0.44276556776556775,0.08167362089867315,test,logistic_regression,lr-oulad-academic-fail-c105-s42-v5
Precision-Recall,0.9612326043737575,0.4429683921209345,0.08171126016218408,test,logistic_regression,lr-oulad-academic-fail-c105-s42-v5
Precision-Recall,0.9612326043737575,0.44317140238313474,0.08185620370395941,test,logistic_regression,lr-oulad-academic-fail-c105-s42-v5
Precision-Recall,0.9612326043737575,0.44337459880788627,0.08188432305902796,test,logistic_regression,lr-oulad-academic-fail-c105-s42-v5
Precision-Recall,0.9612326043737575,0.44357798165137613,0.08208594216921357,test,logistic_regression,lr-oulad-academic-fail-c105-s42-v5
Precision-Recall,0.9602385685884692,0.44332262505736575,0.08216617690442156,test,logistic_regression,lr-oulad-academic-fail-c105-s42-v5
Precision-Recall,0.9602385685884692,0.44352617079889806,0.08218046813754834,test,logistic_regression,lr-oulad-academic-fail-c105-s42-v5
Precision-Recall,0.9602385685884692,0.4437299035369775,0.08236408103231888,test,logistic_regression,lr-oulad-academic-fail-c105-s42-v5
Precision-Recall,0.9602385685884692,0.44393382352941174,0.08239200574706376,test,logistic_regression,lr-oulad-academic-fail-c105-s42-v5
Precision-Recall,0.9602385685884692,0.44413793103448274,0.08253563847845242,test,logistic_regression,lr-oulad-academic-fail-c105-s42-v5
Precision-Recall,0.9602385685884692,0.44434222631094755,0.08264048558151219,test,logistic_regression,lr-oulad-academic-fail-c105-s42-v5
Precision-Recall,0.9602385685884692,0.4445467096180396,0.08267100374216425,test,logistic_regression,lr-oulad-academic-fail-c105-s42-v5
Precision-Recall,0.9602385685884692,0.4447513812154696,0.08269089790596765,test,logistic_regression,lr-oulad-academic-fail-c105-s42-v5
Precision-Recall,0.9602385685884692,0.444956241363427,0.08270633587442343,test,logistic_regression,lr-oulad-academic-fail-c105-s42-v5
Precision-Recall,0.9602385685884692,0.44516129032258067,0.08272262413056486,test,logistic_regression,lr-oulad-academic-fail-c105-s42-v5
Precision-Recall,0.9602385685884692,0.44536652835408025,0.08276790929185489,test,logistic_regression,lr-oulad-academic-fail-c105-s42-v5
Precision-Recall,0.9602385685884692,0.4455719557195572,0.08290428487350619,test,logistic_regression,lr-oulad-academic-fail-c105-s42-v5
Precision-Recall,0.9602385685884692,0.445777572681126,0.08301491093511494,test,logistic_regression,lr-oulad-academic-fail-c105-s42-v5
Precision-Recall,0.9602385685884692,0.44598337950138506,0.08302858913094627,test,logistic_regression,lr-oulad-academic-fail-c105-s42-v5
Precision-Recall,0.9602385685884692,0.446189376443418,0.0830957418795596,test,logistic_regression,lr-oulad-academic-fail-c105-s42-v5
Precision-Recall,0.9592445328031809,0.44593345656192235,0.08313842516844422,test,logistic_regression,lr-oulad-academic-fail-c105-s42-v5
Precision-Recall,0.9592445328031809,0.44613962089690246,0.08319934286487993,test,logistic_regression,lr-oulad-academic-fail-c105-s42-v5
Precision-Recall,0.9592445328031809,0.44634597594819614,0.08330777142114189,test,logistic_regression,lr-oulad-academic-fail-c105-s42-v5
Precision-Recall,0.9592445328031809,0.44655252198056455,0.0833329826614684,test,logistic_regression,lr-oulad-academic-fail-c105-s42-v5
Precision-Recall,0.9592445328031809,0.44675925925925924,0.08343503253668658,test,logistic_regression,lr-oulad-academic-fail-c105-s42-v5
Precision-Recall,0.9582504970178927,0.4465030106530801,0.08350956355646011,test,logistic_regression,lr-oulad-academic-fail-c105-s42-v5
Precision-Recall,0.9582504970178927,0.44670991658943465,0.08374702945567565,test,logistic_regression,lr-oulad-academic-fail-c105-s42-v5
Precision-Recall,0.9582504970178927,0.4469170143718127,0.08377359920708016,test,logistic_regression,lr-oulad-academic-fail-c105-s42-v5
Precision-Recall,0.9572564612326043,0.4466604823747681,0.08381830978920565,test,logistic_regression,lr-oulad-academic-fail-c105-s42-v5
Precision-Recall,0.9572564612326043,0.4468677494199536,0.0840121879355137,test,logistic_regression,lr-oulad-academic-fail-c105-s42-v5
Precision-Recall,0.9572564612326043,0.44707520891364905,0.08404563255015533,test,logistic_regression,lr-oulad-academic-fail-c105-s42-v5
Precision-Recall,0.9572564612326043,0.447282861124013,0.08407620119514465,test,logistic_regression,lr-oulad-academic-fail-c105-s42-v5
Precision-Recall,0.9572564612326043,0.4474907063197026,0.08409351409386773,test,logistic_regression,lr-oulad-academic-fail-c105-s42-v5
Precision-Recall,0.9572564612326043,0.4476987447698745,0.08411256923883323,test,logistic_regression,lr-oulad-academic-fail-c105-s42-v5
Precision-Recall,0.9572564612326043,0.44790697674418606,0.08412397192043035,test,logistic_regression,lr-oulad-academic-fail-c105-s42-v5
Precision-Recall,0.9572564612326043,0.44811540251279663,0.08441423787440393,test,logistic_regression,lr-oulad-academic-fail-c105-s42-v5
Precision-Recall,0.9572564612326043,0.4483240223463687,0.08444703457482745,test,logistic_regression,lr-oulad-academic-fail-c105-s42-v5
Precision-Recall,0.9572564612326043,0.44853283651606896,0.0845290402328859,test,logistic_regression,lr-oulad-academic-fail-c105-s42-v5
Precision-Recall,0.9572564612326043,0.4487418452935694,0.08455180702611839,test,logistic_regression,lr-oulad-academic-fail-c105-s42-v5
Precision-Recall,0.9572564612326043,0.4489510489510489,0.0847433465341172,test,logistic_regression,lr-oulad-academic-fail-c105-s42-v5
Precision-Recall,0.9572564612326043,0.449160447761194,0.08478062411566777,test,logistic_regression,lr-oulad-academic-fail-c105-s42-v5
Precision-Recall,0.9572564612326043,0.4493700419972002,0.08485295363300252,test,logistic_regression,lr-oulad-academic-fail-c105-s42-v5
Precision-Recall,0.9572564612326043,0.4495798319327731,0.08488130645183817,test,logistic_regression,lr-oulad-academic-fail-c105-s42-v5
Precision-Recall,0.9572564612326043,0.44978981784212985,0.08496137739955113,test,logistic_regression,lr-oulad-academic-fail-c105-s42-v5
Precision-Recall,0.9572564612326043,0.45,0.08517362074335849,test,logistic_regression,lr-oulad-academic-fail-c105-s42-v5
Precision-Recall,0.9572564612326043,0.45021037868162694,0.08520258204811698,test,logistic_regression,lr-oulad-academic-fail-c105-s42-v5
Precision-Recall,0.9572564612326043,0.45042095416276895,0.08520694176008045,test,logistic_regression,lr-oulad-academic-fail-c105-s42-v5
Precision-Recall,0.9572564612326043,0.45063172671970053,0.08522357868530549,test,logistic_regression,lr-oulad-academic-fail-c105-s42-v5
Precision-Recall,0.9572564612326043,0.4508426966292135,0.08525869944997844,test,logistic_regression,lr-oulad-academic-fail-c105-s42-v5
Precision-Recall,0.9572564612326043,0.45105386416861826,0.0853793584358405,test,logistic_regression,lr-oulad-academic-fail-c105-s42-v5
Precision-Recall,0.9572564612326043,0.45126522961574506,0.08544531473876225,test,logistic_regression,lr-oulad-academic-fail-c105-s42-v5
Precision-Recall,0.9572564612326043,0.45147679324894513,0.08556691499681848,test,logistic_regression,lr-oulad-academic-fail-c105-s42-v5
Precision-Recall,0.9572564612326043,0.45168855534709196,0.08557235635235855,test,logistic_regression,lr-oulad-academic-fail-c105-s42-v5
Precision-Recall,0.9572564612326043,0.4519005161895824,0.08560237683309872,test,logistic_regression,lr-oulad-academic-fail-c105-s42-v5
Precision-Recall,0.9572564612326043,0.45211267605633804,0.08577810309721566,test,logistic_regression,lr-oulad-academic-fail-c105-s42-v5
Precision-Recall,0.9572564612326043,0.4523250352278065,0.08596292532631065,test,logistic_regression,lr-oulad-academic-fail-c105-s42-v5
Precision-Recall,0.9572564612326043,0.4525375939849624,0.0860245064521297,test,logistic_regression,lr-oulad-academic-fail-c105-s42-v5
Precision-Recall,0.9572564612326043,0.4527503526093089,0.08643717504510491,test,logistic_regression,lr-oulad-academic-fail-c105-s42-v5
Precision-Recall,0.9572564612326043,0.45296331138287865,0.0864729122315584,test,logistic_regression,lr-oulad-academic-fail-c105-s42-v5
Precision-Recall,0.9572564612326043,0.4531764705882353,0.08665295063174763,test,logistic_regression,lr-oulad-academic-fail-c105-s42-v5
Precision-Recall,0.9572564612326043,0.4533898305084746,0.08682116203497225,test,logistic_regression,lr-oulad-academic-fail-c105-s42-v5
Precision-Recall,0.9572564612326043,0.4536033914272256,0.08683098510453689,test,logistic_regression,lr-oulad-academic-fail-c105-s42-v5
Precision-Recall,0.9572564612326043,0.4538171536286522,0.08694501941230762,test,logistic_regression,lr-oulad-academic-fail-c105-s42-v5
Precision-Recall,0.9562624254473161,0.4535596416784536,0.08696428662106395,test,logistic_regression,lr-oulad-academic-fail-c105-s42-v5
Precision-Recall,0.9562624254473161,0.4537735849056604,0.08705725394910753,test,logistic_regression,lr-oulad-academic-fail-c105-s42-v5
Precision-Recall,0.9562624254473161,0.4539877300613497,0.08708683901338826,test,logistic_regression,lr-oulad-academic-fail-c105-s42-v5
Precision-Recall,0.9562624254473161,0.4542020774315392,0.08724272562706986,test,logistic_regression,lr-oulad-academic-fail-c105-s42-v5
Precision-Recall,0.9562624254473161,0.454416627302787,0.08745243666339293,test,logistic_regression,lr-oulad-academic-fail-c105-s42-v5
Precision-Recall,0.9562624254473161,0.4546313799621928,0.08749495688479166,test,logistic_regression,lr-oulad-academic-fail-c105-s42-v5
Precision-Recall,0.9562624254473161,0.4548463356973995,0.08753369663472303,test,logistic_regression,lr-oulad-academic-fail-c105-s42-v5
Precision-Recall,0.9562624254473161,0.45506149479659413,0.0878267757314686,test,logistic_regression,lr-oulad-academic-fail-c105-s42-v5
Precision-Recall,0.9562624254473161,0.4552768575485092,0.08804941710459835,test,logistic_regression,lr-oulad-academic-fail-c105-s42-v5
Precision-Recall,0.9562624254473161,0.45549242424242425,0.0881554658189834,test,logistic_regression,lr-oulad-academic-fail-c105-s42-v5
Precision-Recall,0.9562624254473161,0.45570819516816674,0.08821437917698254,test,logistic_regression,lr-oulad-academic-fail-c105-s42-v5
Precision-Recall,0.9562624254473161,0.45592417061611373,0.08822056175966757,test,logistic_regression,lr-oulad-academic-fail-c105-s42-v5
Precision-Recall,0.9562624254473161,0.45614035087719296,0.08826677104386632,test,logistic_regression,lr-oulad-academic-fail-c105-s42-v5
Precision-Recall,0.9562624254473161,0.45635673624288425,0.08833317723802403,test,logistic_regression,lr-oulad-academic-fail-c105-s42-v5
Precision-Recall,0.9562624254473161,0.4565733270052207,0.08836702896054928,test,logistic_regression,lr-oulad-academic-fail-c105-s42-v5
Precision-Recall,0.9562624254473161,0.4567901234567901,0.08846057003348266,test,logistic_regression,lr-oulad-academic-fail-c105-s42-v5
Precision-Recall,0.9562624254473161,0.45700712589073633,0.08846977040397558,test,logistic_regression,lr-oulad-academic-fail-c105-s42-v5
Precision-Recall,0.9562624254473161,0.45722433460076045,0.08849180658074651,test,logistic_regression,lr-oulad-academic-fail-c105-s42-v5
Precision-Recall,0.9562624254473161,0.4574417498811222,0.08853003875362211,test,logistic_regression,lr-oulad-academic-fail-c105-s42-v5
Precision-Recall,0.9562624254473161,0.4576593720266413,0.08877905181880612,test,logistic_regression,lr-oulad-academic-fail-c105-s42-v5
Precision-Recall,0.9562624254473161,0.4578772013326987,0.08898399056696188,test,logistic_regression,lr-oulad-academic-fail-c105-s42-v5
Precision-Recall,0.9562624254473161,0.4580952380952381,0.08904596234743721,test,logistic_regression,lr-oulad-academic-fail-c105-s42-v5
Precision-Recall,0.9562624254473161,0.45831348261076704,0.08911780272898663,test,logistic_regression,lr-oulad-academic-fail-c105-s42-v5
Precision-Recall,0.9562624254473161,0.45853193517635843,0.08947088687474795,test,logistic_regression,lr-oulad-academic-fail-c105-s42-v5
Precision-Recall,0.9562624254473161,0.4587505960896519,0.08957055416599656,test,logistic_regression,lr-oulad-academic-fail-c105-s42-v5
Precision-Recall,0.9562624254473161,0.45896946564885494,0.08967618334702089,test,logistic_regression,lr-oulad-academic-fail-c105-s42-v5
Precision-Recall,0.9562624254473161,0.4591885441527446,0.08969402357175692,test,logistic_regression,lr-oulad-academic-fail-c105-s42-v5
Precision-Recall,0.9562624254473161,0.4594078319006686,0.08970717957395907,test,logistic_regression,lr-oulad-academic-fail-c105-s42-v5
Precision-Recall,0.9562624254473161,0.45962732919254656,0.08982746852455076,test,logistic_regression,lr-oulad-academic-fail-c105-s42-v5
Precision-Recall,0.9562624254473161,0.4598470363288719,0.09019416117469368,test,logistic_regression,lr-oulad-academic-fail-c105-s42-v5
Precision-Recall,0.9562624254473161,0.4600669536107126,0.09038227177321334,test,logistic_regression,lr-oulad-academic-fail-c105-s42-v5
Precision-Recall,0.9552683896620279,0.4598086124401914,0.09040741270639605,test,logistic_regression,lr-oulad-academic-fail-c105-s42-v5
Precision-Recall,0.9552683896620279,0.4600287218764959,0.09042014805067272,test,logistic_regression,lr-oulad-academic-fail-c105-s42-v5
Precision-Recall,0.9552683896620279,0.46024904214559387,0.09066175018391731,test,logistic_regression,lr-oulad-academic-fail-c105-s42-v5
Precision-Recall,0.9552683896620279,0.460469573550551,0.09070816405858899,test,logistic_regression,lr-oulad-academic-fail-c105-s42-v5
Precision-Recall,0.9552683896620279,0.4606903163950144,0.09078888365251707,test,logistic_regression,lr-oulad-academic-fail-c105-s42-v5
Precision-Recall,0.9552683896620279,0.46091127098321344,0.09083365914064653,test,logistic_regression,lr-oulad-academic-fail-c105-s42-v5
Precision-Recall,0.9552683896620279,0.4611324376199616,0.09089359865778225,test,logistic_regression,lr-oulad-academic-fail-c105-s42-v5
Precision-Recall,0.9552683896620279,0.4613538166106577,0.09098828040680473,test,logistic_regression,lr-oulad-academic-fail-c105-s42-v5
Precision-Recall,0.9552683896620279,0.46157540826128723,0.0910941429797212,test,logistic_regression,lr-oulad-academic-fail-c105-s42-v5
Precision-Recall,0.9552683896620279,0.46179721287842385,0.09118534926569796,test,logistic_regression,lr-oulad-academic-fail-c105-s42-v5
Precision-Recall,0.9552683896620279,0.4620192307692308,0.09123052584032673,test,logistic_regression,lr-oulad-academic-fail-c105-s42-v5
Precision-Recall,0.9552683896620279,0.46224146224146223,0.09144069106739876,test,logistic_regression,lr-oulad-academic-fail-c105-s42-v5
Precision-Recall,0.9552683896620279,0.4624639076034649,0.09154594812194182,test,logistic_regression,lr-oulad-academic-fail-c105-s42-v5
Precision-Recall,0.9552683896620279,0.4626865671641791,0.09159804132935502,test,logistic_regression,lr-oulad-academic-fail-c105-s42-v5
Precision-Recall,0.9552683896620279,0.46290944123314065,0.09166872826137074,test,logistic_regression,lr-oulad-academic-fail-c105-s42-v5
Precision-Recall,0.9552683896620279,0.46313253012048194,0.0918333426259519,test,logistic_regression,lr-oulad-academic-fail-c105-s42-v5
Precision-Recall,0.9552683896620279,0.4633558341369335,0.09184171235925631,test,logistic_regression,lr-oulad-academic-fail-c105-s42-v5
Precision-Recall,0.9552683896620279,0.46357935359382535,0.09210587194876249,test,logistic_regression,lr-oulad-academic-fail-c105-s42-v5
Precision-Recall,0.9542743538767395,0.46332046332046334,0.09217024015139863,test,logistic_regression,lr-oulad-academic-fail-c105-s42-v5
Precision-Recall,0.9542743538767395,0.4635441815548044,0.09224340670923663,test,logistic_regression,lr-oulad-academic-fail-c105-s42-v5
Precision-Recall,0.9542743538767395,0.463768115942029,0.0923986291067425,test,logistic_regression,lr-oulad-academic-fail-c105-s42-v5
Precision-Recall,0.9542743538767395,0.4639922667955534,0.09240134155791516,test,logistic_regression,lr-oulad-academic-fail-c105-s42-v5
Precision-Recall,0.9542743538767395,0.46421663442940037,0.0925009462160325,test,logistic_regression,lr-oulad-academic-fail-c105-s42-v5
Precision-Recall,0.9532803180914513,0.46395742622157715,0.09250281300207486,test,logistic_regression,lr-oulad-academic-fail-c105-s42-v5
Precision-Recall,0.9532803180914513,0.4641819941916747,0.09258977627784912,test,logistic_regression,lr-oulad-academic-fail-c105-s42-v5
Precision-Recall,0.9532803180914513,0.46440677966101696,0.09264164891992352,test,logistic_regression,lr-oulad-academic-fail-c105-s42-v5
Precision-Recall,0.9532803180914513,0.4646317829457364,0.09270016500216073,test,logistic_regression,lr-oulad-academic-fail-c105-s42-v5
Precision-Recall,0.9532803180914513,0.46485700436257876,0.0928954558102186,test,logistic_regression,lr-oulad-academic-fail-c105-s42-v5
Precision-Recall,0.9532803180914513,0.465082444228904,0.09307868346180032,test,logistic_regression,lr-oulad-academic-fail-c105-s42-v5
Precision-Recall,0.9532803180914513,0.46530810286268803,0.09317256669355692,test,logistic_regression,lr-oulad-academic-fail-c105-s42-v5
Precision-Recall,0.9532803180914513,0.46553398058252426,0.09321231216979958,test,logistic_regression,lr-oulad-academic-fail-c105-s42-v5
Precision-Recall,0.9532803180914513,0.46576007770762506,0.09354799770071952,test,logistic_regression,lr-oulad-academic-fail-c105-s42-v5
Precision-Recall,0.9532803180914513,0.46598639455782315,0.09364206589457763,test,logistic_regression,lr-oulad-academic-fail-c105-s42-v5
Precision-Recall,0.9532803180914513,0.4662129314535732,0.09370834321072928,test,logistic_regression,lr-oulad-academic-fail-c105-s42-v5
Precision-Recall,0.9532803180914513,0.4664396887159533,0.09383776904476383,test,logistic_regression,lr-oulad-academic-fail-c105-s42-v5
Precision-Recall,0.9532803180914513,0.4666666666666667,0.09385614617970353,test,logistic_regression,lr-oulad-academic-fail-c105-s42-v5
Precision-Recall,0.9532803180914513,0.46689386562804286,0.0940176075309455,test,logistic_regression,lr-oulad-academic-fail-c105-s42-v5
Precision-Recall,0.9532803180914513,0.4671212859230395,0.09427452890474038,test,logistic_regression,lr-oulad-academic-fail-c105-s42-v5
Precision-Recall,0.9532803180914513,0.4673489278752437,0.09428338331350423,test,logistic_regression,lr-oulad-academic-fail-c105-s42-v5
Precision-Recall,0.9532803180914513,0.46757679180887374,0.09432587955403844,test,logistic_regression,lr-oulad-academic-fail-c105-s42-v5
Precision-Recall,0.9532803180914513,0.4678048780487805,0.09433671467720031,test,logistic_regression,lr-oulad-academic-fail-c105-s42-v5
Precision-Recall,0.9532803180914513,0.468033186920449,0.09443123984185003,test,logistic_regression,lr-oulad-academic-fail-c105-s42-v5
Precision-Recall,0.9532803180914513,0.46826171875,0.09447548730056385,test,logistic_regression,lr-oulad-academic-fail-c105-s42-v5
Precision-Recall,0.9532803180914513,0.4684904738641915,0.09486971984799861,test,logistic_regression,lr-oulad-academic-fail-c105-s42-v5
Precision-Recall,0.9532803180914513,0.4687194525904203,0.09488282219227519,test,logistic_regression,lr-oulad-academic-fail-c105-s42-v5
Precision-Recall,0.9532803180914513,0.4689486552567237,0.09512078324140025,test,logistic_regression,lr-oulad-academic-fail-c105-s42-v5
Precision-Recall,0.9532803180914513,0.4691780821917808,0.09539178013847754,test,logistic_regression,lr-oulad-academic-fail-c105-s42-v5
Precision-Recall,0.9532803180914513,0.46940773372491434,0.09541747410496798,test,logistic_regression,lr-oulad-academic-fail-c105-s42-v5
Precision-Recall,0.9532803180914513,0.46963761018609207,0.09554703873413602,test,logistic_regression,lr-oulad-academic-fail-c105-s42-v5
Precision-Recall,0.9532803180914513,0.46986771190592846,0.09562863351258774,test,logistic_regression,lr-oulad-academic-fail-c105-s42-v5
Precision-Recall,0.952286282306163,0.4696078431372549,0.09566777145232803,test,logistic_regression,lr-oulad-academic-fail-c105-s42-v5
Precision-Recall,0.952286282306163,0.46983815595880335,0.09567577550380024,test,logistic_regression,lr-oulad-academic-fail-c105-s42-v5
Precision-Recall,0.952286282306163,0.47006869479882235,0.0958148030891635,test,logistic_regression,lr-oulad-academic-fail-c105-s42-v5
Precision-Recall,0.952286282306163,0.47029945999018163,0.09607483496454353,test,logistic_regression,lr-oulad-academic-fail-c105-s42-v5
Precision-Recall,0.952286282306163,0.47053045186640474,0.09610124001333162,test,logistic_regression,lr-oulad-academic-fail-c105-s42-v5
Precision-Recall,0.952286282306163,0.47076167076167075,0.09619497843560562,test,logistic_regression,lr-oulad-academic-fail-c105-s42-v5
Precision-Recall,0.952286282306163,0.47099311701081614,0.09623838419973593,test,logistic_regression,lr-oulad-academic-fail-c105-s42-v5
Precision-Recall,0.952286282306163,0.47122479094933595,0.09649368937933402,test,logistic_regression,lr-oulad-academic-fail-c105-s42-v5
Precision-Recall,0.952286282306163,0.4714566929133858,0.09686905671676319,test,logistic_regression,lr-oulad-academic-fail-c105-s42-v5
Precision-Recall,0.952286282306163,0.47168882323978334,0.09692285261807282,test,logistic_regression,lr-oulad-academic-fail-c105-s42-v5
Precision-Recall,0.952286282306163,0.4719211822660099,0.09702338895591109,test,logistic_regression,lr-oulad-academic-fail-c105-s42-v5
Precision-Recall,0.9512922465208747,0.4716609167077378,0.09715870887997859,test,logistic_regression,lr-oulad-academic-fail-c105-s42-v5
Precision-Recall,0.9512922465208747,0.4718934911242604,0.09762471843906909,test,logistic_regression,lr-oulad-academic-fail-c105-s42-v5
Precision-Recall,0.9512922465208747,0.4721262950172669,0.09781042783406532,test,logistic_regression,lr-oulad-academic-fail-c105-s42-v5
Precision-Recall,0.9512922465208747,0.4723593287265548,0.09786106207630323,test,logistic_regression,lr-oulad-academic-fail-c105-s42-v5
Precision-Recall,0.9512922465208747,0.4725925925925926,0.09797680122910857,test,logistic_regression,lr-oulad-academic-fail-c105-s42-v5
Precision-Recall,0.9512922465208747,0.47282608695652173,0.09803082056883285,test,logistic_regression,lr-oulad-academic-fail-c105-s42-v5
Precision-Recall,0.9512922465208747,0.4730598121601582,0.09822313849269518,test,logistic_regression,lr-oulad-academic-fail-c105-s42-v5
Precision-Recall,0.9512922465208747,0.4732937685459941,0.09845964984260037,test,logistic_regression,lr-oulad-academic-fail-c105-s42-v5
Precision-Recall,0.9512922465208747,0.4735279564571994,0.09848191848221853,test,logistic_regression,lr-oulad-academic-fail-c105-s42-v5
Precision-Recall,0.9512922465208747,0.47376237623762374,0.09859396274674162,test,logistic_regression,lr-oulad-academic-fail-c105-s42-v5
Precision-Recall,0.9512922465208747,0.4739970282317979,0.09862627236093043,test,logistic_regression,lr-oulad-academic-fail-c105-s42-v5
Precision-Recall,0.9512922465208747,0.4742319127849356,0.09886611690728421,test,logistic_regression,lr-oulad-academic-fail-c105-s42-v5
Precision-Recall,0.9512922465208747,0.4744670302429351,0.099123389389617,test,logistic_regression,lr-oulad-academic-fail-c105-s42-v5
Precision-Recall,0.9512922465208747,0.47470238095238093,0.09950663657238129,test,logistic_regression,lr-oulad-academic-fail-c105-s42-v5
Precision-Recall,0.9512922465208747,0.4749379652605459,0.09957407628027924,test,logistic_regression,lr-oulad-academic-fail-c105-s42-v5
Precision-Recall,0.9512922465208747,0.47517378351539225,0.0996991322486987,test,logistic_regression,lr-oulad-academic-fail-c105-s42-v5
Precision-Recall,0.9512922465208747,0.47540983606557374,0.09982585818888509,test,logistic_regression,lr-oulad-academic-fail-c105-s42-v5
Precision-Recall,0.9512922465208747,0.47564612326043737,0.09987683246959404,test,logistic_regression,lr-oulad-academic-fail-c105-s42-v5
Precision-Recall,0.9512922465208747,0.47588264545002484,0.09990423241874791,test,logistic_regression,lr-oulad-academic-fail-c105-s42-v5
Precision-Recall,0.9512922465208747,0.4761194029850746,0.10000877359981884,test,logistic_regression,lr-oulad-academic-fail-c105-s42-v5
Precision-Recall,0.9512922465208747,0.4763563962170234,0.10024295494478214,test,logistic_regression,lr-oulad-academic-fail-c105-s42-v5
Precision-Recall,0.9512922465208747,0.476593625498008,0.10036200760720396,test,logistic_regression,lr-oulad-academic-fail-c105-s42-v5
Precision-Recall,0.9512922465208747,0.476831091180867,0.10066607611542164,test,logistic_regression,lr-oulad-academic-fail-c105-s42-v5
Precision-Recall,0.9512922465208747,0.47706879361914256,0.10086042315245272,test,logistic_regression,lr-oulad-academic-fail-c105-s42-v5
Precision-Recall,0.9512922465208747,0.4773067331670823,0.10088768501750431,test,logistic_regression,lr-oulad-academic-fail-c105-s42-v5
Precision-Recall,0.9512922465208747,0.47754491017964074,0.10090234891833315,test,logistic_regression,lr-oulad-academic-fail-c105-s42-v5
Precision-Recall,0.9512922465208747,0.4777833250124813,0.10118385480662927,test,logistic_regression,lr-oulad-academic-fail-c105-s42-v5
Precision-Recall,0.9512922465208747,0.47802197802197804,0.1012890237456532,test,logistic_regression,lr-oulad-academic-fail-c105-s42-v5
Precision-Recall,0.9512922465208747,0.4782608695652174,0.10164846256302558,test,logistic_regression,lr-oulad-academic-fail-c105-s42-v5
Precision-Recall,0.9512922465208747,0.4785,0.10192996424025676,test,logistic_regression,lr-oulad-academic-fail-c105-s42-v5
Precision-Recall,0.9512922465208747,0.47873936968484243,0.10195430861085683,test,logistic_regression,lr-oulad-academic-fail-c105-s42-v5
Precision-Recall,0.9512922465208747,0.47897897897897895,0.10222833736398289,test,logistic_regression,lr-oulad-academic-fail-c105-s42-v5
Precision-Recall,0.9512922465208747,0.47921882824236356,0.10222881265552904,test,logistic_regression,lr-oulad-academic-fail-c105-s42-v5
Precision-Recall,0.9512922465208747,0.47945891783567135,0.1025478264810855,test,logistic_regression,lr-oulad-academic-fail-c105-s42-v5
Precision-Recall,0.9512922465208747,0.47969924812030074,0.10254925230007043,test,logistic_regression,lr-oulad-academic-fail-c105-s42-v5
Precision-Recall,0.9512922465208747,0.4799398194583751,0.10254970324046024,test,logistic_regression,lr-oulad-academic-fail-c105-s42-v5
Precision-Recall,0.9512922465208747,0.4801806322127446,0.10279095160520865,test,logistic_regression,lr-oulad-academic-fail-c105-s42-v5
Precision-Recall,0.9512922465208747,0.48042168674698793,0.10281925877231068,test,logistic_regression,lr-oulad-academic-fail-c105-s42-v5
Precision-Recall,0.9512922465208747,0.48066298342541436,0.10290618196151755,test,logistic_regression,lr-oulad-academic-fail-c105-s42-v5
Precision-Recall,0.9512922465208747,0.4809045226130653,0.10294406244915238,test,logistic_regression,lr-oulad-academic-fail-c105-s42-v5
Precision-Recall,0.9512922465208747,0.48114630467571645,0.1030873522308862,test,logistic_regression,lr-oulad-academic-fail-c105-s42-v5
Precision-Recall,0.9512922465208747,0.4813883299798793,0.10362582329266151,test,logistic_regression,lr-oulad-academic-fail-c105-s42-v5
Precision-Recall,0.9512922465208747,0.48163059889280324,0.10364769050795519,test,logistic_regression,lr-oulad-academic-fail-c105-s42-v5
Precision-Recall,0.9512922465208747,0.4818731117824773,0.10402726705890274,test,logistic_regression,lr-oulad-academic-fail-c105-s42-v5
Precision-Recall,0.9512922465208747,0.48211586901763226,0.10403142905846528,test,logistic_regression,lr-oulad-academic-fail-c105-s42-v5
Precision-Recall,0.9502982107355865,0.48185483870967744,0.10404237609154114,test,logistic_regression,lr-oulad-academic-fail-c105-s42-v5
Precision-Recall,0.9502982107355865,0.4820978315683308,0.10449991739610058,test,logistic_regression,lr-oulad-academic-fail-c105-s42-v5
Precision-Recall,0.9502982107355865,0.48234106962663975,0.10450457453702862,test,logistic_regression,lr-oulad-academic-fail-c105-s42-v5
Precision-Recall,0.9502982107355865,0.48258455325593136,0.10450803910898071,test,logistic_regression,lr-oulad-academic-fail-c105-s42-v5
Precision-Recall,0.9502982107355865,0.48282828282828283,0.10462613935055906,test,logistic_regression,lr-oulad-academic-fail-c105-s42-v5
Precision-Recall,0.9493041749502982,0.482566953006569,0.10471304785301201,test,logistic_regression,lr-oulad-academic-fail-c105-s42-v5
Precision-Recall,0.9493041749502982,0.4828109201213347,0.1047418240609039,test,logistic_regression,lr-oulad-academic-fail-c105-s42-v5
Precision-Recall,0.9493041749502982,0.483055134041477,0.10476060789146627,test,logistic_regression,lr-oulad-academic-fail-c105-s42-v5
Precision-Recall,0.9493041749502982,0.4832995951417004,0.10476685195507172,test,logistic_regression,lr-oulad-academic-fail-c105-s42-v5
Precision-Recall,0.9493041749502982,0.4835443037974684,0.10503161849111214,test,logistic_regression,lr-oulad-academic-fail-c105-s42-v5
Precision-Recall,0.9493041749502982,0.4837892603850051,0.10535450268087894,test,logistic_regression,lr-oulad-academic-fail-c105-s42-v5
Precision-Recall,0.9493041749502982,0.4840344652812975,0.10540520151794235,test,logistic_regression,lr-oulad-academic-fail-c105-s42-v5
Precision-Recall,0.9493041749502982,0.4842799188640974,0.10543162051441393,test,logistic_regression,lr-oulad-academic-fail-c105-s42-v5
Precision-Recall,0.9493041749502982,0.48452562151192285,0.10560593759602316,test,logistic_regression,lr-oulad-academic-fail-c105-s42-v5
Precision-Recall,0.9493041749502982,0.4847715736040609,0.10575820882522725,test,logistic_regression,lr-oulad-academic-fail-c105-s42-v5
Precision-Recall,0.9493041749502982,0.4850177755205688,0.10614702162085352,test,logistic_regression,lr-oulad-academic-fail-c105-s42-v5
Precision-Recall,0.9493041749502982,0.48526422764227645,0.10614862403324957,test,logistic_regression,lr-oulad-academic-fail-c105-s42-v5
Precision-Recall,0.9493041749502982,0.485510930350788,0.10615024200690508,test,logistic_regression,lr-oulad-academic-fail-c105-s42-v5
Precision-Recall,0.9493041749502982,0.48575788402848424,0.10616765520494219,test,logistic_regression,lr-oulad-academic-fail-c105-s42-v5
Precision-Recall,0.9493041749502982,0.4860050890585242,0.10638098112313416,test,logistic_regression,lr-oulad-academic-fail-c105-s42-v5
Precision-Recall,0.9493041749502982,0.4862525458248472,0.10661349444683683,test,logistic_regression,lr-oulad-academic-fail-c105-s42-v5
Precision-Recall,0.9493041749502982,0.48650025471217523,0.10664056957097415,test,logistic_regression,lr-oulad-academic-fail-c105-s42-v5
Precision-Recall,0.9493041749502982,0.48674821610601426,0.10675037590100438,test,logistic_regression,lr-oulad-academic-fail-c105-s42-v5
Precision-Recall,0.9493041749502982,0.48699643039265683,0.10687857531073626,test,logistic_regression,lr-oulad-academic-fail-c105-s42-v5
Precision-Recall,0.9493041749502982,0.4872448979591837,0.10692542036905807,test,logistic_regression,lr-oulad-academic-fail-c105-s42-v5
Precision-Recall,0.9493041749502982,0.48749361919346607,0.10707587787071192,test,logistic_regression,lr-oulad-academic-fail-c105-s42-v5
Precision-Recall,0.9493041749502982,0.4877425944841675,0.1073791343015304,test,logistic_regression,lr-oulad-academic-fail-c105-s42-v5
Precision-Recall,0.9493041749502982,0.48799182422074605,0.10774618892670604,test,logistic_regression,lr-oulad-academic-fail-c105-s42-v5
Precision-Recall,0.9493041749502982,0.488241308793456,0.1078168441438627,test,logistic_regression,lr-oulad-academic-fail-c105-s42-v5
Precision-Recall,0.9493041749502982,0.4884910485933504,0.10782809007450758,test,logistic_regression,lr-oulad-academic-fail-c105-s42-v5
Precision-Recall,0.9493041749502982,0.4887410440122825,0.1078347047914241,test,logistic_regression,lr-oulad-academic-fail-c105-s42-v5
Precision-Recall,0.9493041749502982,0.48899129544290837,0.10800070429914736,test,logistic_regression,lr-oulad-academic-fail-c105-s42-v5
Precision-Recall,0.9493041749502982,0.48924180327868855,0.10802036732182656,test,logistic_regression,lr-oulad-academic-fail-c105-s42-v5
Precision-Recall,0.9493041749502982,0.4894925679138903,0.10803435449741917,test,logistic_regression,lr-oulad-academic-fail-c105-s42-v5
Precision-Recall,0.9493041749502982,0.4897435897435897,0.10819365322793875,test,logistic_regression,lr-oulad-academic-fail-c105-s42-v5
Precision-Recall,0.9493041749502982,0.4899948691636737,0.10841903553964488,test,logistic_regression,lr-oulad-academic-fail-c105-s42-v5
Precision-Recall,0.9493041749502982,0.4902464065708419,0.1084580011958509,test,logistic_regression,lr-oulad-academic-fail-c105-s42-v5
Precision-Recall,0.9493041749502982,0.49049820236260916,0.10862664373445442,test,logistic_regression,lr-oulad-academic-fail-c105-s42-v5
Precision-Recall,0.9493041749502982,0.4907502569373073,0.10865581848791356,test,logistic_regression,lr-oulad-academic-fail-c105-s42-v5
Precision-Recall,0.94831013916501,0.4904884318766067,0.10870182146998157,test,logistic_regression,lr-oulad-academic-fail-c105-s42-v5
Precision-Recall,0.94831013916501,0.49074074074074076,0.10915521579104419,test,logistic_regression,lr-oulad-academic-fail-c105-s42-v5
Precision-Recall,0.94831013916501,0.4909933093154915,0.10915529281812848,test,logistic_regression,lr-oulad-academic-fail-c105-s42-v5
Precision-Recall,0.94831013916501,0.49124613800205974,0.10930683862220347,test,logistic_regression,lr-oulad-academic-fail-c105-s42-v5
Precision-Recall,0.94831013916501,0.49149922720247297,0.10938526336322224,test,logistic_regression,lr-oulad-academic-fail-c105-s42-v5
Precision-Recall,0.94831013916501,0.4917525773195876,0.10958340082123778,test,logistic_regression,lr-oulad-academic-fail-c105-s42-v5
Precision-Recall,0.94831013916501,0.4920061887570913,0.10972729894121074,test,logistic_regression,lr-oulad-academic-fail-c105-s42-v5
Precision-Recall,0.94831013916501,0.49226006191950467,0.10977445926922778,test,logistic_regression,lr-oulad-academic-fail-c105-s42-v5
Precision-Recall,0.94831013916501,0.4925141972121838,0.11040603081164023,test,logistic_regression,lr-oulad-academic-fail-c105-s42-v5
Precision-Recall,0.9473161033797217,0.4922520661157025,0.11042800442659173,test,logistic_regression,lr-oulad-academic-fail-c105-s42-v5
Precision-Recall,0.9473161033797217,0.49250645994832043,0.11049064018089956,test,logistic_regression,lr-oulad-academic-fail-c105-s42-v5
Precision-Recall,0.9473161033797217,0.49276111685625645,0.11060821603260809,test,logistic_regression,lr-oulad-academic-fail-c105-s42-v5
Precision-Recall,0.9473161033797217,0.49301603724780135,0.11090815352156382,test,logistic_regression,lr-oulad-academic-fail-c105-s42-v5
Precision-Recall,0.9473161033797217,0.4932712215320911,0.11106532305596906,test,logistic_regression,lr-oulad-academic-fail-c105-s42-v5
Precision-Recall,0.9473161033797217,0.4935266701191093,0.11133072181111105,test,logistic_regression,lr-oulad-academic-fail-c105-s42-v5
Precision-Recall,0.9473161033797217,0.4937823834196891,0.11141239034998304,test,logistic_regression,lr-oulad-academic-fail-c105-s42-v5
Precision-Recall,0.9463220675944334,0.49351995852773456,0.11146342285627321,test,logistic_regression,lr-oulad-academic-fail-c105-s42-v5
Precision-Recall,0.9463220675944334,0.49377593360995853,0.1117643610720877,test,logistic_regression,lr-oulad-academic-fail-c105-s42-v5
Precision-Recall,0.9453280318091452,0.4935132330046705,0.11211156012254002,test,logistic_regression,lr-oulad-academic-fail-c105-s42-v5
Precision-Recall,0.9453280318091452,0.4937694704049844,0.11216409132302026,test,logistic_regression,lr-oulad-academic-fail-c105-s42-v5
Precision-Recall,0.9453280318091452,0.49402597402597404,0.11221297964480109,test,logistic_regression,lr-oulad-academic-fail-c105-s42-v5
Precision-Recall,0.9453280318091452,0.49428274428274427,0.11226940865275135,test,logistic_regression,lr-oulad-academic-fail-c105-s42-v5
Precision-Recall,0.9453280318091452,0.49453978159126366,0.1123714277014647,test,logistic_regression,lr-oulad-academic-fail-c105-s42-v5
Precision-Recall,0.9453280318091452,0.4947970863683663,0.11243982611855241,test,logistic_regression,lr-oulad-academic-fail-c105-s42-v5
Precision-Recall,0.9453280318091452,0.4950546590317543,0.11287717861085184,test,logistic_regression,lr-oulad-academic-fail-c105-s42-v5
Precision-Recall,0.9453280318091452,0.4953125,0.11287933563203403,test,logistic_regression,lr-oulad-academic-fail-c105-s42-v5
Precision-Recall,0.9453280318091452,0.4955706096925482,0.11302519417697499,test,logistic_regression,lr-oulad-academic-fail-c105-s42-v5
Precision-Recall,0.9453280318091452,0.49582898852971846,0.11335878038016305,test,logistic_regression,lr-oulad-academic-fail-c105-s42-v5
Precision-Recall,0.9453280318091452,0.49608763693270735,0.11358225857953588,test,logistic_regression,lr-oulad-academic-fail-c105-s42-v5
Precision-Recall,0.9453280318091452,0.4963465553235908,0.11408274841033789,test,logistic_regression,lr-oulad-academic-fail-c105-s42-v5
Precision-Recall,0.9453280318091452,0.4966057441253264,0.11413088388275201,test,logistic_regression,lr-oulad-academic-fail-c105-s42-v5
Precision-Recall,0.9453280318091452,0.49686520376175547,0.11426242426039925,test,logistic_regression,lr-oulad-academic-fail-c105-s42-v5
Precision-Recall,0.9443339960238568,0.4966021955044433,0.11452516360282618,test,logistic_regression,lr-oulad-academic-fail-c105-s42-v5
Precision-Recall,0.9443339960238568,0.49686192468619245,0.11456448458439628,test,logistic_regression,lr-oulad-academic-fail-c105-s42-v5
Precision-Recall,0.9443339960238568,0.4971219256933543,0.1147463052983895,test,logistic_regression,lr-oulad-academic-fail-c105-s42-v5
Precision-Recall,0.9433399602385686,0.4968586387434555,0.11549205545883036,test,logistic_regression,lr-oulad-academic-fail-c105-s42-v5
Precision-Recall,0.9433399602385686,0.4971189104243059,0.11557800993339025,test,logistic_regression,lr-oulad-academic-fail-c105-s42-v5
Precision-Recall,0.9433399602385686,0.4973794549266247,0.11573464833789676,test,logistic_regression,lr-oulad-academic-fail-c105-s42-v5
Precision-Recall,0.9433399602385686,0.4976402726796015,0.11579551902965816,test,logistic_regression,lr-oulad-academic-fail-c105-s42-v5
Precision-Recall,0.9433399602385686,0.49790136411332636,0.11580313278503455,test,logistic_regression,lr-oulad-academic-fail-c105-s42-v5
Precision-Recall,0.9433399602385686,0.49816272965879266,0.11581608697853644,test,logistic_regression,lr-oulad-academic-fail-c105-s42-v5
Precision-Recall,0.9433399602385686,0.49842436974789917,0.11589134308272313,test,logistic_regression,lr-oulad-academic-fail-c105-s42-v5
Precision-Recall,0.9433399602385686,0.49868628481345245,0.11602639248366901,test,logistic_regression,lr-oulad-academic-fail-c105-s42-v5
Precision-Recall,0.9433399602385686,0.4989484752891693,0.11608916844624732,test,logistic_regression,lr-oulad-academic-fail-c105-s42-v5
Precision-Recall,0.9433399602385686,0.4992109416096791,0.11610815154995574,test,logistic_regression,lr-oulad-academic-fail-c105-s42-v5
Precision-Recall,0.9433399602385686,0.4994736842105263,0.11613453160680201,test,logistic_regression,lr-oulad-academic-fail-c105-s42-v5
Precision-Recall,0.9433399602385686,0.49973670352817273,0.11623751123832646,test,logistic_regression,lr-oulad-academic-fail-c105-s42-v5
Precision-Recall,0.9433399602385686,0.5,0.11638042569174073,test,logistic_regression,lr-oulad-academic-fail-c105-s42-v5
Precision-Recall,0.9433399602385686,0.5002635740643121,0.1165884344534044,test,logistic_regression,lr-oulad-academic-fail-c105-s42-v5
Precision-Recall,0.9433399602385686,0.5005274261603375,0.11662436687492572,test,logistic_regression,lr-oulad-academic-fail-c105-s42-v5
Precision-Recall,0.9433399602385686,0.5007915567282322,0.11694879602040248,test,logistic_regression,lr-oulad-academic-fail-c105-s42-v5
Precision-Recall,0.9423459244532804,0.5005279831045406,0.11710400199353858,test,logistic_regression,lr-oulad-academic-fail-c105-s42-v5
Precision-Recall,0.941351888667992,0.5002641310089805,0.1171066436203882,test,logistic_regression,lr-oulad-academic-fail-c105-s42-v5
Precision-Recall,0.941351888667992,0.5005285412262156,0.11724776754096217,test,logistic_regression,lr-oulad-academic-fail-c105-s42-v5
Precision-Recall,0.941351888667992,0.5007932310946589,0.11734272134777411,test,logistic_regression,lr-oulad-academic-fail-c105-s42-v5
Precision-Recall,0.941351888667992,0.5010582010582011,0.11737421033231032,test,logistic_regression,lr-oulad-academic-fail-c105-s42-v5
Precision-Recall,0.9403578528827038,0.5007940709370037,0.11760601124790407,test,logistic_regression,lr-oulad-academic-fail-c105-s42-v5
Precision-Recall,0.9403578528827038,0.5010593220338984,0.11774723987522491,test,logistic_regression,lr-oulad-academic-fail-c105-s42-v5
Precision-Recall,0.9403578528827038,0.5013248542660307,0.11791336279635799,test,logistic_regression,lr-oulad-academic-fail-c105-s42-v5
Precision-Recall,0.9403578528827038,0.5015906680805938,0.11805076757506637,test,logistic_regression,lr-oulad-academic-fail-c105-s42-v5
Precision-Recall,0.9403578528827038,0.5018567639257294,0.1181250929270674,test,logistic_regression,lr-oulad-academic-fail-c105-s42-v5
Precision-Recall,0.9403578528827038,0.5021231422505308,0.11850621378130623,test,logistic_regression,lr-oulad-academic-fail-c105-s42-v5
Precision-Recall,0.9403578528827038,0.5023898035050451,0.11850870778969273,test,logistic_regression,lr-oulad-academic-fail-c105-s42-v5
Precision-Recall,0.9403578528827038,0.5026567481402763,0.11875333215829571,test,logistic_regression,lr-oulad-academic-fail-c105-s42-v5
Precision-Recall,0.9403578528827038,0.5029239766081871,0.1187835478543034,test,logistic_regression,lr-oulad-academic-fail-c105-s42-v5
Precision-Recall,0.9403578528827038,0.5031914893617021,0.11888843956685688,test,logistic_regression,lr-oulad-academic-fail-c105-s42-v5
Precision-Recall,0.9403578528827038,0.50345928685471,0.11904615683813356,test,logistic_regression,lr-oulad-academic-fail-c105-s42-v5
Precision-Recall,0.9403578528827038,0.503727369542066,0.11947395749306725,test,logistic_regression,lr-oulad-academic-fail-c105-s42-v5
Precision-Recall,0.9403578528827038,0.5039957378795951,0.11955376679336559,test,logistic_regression,lr-oulad-academic-fail-c105-s42-v5
Precision-Recall,0.9403578528827038,0.5042643923240938,0.11955964623294217,test,logistic_regression,lr-oulad-academic-fail-c105-s42-v5
Precision-Recall,0.9393638170974155,0.504,0.11958833441112869,test,logistic_regression,lr-oulad-academic-fail-c105-s42-v5
Precision-Recall,0.9393638170974155,0.5042689434364994,0.11987837530468207,test,logistic_regression,lr-oulad-academic-fail-c105-s42-v5
Precision-Recall,0.9393638170974155,0.5045381740523225,0.12006961286211389,test,logistic_regression,lr-oulad-academic-fail-c105-s42-v5
Precision-Recall,0.9393638170974155,0.5048076923076923,0.12036474397426165,test,logistic_regression,lr-oulad-academic-fail-c105-s42-v5
Precision-Recall,0.9393638170974155,0.5050774986638161,0.12044765773566797,test,logistic_regression,lr-oulad-academic-fail-c105-s42-v5
Precision-Recall,0.9393638170974155,0.5053475935828877,0.1207176121691517,test,logistic_regression,lr-oulad-academic-fail-c105-s42-v5
Precision-Recall,0.9393638170974155,0.5056179775280899,0.12100688809517658,test,logistic_regression,lr-oulad-academic-fail-c105-s42-v5
Precision-Recall,0.9383697813121272,0.5053533190578159,0.1211574102667288,test,logistic_regression,lr-oulad-academic-fail-c105-s42-v5
Precision-Recall,0.9383697813121272,0.5056239957150509,0.12116387057795425,test,logistic_regression,lr-oulad-academic-fail-c105-s42-v5
Precision-Recall,0.9383697813121272,0.5058949624866024,0.12116550779206435,test,logistic_regression,lr-oulad-academic-fail-c105-s42-v5
Precision-Recall,0.9383697813121272,0.5061662198391421,0.12145117834128247,test,logistic_regression,lr-oulad-academic-fail-c105-s42-v5
Precision-Recall,0.937375745526839,0.505901287553648,0.12151681941400387,test,logistic_regression,lr-oulad-academic-fail-c105-s42-v5
Precision-Recall,0.937375745526839,0.5061728395061729,0.12160290002249369,test,logistic_regression,lr-oulad-academic-fail-c105-s42-v5
Precision-Recall,0.9363817097415507,0.505907626208378,0.12187581411097258,test,logistic_regression,lr-oulad-academic-fail-c105-s42-v5
Precision-Recall,0.9363817097415507,0.5061794734013971,0.12197895799469233,test,logistic_regression,lr-oulad-academic-fail-c105-s42-v5
Precision-Recall,0.9363817097415507,0.5064516129032258,0.12203199761662173,test,logistic_regression,lr-oulad-academic-fail-c105-s42-v5
Precision-Recall,0.9363817097415507,0.5067240451855837,0.12208930227808693,test,logistic_regression,lr-oulad-academic-fail-c105-s42-v5
Precision-Recall,0.9363817097415507,0.5069967707212056,0.12242855884238435,test,logistic_regression,lr-oulad-academic-fail-c105-s42-v5
Precision-Recall,0.9363817097415507,0.5072697899838449,0.1225871568467807,test,logistic_regression,lr-oulad-academic-fail-c105-s42-v5
Precision-Recall,0.9363817097415507,0.5075431034482759,0.1226053694044796,test,logistic_regression,lr-oulad-academic-fail-c105-s42-v5
Precision-Recall,0.9363817097415507,0.5078167115902965,0.12312712417036187,test,logistic_regression,lr-oulad-academic-fail-c105-s42-v5
Precision-Recall,0.9363817097415507,0.5080906148867314,0.12314733442008409,test,logistic_regression,lr-oulad-academic-fail-c105-s42-v5
Precision-Recall,0.9363817097415507,0.5083648138154344,0.12343010206724657,test,logistic_regression,lr-oulad-academic-fail-c105-s42-v5
Precision-Recall,0.9363817097415507,0.5086393088552916,0.12348797021470849,test,logistic_regression,lr-oulad-academic-fail-c105-s42-v5
Precision-Recall,0.9363817097415507,0.5089141004862237,0.12357022703942132,test,logistic_regression,lr-oulad-academic-fail-c105-s42-v5
Precision-Recall,0.9363817097415507,0.5091891891891892,0.12362240471288531,test,logistic_regression,lr-oulad-academic-fail-c105-s42-v5
Precision-Recall,0.9363817097415507,0.5094645754461872,0.12363074014854886,test,logistic_regression,lr-oulad-academic-fail-c105-s42-v5
Precision-Recall,0.9363817097415507,0.5097402597402597,0.12363701682434493,test,logistic_regression,lr-oulad-academic-fail-c105-s42-v5
Precision-Recall,0.9363817097415507,0.5100162425554954,0.12369657824512495,test,logistic_regression,lr-oulad-academic-fail-c105-s42-v5
Precision-Recall,0.9353876739562624,0.5097508125677139,0.12370292802682178,test,logistic_regression,lr-oulad-academic-fail-c105-s42-v5
Precision-Recall,0.9353876739562624,0.5100271002710027,0.12387227217259099,test,logistic_regression,lr-oulad-academic-fail-c105-s42-v5
Precision-Recall,0.9353876739562624,0.5103036876355749,0.12408522110564041,test,logistic_regression,lr-oulad-academic-fail-c105-s42-v5
Precision-Recall,0.9353876739562624,0.5105805751492133,0.12414780403424798,test,logistic_regression,lr-oulad-academic-fail-c105-s42-v5
Precision-Recall,0.9353876739562624,0.51085776330076,0.12420814842639157,test,logistic_regression,lr-oulad-academic-fail-c105-s42-v5
Precision-Recall,0.9353876739562624,0.5111352525801195,0.12422036324284341,test,logistic_regression,lr-oulad-academic-fail-c105-s42-v5
Precision-Recall,0.9353876739562624,0.5114130434782609,0.12423534954965182,test,logistic_regression,lr-oulad-academic-fail-c105-s42-v5
Precision-Recall,0.9353876739562624,0.5116911364872213,0.12459335182455776,test,logistic_regression,lr-oulad-academic-fail-c105-s42-v5
Precision-Recall,0.9353876739562624,0.5119695321001088,0.1246746919057651,test,logistic_regression,lr-oulad-academic-fail-c105-s42-v5
Precision-Recall,0.9353876739562624,0.512248230811105,0.12467700568046775,test,logistic_regression,lr-oulad-academic-fail-c105-s42-v5
Precision-Recall,0.9353876739562624,0.5125272331154684,0.12470975402035252,test,logistic_regression,lr-oulad-academic-fail-c105-s42-v5
Precision-Recall,0.9353876739562624,0.5128065395095368,0.12481800649356704,test,logistic_regression,lr-oulad-academic-fail-c105-s42-v5
Precision-Recall,0.9353876739562624,0.5130861504907307,0.12491931482316951,test,logistic_regression,lr-oulad-academic-fail-c105-s42-v5
Precision-Recall,0.9353876739562624,0.5133660665575559,0.12494170019810608,test,logistic_regression,lr-oulad-academic-fail-c105-s42-v5
Precision-Recall,0.9353876739562624,0.513646288209607,0.12498310014907789,test,logistic_regression,lr-oulad-academic-fail-c105-s42-v5
Precision-Recall,0.9353876739562624,0.5139268159475696,0.12500529137508495,test,logistic_regression,lr-oulad-academic-fail-c105-s42-v5
Precision-Recall,0.9353876739562624,0.514207650273224,0.1250353173008168,test,logistic_regression,lr-oulad-academic-fail-c105-s42-v5
Precision-Recall,0.9353876739562624,0.5144887916894478,0.12538303921588695,test,logistic_regression,lr-oulad-academic-fail-c105-s42-v5
Precision-Recall,0.9353876739562624,0.5147702407002188,0.12572322657321408,test,logistic_regression,lr-oulad-academic-fail-c105-s42-v5
Precision-Recall,0.9353876739562624,0.5150519978106185,0.1258130631624917,test,logistic_regression,lr-oulad-academic-fail-c105-s42-v5
Precision-Recall,0.9353876739562624,0.5153340635268346,0.12581807423604974,test,logistic_regression,lr-oulad-academic-fail-c105-s42-v5
Precision-Recall,0.9353876739562624,0.5156164383561643,0.12591504574739326,test,logistic_regression,lr-oulad-academic-fail-c105-s42-v5
Precision-Recall,0.9353876739562624,0.5158991228070176,0.1259702921110158,test,logistic_regression,lr-oulad-academic-fail-c105-s42-v5
Precision-Recall,0.9353876739562624,0.5161821173889194,0.1262619441656259,test,logistic_regression,lr-oulad-academic-fail-c105-s42-v5
Precision-Recall,0.9353876739562624,0.5164654226125137,0.1263627877041538,test,logistic_regression,lr-oulad-academic-fail-c105-s42-v5
Precision-Recall,0.9353876739562624,0.5167490389895661,0.12636894802485127,test,logistic_regression,lr-oulad-academic-fail-c105-s42-v5
Precision-Recall,0.9353876739562624,0.5170329670329671,0.12665544242470445,test,logistic_regression,lr-oulad-academic-fail-c105-s42-v5
Precision-Recall,0.9353876739562624,0.5173172072567345,0.12693872708780296,test,logistic_regression,lr-oulad-academic-fail-c105-s42-v5
Precision-Recall,0.9353876739562624,0.5176017601760176,0.12706157144645536,test,logistic_regression,lr-oulad-academic-fail-c105-s42-v5
Precision-Recall,0.9353876739562624,0.5178866263070996,0.1270849870145771,test,logistic_regression,lr-oulad-academic-fail-c105-s42-v5
Precision-Recall,0.9353876739562624,0.5181718061674009,0.12751307143058124,test,logistic_regression,lr-oulad-academic-fail-c105-s42-v5
Precision-Recall,0.9353876739562624,0.5184573002754821,0.1276554689212558,test,logistic_regression,lr-oulad-academic-fail-c105-s42-v5
Precision-Recall,0.9353876739562624,0.5187431091510474,0.1277412808112016,test,logistic_regression,lr-oulad-academic-fail-c105-s42-v5
Precision-Recall,0.9353876739562624,0.5190292333149475,0.1277417706576061,test,logistic_regression,lr-oulad-academic-fail-c105-s42-v5
Precision-Recall,0.9353876739562624,0.5193156732891833,0.12791527517852688,test,logistic_regression,lr-oulad-academic-fail-c105-s42-v5
Precision-Recall,0.9353876739562624,0.5196024295969078,0.12802531413986634,test,logistic_regression,lr-oulad-academic-fail-c105-s42-v5
Precision-Recall,0.9353876739562624,0.519889502762431,0.12805463167905934,test,logistic_regression,lr-oulad-academic-fail-c105-s42-v5
Precision-Recall,0.9353876739562624,0.5201768933112216,0.12822924086408982,test,logistic_regression,lr-oulad-academic-fail-c105-s42-v5
Precision-Recall,0.9353876739562624,0.5204646017699115,0.12851617439984228,test,logistic_regression,lr-oulad-academic-fail-c105-s42-v5
Precision-Recall,0.9343936381709742,0.5201992252351965,0.12856685466086482,test,logistic_regression,lr-oulad-academic-fail-c105-s42-v5
Precision-Recall,0.9343936381709742,0.5204872646733112,0.1285932703413237,test,logistic_regression,lr-oulad-academic-fail-c105-s42-v5
Precision-Recall,0.9343936381709742,0.5207756232686981,0.12861118065362453,test,logistic_regression,lr-oulad-academic-fail-c105-s42-v5
Precision-Recall,0.9343936381709742,0.5210643015521065,0.1286605168810659,test,logistic_regression,lr-oulad-academic-fail-c105-s42-v5
Precision-Recall,0.9343936381709742,0.5213533000554631,0.12871174917654304,test,logistic_regression,lr-oulad-academic-fail-c105-s42-v5
Precision-Recall,0.9343936381709742,0.5216426193118757,0.12904102362776856,test,logistic_regression,lr-oulad-academic-fail-c105-s42-v5
Precision-Recall,0.9343936381709742,0.5219322598556357,0.12909177438183703,test,logistic_regression,lr-oulad-academic-fail-c105-s42-v5
Precision-Recall,0.9343936381709742,0.5222222222222223,0.12911319326085627,test,logistic_regression,lr-oulad-academic-fail-c105-s42-v5
Precision-Recall,0.9343936381709742,0.5225125069483046,0.12929773998660576,test,logistic_regression,lr-oulad-academic-fail-c105-s42-v5
Precision-Recall,0.9343936381709742,0.5228031145717463,0.12954762476983678,test,logistic_regression,lr-oulad-academic-fail-c105-s42-v5
Precision-Recall,0.9343936381709742,0.5230940456316082,0.12967934153937033,test,logistic_regression,lr-oulad-academic-fail-c105-s42-v5
Precision-Recall,0.9343936381709742,0.5233853006681515,0.13063898182298458,test,logistic_regression,lr-oulad-academic-fail-c105-s42-v5
Precision-Recall,0.9343936381709742,0.5236768802228412,0.1309215309709115,test,logistic_regression,lr-oulad-academic-fail-c105-s42-v5
Precision-Recall,0.9343936381709742,0.5239687848383501,0.13092443398776882,test,logistic_regression,lr-oulad-academic-fail-c105-s42-v5
Precision-Recall,0.9343936381709742,0.524261015058561,0.13095314858622936,test,logistic_regression,lr-oulad-academic-fail-c105-s42-v5
Precision-Recall,0.9343936381709742,0.5245535714285714,0.13136804033897093,test,logistic_regression,lr-oulad-academic-fail-c105-s42-v5
Precision-Recall,0.9343936381709742,0.5248464544946957,0.13138398694547399,test,logistic_regression,lr-oulad-academic-fail-c105-s42-v5
Precision-Recall,0.9343936381709742,0.5251396648044693,0.13165753902437727,test,logistic_regression,lr-oulad-academic-fail-c105-s42-v5
Precision-Recall,0.9343936381709742,0.5254332029066517,0.13179411149516082,test,logistic_regression,lr-oulad-academic-fail-c105-s42-v5
Precision-Recall,0.9333996023856859,0.5251677852348994,0.13186721495092663,test,logistic_regression,lr-oulad-academic-fail-c105-s42-v5
Precision-Recall,0.9324055666003976,0.5249020705092333,0.13198517579546604,test,logistic_regression,lr-oulad-academic-fail-c105-s42-v5
Precision-Recall,0.9324055666003976,0.5251959686450168,0.13228554545638493,test,logistic_regression,lr-oulad-academic-fail-c105-s42-v5
Precision-Recall,0.9314115308151093,0.5249299719887955,0.132408248113309,test,logistic_regression,lr-oulad-academic-fail-c105-s42-v5
Precision-Recall,0.9314115308151093,0.5252242152466368,0.13257578472287135,test,logistic_regression,lr-oulad-academic-fail-c105-s42-v5
Precision-Recall,0.9314115308151093,0.5255187885586091,0.13269741141534014,test,logistic_regression,lr-oulad-academic-fail-c105-s42-v5
Precision-Recall,0.9314115308151093,0.5258136924803591,0.13276218073533724,test,logistic_regression,lr-oulad-academic-fail-c105-s42-v5
Precision-Recall,0.9314115308151093,0.5261089275687816,0.132873467888339,test,logistic_regression,lr-oulad-academic-fail-c105-s42-v5
Precision-Recall,0.9314115308151093,0.5264044943820225,0.13292965336124823,test,logistic_regression,lr-oulad-academic-fail-c105-s42-v5
Precision-Recall,0.9314115308151093,0.5267003934794828,0.13293417312726757,test,logistic_regression,lr-oulad-academic-fail-c105-s42-v5
Precision-Recall,0.9314115308151093,0.5269966254218222,0.13294014063313986,test,logistic_regression,lr-oulad-academic-fail-c105-s42-v5
Precision-Recall,0.9314115308151093,0.5272931907709623,0.13354347423211335,test,logistic_regression,lr-oulad-academic-fail-c105-s42-v5
Precision-Recall,0.9314115308151093,0.5275900900900901,0.13358335945478197,test,logistic_regression,lr-oulad-academic-fail-c105-s42-v5
Precision-Recall,0.9314115308151093,0.527887323943662,0.13366256559286369,test,logistic_regression,lr-oulad-academic-fail-c105-s42-v5
Precision-Recall,0.9314115308151093,0.528184892897407,0.13369458349136396,test,logistic_regression,lr-oulad-academic-fail-c105-s42-v5
Precision-Recall,0.9314115308151093,0.5284827975183305,0.13375414035756955,test,logistic_regression,lr-oulad-academic-fail-c105-s42-v5
Precision-Recall,0.9314115308151093,0.5287810383747178,0.13376232575006777,test,logistic_regression,lr-oulad-academic-fail-c105-s42-v5
Precision-Recall,0.9314115308151093,0.5290796160361377,0.13383808524977797,test,logistic_regression,lr-oulad-academic-fail-c105-s42-v5
Precision-Recall,0.9314115308151093,0.5293785310734463,0.1339769074016355,test,logistic_regression,lr-oulad-academic-fail-c105-s42-v5
Precision-Recall,0.9304174950298211,0.529112492933861,0.1342493836061474,test,logistic_regression,lr-oulad-academic-fail-c105-s42-v5
Precision-Recall,0.9304174950298211,0.5294117647058824,0.1344357377509588,test,logistic_regression,lr-oulad-academic-fail-c105-s42-v5
Precision-Recall,0.9304174950298211,0.5297113752122241,0.13473908984242525,test,logistic_regression,lr-oulad-academic-fail-c105-s42-v5
Precision-Recall,0.9304174950298211,0.5300113250283126,0.13479944440404176,test,logistic_regression,lr-oulad-academic-fail-c105-s42-v5
Precision-Recall,0.9304174950298211,0.5303116147308782,0.13492429258183922,test,logistic_regression,lr-oulad-academic-fail-c105-s42-v5
Precision-Recall,0.9304174950298211,0.5306122448979592,0.13505126487676342,test,logistic_regression,lr-oulad-academic-fail-c105-s42-v5
Precision-Recall,0.9304174950298211,0.5309132161089053,0.13521161576245677,test,logistic_regression,lr-oulad-academic-fail-c105-s42-v5
Precision-Recall,0.9294234592445328,0.5306469920544835,0.13531429786795668,test,logistic_regression,lr-oulad-academic-fail-c105-s42-v5
Precision-Recall,0.9284294234592445,0.5303804656445201,0.13546129343676086,test,logistic_regression,lr-oulad-academic-fail-c105-s42-v5
Precision-Recall,0.9274353876739563,0.5301136363636364,0.13553656622370908,test,logistic_regression,lr-oulad-academic-fail-c105-s42-v5
Precision-Recall,0.9264413518886679,0.5298465036952814,0.13571920564660814,test,logistic_regression,lr-oulad-academic-fail-c105-s42-v5
Precision-Recall,0.9264413518886679,0.5301478953356087,0.13576404884172918,test,logistic_regression,lr-oulad-academic-fail-c105-s42-v5
Precision-Recall,0.9264413518886679,0.5304496300512237,0.13583976424445088,test,logistic_regression,lr-oulad-academic-fail-c105-s42-v5
Precision-Recall,0.9264413518886679,0.530751708428246,0.13618810356864863,test,logistic_regression,lr-oulad-academic-fail-c105-s42-v5
Precision-Recall,0.9264413518886679,0.531054131054131,0.13644854842293574,test,logistic_regression,lr-oulad-academic-fail-c105-s42-v5
Precision-Recall,0.9264413518886679,0.5313568985176739,0.13645506041448072,test,logistic_regression,lr-oulad-academic-fail-c105-s42-v5
Precision-Recall,0.9254473161033797,0.5310895607529948,0.13646359460516766,test,logistic_regression,lr-oulad-academic-fail-c105-s42-v5
Precision-Recall,0.9254473161033797,0.531392694063927,0.13650236796544762,test,logistic_regression,lr-oulad-academic-fail-c105-s42-v5
Precision-Recall,0.9254473161033797,0.5316961736150772,0.1365056585779064,test,logistic_regression,lr-oulad-academic-fail-c105-s42-v5
Precision-Recall,0.9254473161033797,0.532,0.13655859288132582,test,logistic_regression,lr-oulad-academic-fail-c105-s42-v5
Precision-Recall,0.9254473161033797,0.5323041738136077,0.13673336057816637,test,logistic_regression,lr-oulad-academic-fail-c105-s42-v5
Precision-Recall,0.9254473161033797,0.532608695652174,0.136803564665857,test,logistic_regression,lr-oulad-academic-fail-c105-s42-v5
Precision-Recall,0.9244532803180915,0.5323411562678878,0.13686088238593394,test,logistic_regression,lr-oulad-academic-fail-c105-s42-v5
Precision-Recall,0.9244532803180915,0.5326460481099656,0.1372756750497615,test,logistic_regression,lr-oulad-academic-fail-c105-s42-v5
Precision-Recall,0.9244532803180915,0.5329512893982808,0.13730839925841082,test,logistic_regression,lr-oulad-academic-fail-c105-s42-v5
Precision-Recall,0.9244532803180915,0.533256880733945,0.13731428305163326,test,logistic_regression,lr-oulad-academic-fail-c105-s42-v5
Precision-Recall,0.9244532803180915,0.5335628227194492,0.13737376880330723,test,logistic_regression,lr-oulad-academic-fail-c105-s42-v5
Precision-Recall,0.9234592445328031,0.5332950631458094,0.1374400822499082,test,logistic_regression,lr-oulad-academic-fail-c105-s42-v5
Precision-Recall,0.9234592445328031,0.5336013785180931,0.1378293182660201,test,logistic_regression,lr-oulad-academic-fail-c105-s42-v5
Precision-Recall,0.9234592445328031,0.5339080459770115,0.13797915255549376,test,logistic_regression,lr-oulad-academic-fail-c105-s42-v5
Precision-Recall,0.9234592445328031,0.5342150661299597,0.13811134732140062,test,logistic_regression,lr-oulad-academic-fail-c105-s42-v5
Precision-Recall,0.9234592445328031,0.5345224395857308,0.1381166674913271,test,logistic_regression,lr-oulad-academic-fail-c105-s42-v5
Precision-Recall,0.9234592445328031,0.5348301669545192,0.13820945571887683,test,logistic_regression,lr-oulad-academic-fail-c105-s42-v5
Precision-Recall,0.9234592445328031,0.5351382488479263,0.13824544490560314,test,logistic_regression,lr-oulad-academic-fail-c105-s42-v5
Precision-Recall,0.9234592445328031,0.5354466858789625,0.13843356969711193,test,logistic_regression,lr-oulad-academic-fail-c105-s42-v5
Precision-Recall,0.9234592445328031,0.5357554786620531,0.1385852280674148,test,logistic_regression,lr-oulad-academic-fail-c105-s42-v5
Precision-Recall,0.9234592445328031,0.536064627813041,0.1387159940840977,test,logistic_regression,lr-oulad-academic-fail-c105-s42-v5
Precision-Recall,0.9234592445328031,0.5363741339491916,0.13911313533414782,test,logistic_regression,lr-oulad-academic-fail-c105-s42-v5
Precision-Recall,0.9234592445328031,0.536683997689197,0.13928166194292907,test,logistic_regression,lr-oulad-academic-fail-c105-s42-v5
Precision-Recall,0.9224652087475149,0.5364161849710982,0.13930623241392512,test,logistic_regression,lr-oulad-academic-fail-c105-s42-v5
Precision-Recall,0.9224652087475149,0.5367264314632736,0.139332554895562,test,logistic_regression,lr-oulad-academic-fail-c105-s42-v5
Precision-Recall,0.9224652087475149,0.5370370370370371,0.13934099423789253,test,logistic_regression,lr-oulad-academic-fail-c105-s42-v5
Precision-Recall,0.9224652087475149,0.5373480023161552,0.13943718039332695,test,logistic_regression,lr-oulad-academic-fail-c105-s42-v5
Precision-Recall,0.9224652087475149,0.5376593279258401,0.13944904342883943,test,logistic_regression,lr-oulad-academic-fail-c105-s42-v5
Precision-Recall,0.9224652087475149,0.5379710144927536,0.13948531700072964,test,logistic_regression,lr-oulad-academic-fail-c105-s42-v5
Precision-Recall,0.9224652087475149,0.5382830626450116,0.13964560024253195,test,logistic_regression,lr-oulad-academic-fail-c105-s42-v5
Precision-Recall,0.9224652087475149,0.538595473012188,0.13974982492994517,test,logistic_regression,lr-oulad-academic-fail-c105-s42-v5
Precision-Recall,0.9224652087475149,0.5389082462253194,0.1399486634498675,test,logistic_regression,lr-oulad-academic-fail-c105-s42-v5
Precision-Recall,0.9224652087475149,0.5392213829169088,0.14006404890884808,test,logistic_regression,lr-oulad-academic-fail-c105-s42-v5
Precision-Recall,0.9224652087475149,0.5395348837209303,0.14060106702820052,test,logistic_regression,lr-oulad-academic-fail-c105-s42-v5
Precision-Recall,0.9224652087475149,0.539848749272833,0.14079104327192363,test,logistic_regression,lr-oulad-academic-fail-c105-s42-v5
Precision-Recall,0.9224652087475149,0.540162980209546,0.14082126042988852,test,logistic_regression,lr-oulad-academic-fail-c105-s42-v5
Precision-Recall,0.9224652087475149,0.5404775771694816,0.1408958900488241,test,logistic_regression,lr-oulad-academic-fail-c105-s42-v5
Precision-Recall,0.9214711729622267,0.5402097902097902,0.14138417100418968,test,logistic_regression,lr-oulad-academic-fail-c105-s42-v5
Precision-Recall,0.9214711729622267,0.5405247813411078,0.14155782990639035,test,logistic_regression,lr-oulad-academic-fail-c105-s42-v5
Precision-Recall,0.9214711729622267,0.5408401400233372,0.14155895510742567,test,logistic_regression,lr-oulad-academic-fail-c105-s42-v5
Precision-Recall,0.9214711729622267,0.5411558669001751,0.14183474106946498,test,logistic_regression,lr-oulad-academic-fail-c105-s42-v5
Precision-Recall,0.9214711729622267,0.5414719626168224,0.14187717382566528,test,logistic_regression,lr-oulad-academic-fail-c105-s42-v5
Precision-Recall,0.9214711729622267,0.5417884278199883,0.1419893177540915,test,logistic_regression,lr-oulad-academic-fail-c105-s42-v5
Precision-Recall,0.9204771371769384,0.5415204678362573,0.14213014046511102,test,logistic_regression,lr-oulad-academic-fail-c105-s42-v5
Precision-Recall,0.9194831013916501,0.5412521942656524,0.14227682239268824,test,logistic_regression,lr-oulad-academic-fail-c105-s42-v5
Precision-Recall,0.9194831013916501,0.5415690866510539,0.14230682216458268,test,logistic_regression,lr-oulad-academic-fail-c105-s42-v5
Precision-Recall,0.9194831013916501,0.5418863503222027,0.14277726255364506,test,logistic_regression,lr-oulad-academic-fail-c105-s42-v5
Precision-Recall,0.9184890656063618,0.5416178194607268,0.1429089913547639,test,logistic_regression,lr-oulad-academic-fail-c105-s42-v5
Precision-Recall,0.9184890656063618,0.5419354838709678,0.1430179143220238,test,logistic_regression,lr-oulad-academic-fail-c105-s42-v5
Precision-Recall,0.9184890656063618,0.5422535211267606,0.1431358541267114,test,logistic_regression,lr-oulad-academic-fail-c105-s42-v5
Precision-Recall,0.9184890656063618,0.5425719318849089,0.14343732836949374,test,logistic_regression,lr-oulad-academic-fail-c105-s42-v5
Precision-Recall,0.9184890656063618,0.5428907168037603,0.14350162744623296,test,logistic_regression,lr-oulad-academic-fail-c105-s42-v5
Precision-Recall,0.9184890656063618,0.5432098765432098,0.14396886713414214,test,logistic_regression,lr-oulad-academic-fail-c105-s42-v5
Precision-Recall,0.9184890656063618,0.5435294117647059,0.14437563212540552,test,logistic_regression,lr-oulad-academic-fail-c105-s42-v5
Precision-Recall,0.9184890656063618,0.5438493231312537,0.14438885252978884,test,logistic_regression,lr-oulad-academic-fail-c105-s42-v5
Precision-Recall,0.9184890656063618,0.5441696113074205,0.14450177449501578,test,logistic_regression,lr-oulad-academic-fail-c105-s42-v5
Precision-Recall,0.9184890656063618,0.54449027695934,0.14461743498857235,test,logistic_regression,lr-oulad-academic-fail-c105-s42-v5
Precision-Recall,0.9184890656063618,0.5448113207547169,0.14472042595166937,test,logistic_regression,lr-oulad-academic-fail-c105-s42-v5
Precision-Recall,0.9184890656063618,0.5451327433628319,0.14534472751907193,test,logistic_regression,lr-oulad-academic-fail-c105-s42-v5
Precision-Recall,0.9184890656063618,0.5454545454545454,0.14570169014170894,test,logistic_regression,lr-oulad-academic-fail-c105-s42-v5
Precision-Recall,0.9184890656063618,0.5457767277023036,0.1461308353870696,test,logistic_regression,lr-oulad-academic-fail-c105-s42-v5
Precision-Recall,0.9184890656063618,0.5460992907801419,0.14636284716103748,test,logistic_regression,lr-oulad-academic-fail-c105-s42-v5
Precision-Recall,0.9184890656063618,0.5464222353636902,0.14664918985126477,test,logistic_regression,lr-oulad-academic-fail-c105-s42-v5
Precision-Recall,0.9184890656063618,0.5467455621301776,0.14673107089855839,test,logistic_regression,lr-oulad-academic-fail-c105-s42-v5
Precision-Recall,0.9184890656063618,0.5470692717584369,0.14706733397476865,test,logistic_regression,lr-oulad-academic-fail-c105-s42-v5
Precision-Recall,0.9184890656063618,0.54739336492891,0.14715945570276598,test,logistic_regression,lr-oulad-academic-fail-c105-s42-v5
Precision-Recall,0.9184890656063618,0.5477178423236515,0.14716540129466354,test,logistic_regression,lr-oulad-academic-fail-c105-s42-v5
Precision-Recall,0.9174950298210736,0.5474495848161328,0.14731164530399163,test,logistic_regression,lr-oulad-academic-fail-c105-s42-v5
Precision-Recall,0.9165009940357853,0.5471810089020771,0.1474195270398936,test,logistic_regression,lr-oulad-academic-fail-c105-s42-v5
Precision-Recall,0.9165009940357853,0.5475059382422803,0.14766403526041788,test,logistic_regression,lr-oulad-academic-fail-c105-s42-v5
Precision-Recall,0.9165009940357853,0.5478312537136066,0.14786475068370047,test,logistic_regression,lr-oulad-academic-fail-c105-s42-v5
Precision-Recall,0.915506958250497,0.5475624256837098,0.14807980049841352,test,logistic_regression,lr-oulad-academic-fail-c105-s42-v5
Precision-Recall,0.9145129224652088,0.5472932778108269,0.14838849344893248,test,logistic_regression,lr-oulad-academic-fail-c105-s42-v5
Precision-Recall,0.9135188866799204,0.5470238095238096,0.14868927668957616,test,logistic_regression,lr-oulad-academic-fail-c105-s42-v5
Precision-Recall,0.9135188866799204,0.5473496128648004,0.14908492663714926,test,logistic_regression,lr-oulad-academic-fail-c105-s42-v5
Precision-Recall,0.9135188866799204,0.5476758045292014,0.14918637669803797,test,logistic_regression,lr-oulad-academic-fail-c105-s42-v5
Precision-Recall,0.9135188866799204,0.5480023852116875,0.1494273474384895,test,logistic_regression,lr-oulad-academic-fail-c105-s42-v5
Precision-Recall,0.9135188866799204,0.5483293556085919,0.14952205702789972,test,logistic_regression,lr-oulad-academic-fail-c105-s42-v5
Precision-Recall,0.9135188866799204,0.5486567164179105,0.14995597637494013,test,logistic_regression,lr-oulad-academic-fail-c105-s42-v5
Precision-Recall,0.9135188866799204,0.548984468339307,0.15007333592350955,test,logistic_regression,lr-oulad-academic-fail-c105-s42-v5
Precision-Recall,0.9135188866799204,0.5493126120741183,0.1508306966402262,test,logistic_regression,lr-oulad-academic-fail-c105-s42-v5
Precision-Recall,0.9125248508946322,0.5490430622009569,0.15097975515059023,test,logistic_regression,lr-oulad-academic-fail-c105-s42-v5
Precision-Recall,0.9125248508946322,0.5493716337522442,0.15099845163588907,test,logistic_regression,lr-oulad-academic-fail-c105-s42-v5
Precision-Recall,0.9125248508946322,0.5497005988023952,0.15124608583978977,test,logistic_regression,lr-oulad-academic-fail-c105-s42-v5
Precision-Recall,0.9125248508946322,0.5500299580587178,0.1513336799015035,test,logistic_regression,lr-oulad-academic-fail-c105-s42-v5
Precision-Recall,0.9125248508946322,0.5503597122302158,0.15177542430945498,test,logistic_regression,lr-oulad-academic-fail-c105-s42-v5
Precision-Recall,0.9125248508946322,0.5506898620275945,0.15183002048369165,test,logistic_regression,lr-oulad-academic-fail-c105-s42-v5
Precision-Recall,0.9125248508946322,0.5510204081632653,0.15184734749324405,test,logistic_regression,lr-oulad-academic-fail-c105-s42-v5
Precision-Recall,0.9125248508946322,0.5513513513513514,0.15193906596568593,test,logistic_regression,lr-oulad-academic-fail-c105-s42-v5
Precision-Recall,0.9125248508946322,0.5516826923076923,0.15209996271019416,test,logistic_regression,lr-oulad-academic-fail-c105-s42-v5
Precision-Recall,0.9125248508946322,0.5520144317498497,0.15248451704169105,test,logistic_regression,lr-oulad-academic-fail-c105-s42-v5
Precision-Recall,0.9125248508946322,0.5523465703971119,0.15249081337123255,test,logistic_regression,lr-oulad-academic-fail-c105-s42-v5
Precision-Recall,0.911530815109344,0.5520770620108368,0.15262036554956177,test,logistic_regression,lr-oulad-academic-fail-c105-s42-v5
Precision-Recall,0.911530815109344,0.5524096385542169,0.15262659580240298,test,logistic_regression,lr-oulad-academic-fail-c105-s42-v5
Precision-Recall,0.911530815109344,0.5527426160337553,0.15309869976146265,test,logistic_regression,lr-oulad-academic-fail-c105-s42-v5
Precision-Recall,0.9105367793240556,0.5524728588661038,0.1533888635132654,test,logistic_regression,lr-oulad-academic-fail-c105-s42-v5
Precision-Recall,0.9105367793240556,0.5528062764031382,0.1538521381103874,test,logistic_regression,lr-oulad-academic-fail-c105-s42-v5
Precision-Recall,0.9105367793240556,0.5531400966183575,0.15469763312154486,test,logistic_regression,lr-oulad-academic-fail-c105-s42-v5
Precision-Recall,0.9105367793240556,0.5534743202416919,0.15564496036191486,test,logistic_regression,lr-oulad-academic-fail-c105-s42-v5
Precision-Recall,0.9105367793240556,0.5538089480048367,0.15564934781664821,test,logistic_regression,lr-oulad-academic-fail-c105-s42-v5
Precision-Recall,0.9095427435387674,0.5535390199637024,0.15587115619077796,test,logistic_regression,lr-oulad-academic-fail-c105-s42-v5
Precision-Recall,0.9085487077534792,0.5532687651331719,0.15587243966761416,test,logistic_regression,lr-oulad-academic-fail-c105-s42-v5
Precision-Recall,0.9085487077534792,0.5536038764385222,0.15588930234814222,test,logistic_regression,lr-oulad-academic-fail-c105-s42-v5
Precision-Recall,0.9085487077534792,0.553939393939394,0.15594139727232087,test,logistic_regression,lr-oulad-academic-fail-c105-s42-v5
Precision-Recall,0.9085487077534792,0.5542753183747726,0.15605364793513984,test,logistic_regression,lr-oulad-academic-fail-c105-s42-v5
Precision-Recall,0.9085487077534792,0.5546116504854369,0.1561260625590891,test,logistic_regression,lr-oulad-academic-fail-c105-s42-v5
Precision-Recall,0.9075546719681908,0.554341226472374,0.15676079950403263,test,logistic_regression,lr-oulad-academic-fail-c105-s42-v5
Precision-Recall,0.9075546719681908,0.554678007290401,0.15694068228142752,test,logistic_regression,lr-oulad-academic-fail-c105-s42-v5
Precision-Recall,0.9075546719681908,0.555015197568389,0.15697200371564599,test,logistic_regression,lr-oulad-academic-fail-c105-s42-v5
Precision-Recall,0.9075546719681908,0.555352798053528,0.15716719057251458,test,logistic_regression,lr-oulad-academic-fail-c105-s42-v5
Precision-Recall,0.9075546719681908,0.5556908094948265,0.15721510520538018,test,logistic_regression,lr-oulad-academic-fail-c105-s42-v5
Precision-Recall,0.9075546719681908,0.5560292326431181,0.15748680482036012,test,logistic_regression,lr-oulad-academic-fail-c105-s42-v5
Precision-Recall,0.9075546719681908,0.5563680682510664,0.15754515301638966,test,logistic_regression,lr-oulad-academic-fail-c105-s42-v5
Precision-Recall,0.9075546719681908,0.5567073170731708,0.1584080990453061,test,logistic_regression,lr-oulad-academic-fail-c105-s42-v5
Precision-Recall,0.9075546719681908,0.5570469798657718,0.15847706431023925,test,logistic_regression,lr-oulad-academic-fail-c105-s42-v5
Precision-Recall,0.9075546719681908,0.5573870573870574,0.1588527788685814,test,logistic_regression,lr-oulad-academic-fail-c105-s42-v5
Precision-Recall,0.9075546719681908,0.5577275503970678,0.15886907487146665,test,logistic_regression,lr-oulad-academic-fail-c105-s42-v5
Precision-Recall,0.9075546719681908,0.5580684596577017,0.1592288101831933,test,logistic_regression,lr-oulad-academic-fail-c105-s42-v5
Precision-Recall,0.9075546719681908,0.5584097859327217,0.15957938894610063,test,logistic_regression,lr-oulad-academic-fail-c105-s42-v5
Precision-Recall,0.9075546719681908,0.5587515299877601,0.15976431290272083,test,logistic_regression,lr-oulad-academic-fail-c105-s42-v5
Precision-Recall,0.9075546719681908,0.5590936925903246,0.15980549769026864,test,logistic_regression,lr-oulad-academic-fail-c105-s42-v5
Precision-Recall,0.9065606361829026,0.5588235294117647,0.15987409392426213,test,logistic_regression,lr-oulad-academic-fail-c105-s42-v5
Precision-Recall,0.9065606361829026,0.5591661557326794,0.15987993986030977,test,logistic_regression,lr-oulad-academic-fail-c105-s42-v5
Precision-Recall,0.9065606361829026,0.5595092024539877,0.16075550410949666,test,logistic_regression,lr-oulad-academic-fail-c105-s42-v5
Precision-Recall,0.9065606361829026,0.5598526703499079,0.16080561914621827,test,logistic_regression,lr-oulad-academic-fail-c105-s42-v5
Precision-Recall,0.9065606361829026,0.5601965601965602,0.1617175760218814,test,logistic_regression,lr-oulad-academic-fail-c105-s42-v5
Precision-Recall,0.9065606361829026,0.560540872771973,0.16207235992428207,test,logistic_regression,lr-oulad-academic-fail-c105-s42-v5
Precision-Recall,0.9065606361829026,0.5608856088560885,0.1622409266994157,test,logistic_regression,lr-oulad-academic-fail-c105-s42-v5
Precision-Recall,0.9065606361829026,0.5612307692307692,0.16230810728787692,test,logistic_regression,lr-oulad-academic-fail-c105-s42-v5
Precision-Recall,0.9065606361829026,0.5615763546798029,0.16237497887261745,test,logistic_regression,lr-oulad-academic-fail-c105-s42-v5
Precision-Recall,0.9065606361829026,0.5619223659889094,0.16264110264212647,test,logistic_regression,lr-oulad-academic-fail-c105-s42-v5
Precision-Recall,0.9065606361829026,0.562268803945746,0.16267303477193587,test,logistic_regression,lr-oulad-academic-fail-c105-s42-v5
Precision-Recall,0.9065606361829026,0.5626156693399136,0.1628678024474085,test,logistic_regression,lr-oulad-academic-fail-c105-s42-v5
Precision-Recall,0.9055666003976143,0.5623456790123457,0.1630308630272731,test,logistic_regression,lr-oulad-academic-fail-c105-s42-v5
Precision-Recall,0.904572564612326,0.5620753551575046,0.1632234663346522,test,logistic_regression,lr-oulad-academic-fail-c105-s42-v5
Precision-Recall,0.904572564612326,0.5624227441285538,0.16341702804392066,test,logistic_regression,lr-oulad-academic-fail-c105-s42-v5
Precision-Recall,0.904572564612326,0.5627705627705628,0.16347061532990337,test,logistic_regression,lr-oulad-academic-fail-c105-s42-v5
Precision-Recall,0.904572564612326,0.5631188118811881,0.16389027800416178,test,logistic_regression,lr-oulad-academic-fail-c105-s42-v5
Precision-Recall,0.904572564612326,0.5634674922600619,0.16399621592881322,test,logistic_regression,lr-oulad-academic-fail-c105-s42-v5
Precision-Recall,0.904572564612326,0.563816604708798,0.16419608933276067,test,logistic_regression,lr-oulad-academic-fail-c105-s42-v5
Precision-Recall,0.904572564612326,0.5641661500309981,0.16433618607965017,test,logistic_regression,lr-oulad-academic-fail-c105-s42-v5
Precision-Recall,0.904572564612326,0.5645161290322581,0.16439476030831396,test,logistic_regression,lr-oulad-academic-fail-c105-s42-v5
Precision-Recall,0.9035785288270378,0.5642458100558659,0.16442892098965806,test,logistic_regression,lr-oulad-academic-fail-c105-s42-v5
Precision-Recall,0.9035785288270378,0.5645962732919255,0.1647673284143192,test,logistic_regression,lr-oulad-academic-fail-c105-s42-v5
Precision-Recall,0.9035785288270378,0.564947172156619,0.1648247810326536,test,logistic_regression,lr-oulad-academic-fail-c105-s42-v5
Precision-Recall,0.9035785288270378,0.5652985074626866,0.16497940463022648,test,logistic_regression,lr-oulad-academic-fail-c105-s42-v5
Precision-Recall,0.9035785288270378,0.5656502800248911,0.16525729739295353,test,logistic_regression,lr-oulad-academic-fail-c105-s42-v5
Precision-Recall,0.9035785288270378,0.566002490660025,0.16533800390805042,test,logistic_regression,lr-oulad-academic-fail-c105-s42-v5
Precision-Recall,0.9035785288270378,0.5663551401869159,0.16546998925019527,test,logistic_regression,lr-oulad-academic-fail-c105-s42-v5
Precision-Recall,0.9035785288270378,0.566708229426434,0.16582510657048002,test,logistic_regression,lr-oulad-academic-fail-c105-s42-v5
Precision-Recall,0.9035785288270378,0.5670617592014972,0.16586950024528302,test,logistic_regression,lr-oulad-academic-fail-c105-s42-v5
Precision-Recall,0.9035785288270378,0.5674157303370787,0.16593200115665735,test,logistic_regression,lr-oulad-academic-fail-c105-s42-v5
Precision-Recall,0.9035785288270378,0.5677701436602124,0.16630545641215075,test,logistic_regression,lr-oulad-academic-fail-c105-s42-v5
Precision-Recall,0.9035785288270378,0.568125,0.16649273438185835,test,logistic_regression,lr-oulad-academic-fail-c105-s42-v5
Precision-Recall,0.9025844930417495,0.5678549093183239,0.16664328410724627,test,logistic_regression,lr-oulad-academic-fail-c105-s42-v5
Precision-Recall,0.9025844930417495,0.5682102628285357,0.1670842896343009,test,logistic_regression,lr-oulad-academic-fail-c105-s42-v5
Precision-Recall,0.9025844930417495,0.5685660613650595,0.16712809646269236,test,logistic_regression,lr-oulad-academic-fail-c105-s42-v5
Precision-Recall,0.9025844930417495,0.568922305764411,0.16727274376037624,test,logistic_regression,lr-oulad-academic-fail-c105-s42-v5
Precision-Recall,0.9025844930417495,0.5692789968652038,0.16747095451371538,test,logistic_regression,lr-oulad-academic-fail-c105-s42-v5
Precision-Recall,0.9025844930417495,0.5696361355081556,0.16790650525346554,test,logistic_regression,lr-oulad-academic-fail-c105-s42-v5
Precision-Recall,0.9025844930417495,0.5699937225360954,0.1694704582112455,test,logistic_regression,lr-oulad-academic-fail-c105-s42-v5
Precision-Recall,0.9025844930417495,0.5703517587939698,0.16966362842093252,test,logistic_regression,lr-oulad-academic-fail-c105-s42-v5
Precision-Recall,0.9025844930417495,0.5707102451288498,0.16966396442780693,test,logistic_regression,lr-oulad-academic-fail-c105-s42-v5
Precision-Recall,0.9025844930417495,0.5710691823899371,0.16968168534920802,test,logistic_regression,lr-oulad-academic-fail-c105-s42-v5
Precision-Recall,0.9025844930417495,0.5714285714285714,0.16994879221926554,test,logistic_regression,lr-oulad-academic-fail-c105-s42-v5
Precision-Recall,0.9025844930417495,0.5717884130982368,0.17011757056579202,test,logistic_regression,lr-oulad-academic-fail-c105-s42-v5
Precision-Recall,0.9015904572564613,0.571518588531821,0.17031198232973965,test,logistic_regression,lr-oulad-academic-fail-c105-s42-v5
Precision-Recall,0.9015904572564613,0.5718789407313998,0.1704740806130154,test,logistic_regression,lr-oulad-academic-fail-c105-s42-v5
Precision-Recall,0.9015904572564613,0.5722397476340694,0.17071163362049824,test,logistic_regression,lr-oulad-academic-fail-c105-s42-v5
Precision-Recall,0.9015904572564613,0.57260101010101,0.17118406160165947,test,logistic_regression,lr-oulad-academic-fail-c105-s42-v5
Precision-Recall,0.9015904572564613,0.572962728995578,0.17118825011775346,test,logistic_regression,lr-oulad-academic-fail-c105-s42-v5
Precision-Recall,0.9015904572564613,0.5733249051833123,0.1713114100920893,test,logistic_regression,lr-oulad-academic-fail-c105-s42-v5
Precision-Recall,0.9015904572564613,0.5736875395319418,0.17171804577408867,test,logistic_regression,lr-oulad-academic-fail-c105-s42-v5
Precision-Recall,0.9015904572564613,0.5740506329113924,0.17196313391224718,test,logistic_regression,lr-oulad-academic-fail-c105-s42-v5
Precision-Recall,0.9015904572564613,0.5744141861937936,0.17200417216395317,test,logistic_regression,lr-oulad-academic-fail-c105-s42-v5
Precision-Recall,0.9015904572564613,0.5747782002534855,0.17218264668312264,test,logistic_regression,lr-oulad-academic-fail-c105-s42-v5
Precision-Recall,0.9005964214711729,0.5745085605580216,0.1727802485488568,test,logistic_regression,lr-oulad-academic-fail-c105-s42-v5
Precision-Recall,0.9005964214711729,0.5748730964467005,0.17361283686007703,test,logistic_regression,lr-oulad-academic-fail-c105-s42-v5
Precision-Recall,0.9005964214711729,0.5752380952380952,0.173678825797197,test,logistic_regression,lr-oulad-academic-fail-c105-s42-v5
Precision-Recall,0.9005964214711729,0.5756035578144854,0.17405364699599146,test,logistic_regression,lr-oulad-academic-fail-c105-s42-v5
Precision-Recall,0.9005964214711729,0.5759694850603941,0.17410485151829894,test,logistic_regression,lr-oulad-academic-fail-c105-s42-v5
Precision-Recall,0.9005964214711729,0.5763358778625954,0.17428680194207996,test,logistic_regression,lr-oulad-academic-fail-c105-s42-v5
Precision-Recall,0.9005964214711729,0.576702737110121,0.17434076635444012,test,logistic_regression,lr-oulad-academic-fail-c105-s42-v5
Precision-Recall,0.8996023856858847,0.5764331210191083,0.17465345483970002,test,logistic_regression,lr-oulad-academic-fail-c105-s42-v5
Precision-Recall,0.8996023856858847,0.5768005098789037,0.17497288427239002,test,logistic_regression,lr-oulad-academic-fail-c105-s42-v5
Precision-Recall,0.8986083499005965,0.576530612244898,0.17520512751301193,test,logistic_regression,lr-oulad-academic-fail-c105-s42-v5
Precision-Recall,0.8986083499005965,0.5768985322271857,0.17543381476798905,test,logistic_regression,lr-oulad-academic-fail-c105-s42-v5
Precision-Recall,0.8986083499005965,0.5772669220945083,0.17543894977110472,test,logistic_regression,lr-oulad-academic-fail-c105-s42-v5
Precision-Recall,0.8986083499005965,0.5776357827476039,0.17555067652333972,test,logistic_regression,lr-oulad-academic-fail-c105-s42-v5
Precision-Recall,0.8986083499005965,0.578005115089514,0.17565627727666847,test,logistic_regression,lr-oulad-academic-fail-c105-s42-v5
Precision-Recall,0.8986083499005965,0.5783749200255918,0.17575281419628885,test,logistic_regression,lr-oulad-academic-fail-c105-s42-v5
Precision-Recall,0.8986083499005965,0.5787451984635084,0.17594776086836408,test,logistic_regression,lr-oulad-academic-fail-c105-s42-v5
Precision-Recall,0.8986083499005965,0.5791159513132608,0.17645173786306173,test,logistic_regression,lr-oulad-academic-fail-c105-s42-v5
Precision-Recall,0.8986083499005965,0.5794871794871795,0.17664049118303435,test,logistic_regression,lr-oulad-academic-fail-c105-s42-v5
Precision-Recall,0.8986083499005965,0.5798588838999359,0.1770747358582537,test,logistic_regression,lr-oulad-academic-fail-c105-s42-v5
Precision-Recall,0.8976143141153081,0.579589216944801,0.1771617667224392,test,logistic_regression,lr-oulad-academic-fail-c105-s42-v5
Precision-Recall,0.8976143141153081,0.5799614643545279,0.1775082340529274,test,logistic_regression,lr-oulad-academic-fail-c105-s42-v5
Precision-Recall,0.8966202783300199,0.5796915167095116,0.17786048644964897,test,logistic_regression,lr-oulad-academic-fail-c105-s42-v5
Precision-Recall,0.8966202783300199,0.580064308681672,0.17798361380927896,test,logistic_regression,lr-oulad-academic-fail-c105-s42-v5
Precision-Recall,0.8966202783300199,0.5804375804375804,0.1783512592235587,test,logistic_regression,lr-oulad-academic-fail-c105-s42-v5
Precision-Recall,0.8966202783300199,0.5808113329040566,0.17836084313079212,test,logistic_regression,lr-oulad-academic-fail-c105-s42-v5
Precision-Recall,0.8966202783300199,0.5811855670103093,0.17840898466459534,test,logistic_regression,lr-oulad-academic-fail-c105-s42-v5
Precision-Recall,0.8966202783300199,0.5815602836879432,0.17849141804159094,test,logistic_regression,lr-oulad-academic-fail-c105-s42-v5
Precision-Recall,0.8956262425447317,0.5812903225806452,0.1785995808231499,test,logistic_regression,lr-oulad-academic-fail-c105-s42-v5
Precision-Recall,0.8946322067594433,0.5810200129115558,0.17870032365444313,test,logistic_regression,lr-oulad-academic-fail-c105-s42-v5
Precision-Recall,0.8946322067594433,0.5813953488372093,0.17882245276804848,test,logistic_regression,lr-oulad-academic-fail-c105-s42-v5
Precision-Recall,0.8946322067594433,0.5817711700064642,0.17895708259994864,test,logistic_regression,lr-oulad-academic-fail-c105-s42-v5
Precision-Recall,0.8946322067594433,0.5821474773609314,0.17898565478012757,test,logistic_regression,lr-oulad-academic-fail-c105-s42-v5
Precision-Recall,0.8946322067594433,0.5825242718446602,0.17907856385501847,test,logistic_regression,lr-oulad-academic-fail-c105-s42-v5
Precision-Recall,0.8946322067594433,0.582901554404145,0.1792903517179685,test,logistic_regression,lr-oulad-academic-fail-c105-s42-v5
Precision-Recall,0.8946322067594433,0.5832793259883344,0.17957627523245845,test,logistic_regression,lr-oulad-academic-fail-c105-s42-v5
Precision-Recall,0.8936381709741551,0.5830090791180286,0.1798172899887823,test,logistic_regression,lr-oulad-academic-fail-c105-s42-v5
Precision-Recall,0.8936381709741551,0.5833874107722258,0.18007244580717938,test,logistic_regression,lr-oulad-academic-fail-c105-s42-v5
Precision-Recall,0.8936381709741551,0.5837662337662337,0.18044937477781609,test,logistic_regression,lr-oulad-academic-fail-c105-s42-v5
Precision-Recall,0.8936381709741551,0.5841455490578298,0.1807512747217938,test,logistic_regression,lr-oulad-academic-fail-c105-s42-v5
Precision-Recall,0.8926441351888668,0.5838751625487646,0.18077864952598308,test,logistic_regression,lr-oulad-academic-fail-c105-s42-v5
Precision-Recall,0.8916500994035785,0.5836044242029929,0.18093403571178593,test,logistic_regression,lr-oulad-academic-fail-c105-s42-v5
Precision-Recall,0.8916500994035785,0.583984375,0.1809727469239271,test,logistic_regression,lr-oulad-academic-fail-c105-s42-v5
Precision-Recall,0.8906560636182903,0.5837133550488599,0.18101427304461443,test,logistic_regression,lr-oulad-academic-fail-c105-s42-v5
Precision-Recall,0.8906560636182903,0.5840938722294654,0.18109317462385216,test,logistic_regression,lr-oulad-academic-fail-c105-s42-v5
Precision-Recall,0.8906560636182903,0.5844748858447488,0.18114248680141945,test,logistic_regression,lr-oulad-academic-fail-c105-s42-v5
Precision-Recall,0.8906560636182903,0.5848563968668408,0.18119892244525487,test,logistic_regression,lr-oulad-academic-fail-c105-s42-v5
Precision-Recall,0.889662027833002,0.5845852384062704,0.18127061089818888,test,logistic_regression,lr-oulad-academic-fail-c105-s42-v5
Precision-Recall,0.889662027833002,0.5849673202614379,0.18127857618535004,test,logistic_regression,lr-oulad-academic-fail-c105-s42-v5
Precision-Recall,0.889662027833002,0.5853499018966645,0.18149507551583238,test,logistic_regression,lr-oulad-academic-fail-c105-s42-v5
Precision-Recall,0.889662027833002,0.5857329842931938,0.18164820892886746,test,logistic_regression,lr-oulad-academic-fail-c105-s42-v5
Precision-Recall,0.889662027833002,0.5861165684348395,0.18171576123063865,test,logistic_regression,lr-oulad-academic-fail-c105-s42-v5
Precision-Recall,0.889662027833002,0.5865006553079948,0.1817737149291915,test,logistic_regression,lr-oulad-academic-fail-c105-s42-v5
Precision-Recall,0.889662027833002,0.5868852459016394,0.1818533498537955,test,logistic_regression,lr-oulad-academic-fail-c105-s42-v5
Precision-Recall,0.889662027833002,0.5872703412073491,0.18188689380399337,test,logistic_regression,lr-oulad-academic-fail-c105-s42-v5
Precision-Recall,0.889662027833002,0.587655942219304,0.18197289724737484,test,logistic_regression,lr-oulad-academic-fail-c105-s42-v5
Precision-Recall,0.889662027833002,0.588042049934297,0.18236713225672632,test,logistic_regression,lr-oulad-academic-fail-c105-s42-v5
Precision-Recall,0.889662027833002,0.5884286653517423,0.18330649052077128,test,logistic_regression,lr-oulad-academic-fail-c105-s42-v5
Precision-Recall,0.889662027833002,0.5888157894736842,0.1841983126833938,test,logistic_regression,lr-oulad-academic-fail-c105-s42-v5
Precision-Recall,0.889662027833002,0.5892034233048058,0.18432973882040024,test,logistic_regression,lr-oulad-academic-fail-c105-s42-v5
Precision-Recall,0.889662027833002,0.5895915678524374,0.18434493849501826,test,logistic_regression,lr-oulad-academic-fail-c105-s42-v5
Precision-Recall,0.889662027833002,0.5899802241265656,0.18462827204378038,test,logistic_regression,lr-oulad-academic-fail-c105-s42-v5
Precision-Recall,0.8886679920477137,0.5897097625329816,0.18478076403951302,test,logistic_regression,lr-oulad-academic-fail-c105-s42-v5
Precision-Recall,0.8886679920477137,0.5900990099009901,0.1847986927308506,test,logistic_regression,lr-oulad-academic-fail-c105-s42-v5
Precision-Recall,0.8886679920477137,0.5904887714663144,0.18531607316831458,test,logistic_regression,lr-oulad-academic-fail-c105-s42-v5
Precision-Recall,0.8886679920477137,0.5908790482485129,0.18545531640769355,test,logistic_regression,lr-oulad-academic-fail-c105-s42-v5
Precision-Recall,0.8876739562624254,0.5906084656084656,0.18559015678091856,test,logistic_regression,lr-oulad-academic-fail-c105-s42-v5
Precision-Recall,0.8876739562624254,0.5909993381866314,0.18573886749623533,test,logistic_regression,lr-oulad-academic-fail-c105-s42-v5
Precision-Recall,0.8876739562624254,0.5913907284768212,0.18599999058680028,test,logistic_regression,lr-oulad-academic-fail-c105-s42-v5
Precision-Recall,0.8876739562624254,0.5917826375082836,0.18604386469136877,test,logistic_regression,lr-oulad-academic-fail-c105-s42-v5
Precision-Recall,0.8876739562624254,0.5921750663129973,0.18621627767739002,test,logistic_regression,lr-oulad-academic-fail-c105-s42-v5
Precision-Recall,0.8866799204771372,0.5919044459190445,0.1863551065182843,test,logistic_regression,lr-oulad-academic-fail-c105-s42-v5
Precision-Recall,0.8866799204771372,0.5922974767596282,0.18636058264884234,test,logistic_regression,lr-oulad-academic-fail-c105-s42-v5
Precision-Recall,0.8866799204771372,0.5926910299003322,0.18639124817424516,test,logistic_regression,lr-oulad-academic-fail-c105-s42-v5
Precision-Recall,0.8866799204771372,0.5930851063829787,0.18684012165973457,test,logistic_regression,lr-oulad-academic-fail-c105-s42-v5
Precision-Recall,0.8866799204771372,0.5934797072521624,0.186845687373418,test,logistic_regression,lr-oulad-academic-fail-c105-s42-v5
Precision-Recall,0.8866799204771372,0.5938748335552596,0.18708456091198658,test,logistic_regression,lr-oulad-academic-fail-c105-s42-v5
Precision-Recall,0.885685884691849,0.5936042638241172,0.18847780459097035,test,logistic_regression,lr-oulad-academic-fail-c105-s42-v5
Precision-Recall,0.885685884691849,0.594,0.18866653552167675,test,logistic_regression,lr-oulad-academic-fail-c105-s42-v5
Precision-Recall,0.8846918489065606,0.5937291527685123,0.18878859797780717,test,logistic_regression,lr-oulad-academic-fail-c105-s42-v5
Precision-Recall,0.8846918489065606,0.5941255006675568,0.1891635442877091,test,logistic_regression,lr-oulad-academic-fail-c105-s42-v5
Precision-Recall,0.8846918489065606,0.5945223780895124,0.1896303527709557,test,logistic_regression,lr-oulad-academic-fail-c105-s42-v5
Precision-Recall,0.8846918489065606,0.5949197860962567,0.18976266897367874,test,logistic_regression,lr-oulad-academic-fail-c105-s42-v5
Precision-Recall,0.8846918489065606,0.5953177257525084,0.18976354741952187,test,logistic_regression,lr-oulad-academic-fail-c105-s42-v5
Precision-Recall,0.8846918489065606,0.5957161981258366,0.18981879698504042,test,logistic_regression,lr-oulad-academic-fail-c105-s42-v5
Precision-Recall,0.8836978131212724,0.595445411922304,0.18985880932680377,test,logistic_regression,lr-oulad-academic-fail-c105-s42-v5
Precision-Recall,0.8836978131212724,0.5958445040214477,0.18995068118168298,test,logistic_regression,lr-oulad-academic-fail-c105-s42-v5
Precision-Recall,0.8836978131212724,0.596244131455399,0.18998299104725805,test,logistic_regression,lr-oulad-academic-fail-c105-s42-v5
Precision-Recall,0.882703777335984,0.5959731543624162,0.1902568139434157,test,logistic_regression,lr-oulad-academic-fail-c105-s42-v5
Precision-Recall,0.882703777335984,0.5963734049697784,0.19073992819073304,test,logistic_regression,lr-oulad-academic-fail-c105-s42-v5
Precision-Recall,0.882703777335984,0.5967741935483871,0.19079780581495417,test,logistic_regression,lr-oulad-academic-fail-c105-s42-v5
Precision-Recall,0.8817097415506958,0.5965030262273033,0.19087875983042726,test,logistic_regression,lr-oulad-academic-fail-c105-s42-v5
Precision-Recall,0.8817097415506958,0.5969044414535666,0.19101273680109937,test,logistic_regression,lr-oulad-academic-fail-c105-s42-v5
Precision-Recall,0.8817097415506958,0.5973063973063973,0.19117770186136138,test,logistic_regression,lr-oulad-academic-fail-c105-s42-v5
Precision-Recall,0.8817097415506958,0.5977088948787062,0.19121097257949557,test,logistic_regression,lr-oulad-academic-fail-c105-s42-v5
Precision-Recall,0.8817097415506958,0.598111935266352,0.191554022646067,test,logistic_regression,lr-oulad-academic-fail-c105-s42-v5
Precision-Recall,0.8817097415506958,0.5985155195681512,0.19187696816317748,test,logistic_regression,lr-oulad-academic-fail-c105-s42-v5
Precision-Recall,0.8817097415506958,0.5989196488858879,0.19211100197300687,test,logistic_regression,lr-oulad-academic-fail-c105-s42-v5
Precision-Recall,0.8817097415506958,0.5993243243243244,0.1922280248572932,test,logistic_regression,lr-oulad-academic-fail-c105-s42-v5
Precision-Recall,0.8807157057654076,0.599053414469236,0.1927340886258058,test,logistic_regression,lr-oulad-academic-fail-c105-s42-v5
Precision-Recall,0.8807157057654076,0.5994587280108254,0.19305310010901755,test,logistic_regression,lr-oulad-academic-fail-c105-s42-v5
Precision-Recall,0.8807157057654076,0.5998645903859174,0.19312022017278072,test,logistic_regression,lr-oulad-academic-fail-c105-s42-v5
Precision-Recall,0.8807157057654076,0.6002710027100271,0.19318229186903974,test,logistic_regression,lr-oulad-academic-fail-c105-s42-v5
Precision-Recall,0.8807157057654076,0.6006779661016949,0.19318887039783877,test,logistic_regression,lr-oulad-academic-fail-c105-s42-v5
Precision-Recall,0.8807157057654076,0.6010854816824966,0.19353505875266147,test,logistic_regression,lr-oulad-academic-fail-c105-s42-v5
Precision-Recall,0.8807157057654076,0.6014935505770537,0.19360968104033405,test,logistic_regression,lr-oulad-academic-fail-c105-s42-v5
Precision-Recall,0.8807157057654076,0.6019021739130435,0.19485613505652188,test,logistic_regression,lr-oulad-academic-fail-c105-s42-v5
Precision-Recall,0.8807157057654076,0.6023113528212101,0.19510777080460112,test,logistic_regression,lr-oulad-academic-fail-c105-s42-v5
Precision-Recall,0.8807157057654076,0.6027210884353742,0.19519306521002713,test,logistic_regression,lr-oulad-academic-fail-c105-s42-v5
Precision-Recall,0.8807157057654076,0.6031313818924439,0.19528666825426325,test,logistic_regression,lr-oulad-academic-fail-c105-s42-v5
Precision-Recall,0.8797216699801192,0.6028610354223434,0.19565953553130178,test,logistic_regression,lr-oulad-academic-fail-c105-s42-v5
Precision-Recall,0.878727634194831,0.6025903203817314,0.19570106369464768,test,logistic_regression,lr-oulad-academic-fail-c105-s42-v5
Precision-Recall,0.878727634194831,0.6030013642564802,0.19611500276336982,test,logistic_regression,lr-oulad-academic-fail-c105-s42-v5
Precision-Recall,0.878727634194831,0.6034129692832765,0.19651552917376097,test,logistic_regression,lr-oulad-academic-fail-c105-s42-v5
Precision-Recall,0.878727634194831,0.6038251366120219,0.19665957195818862,test,logistic_regression,lr-oulad-academic-fail-c105-s42-v5
Precision-Recall,0.878727634194831,0.6042378673957621,0.19712631850057435,test,logistic_regression,lr-oulad-academic-fail-c105-s42-v5
Precision-Recall,0.878727634194831,0.6046511627906976,0.19734597741198853,test,logistic_regression,lr-oulad-academic-fail-c105-s42-v5
Precision-Recall,0.878727634194831,0.6050650239561944,0.19763195412231974,test,logistic_regression,lr-oulad-academic-fail-c105-s42-v5
Precision-Recall,0.878727634194831,0.6054794520547945,0.19764958099924465,test,logistic_regression,lr-oulad-academic-fail-c105-s42-v5
Precision-Recall,0.878727634194831,0.6058944482522276,0.1978311129213399,test,logistic_regression,lr-oulad-academic-fail-c105-s42-v5
Precision-Recall,0.8777335984095428,0.6056241426611797,0.19811781835818323,test,logistic_regression,lr-oulad-academic-fail-c105-s42-v5
Precision-Recall,0.8777335984095428,0.6060398078242965,0.19870849173651875,test,logistic_regression,lr-oulad-academic-fail-c105-s42-v5
Precision-Recall,0.8777335984095428,0.6064560439560439,0.19884492492647132,test,logistic_regression,lr-oulad-academic-fail-c105-s42-v5
Precision-Recall,0.8777335984095428,0.6068728522336769,0.19954616517262522,test,logistic_regression,lr-oulad-academic-fail-c105-s42-v5
Precision-Recall,0.8777335984095428,0.6072902338376891,0.19966349656161095,test,logistic_regression,lr-oulad-academic-fail-c105-s42-v5
Precision-Recall,0.8767395626242545,0.6070199587061252,0.1998473574918236,test,logistic_regression,lr-oulad-academic-fail-c105-s42-v5
Precision-Recall,0.8767395626242545,0.6074380165289256,0.20013815215279862,test,logistic_regression,lr-oulad-academic-fail-c105-s42-v5
Precision-Recall,0.8767395626242545,0.6078566505858028,0.2002531166452416,test,logistic_regression,lr-oulad-academic-fail-c105-s42-v5
Precision-Recall,0.8767395626242545,0.6082758620689656,0.20035400248398508,test,logistic_regression,lr-oulad-academic-fail-c105-s42-v5
Precision-Recall,0.8767395626242545,0.6086956521739131,0.2004223701085373,test,logistic_regression,lr-oulad-academic-fail-c105-s42-v5
Precision-Recall,0.8767395626242545,0.6091160220994475,0.2005449025574575,test,logistic_regression,lr-oulad-academic-fail-c105-s42-v5
Precision-Recall,0.8767395626242545,0.6095369730476848,0.20063539815083312,test,logistic_regression,lr-oulad-academic-fail-c105-s42-v5
Precision-Recall,0.8767395626242545,0.6099585062240664,0.2008427871303694,test,logistic_regression,lr-oulad-academic-fail-c105-s42-v5
Precision-Recall,0.8757455268389662,0.6096885813148789,0.20088731064002863,test,logistic_regression,lr-oulad-academic-fail-c105-s42-v5
Precision-Recall,0.8757455268389662,0.6101108033240997,0.20095089608167097,test,logistic_regression,lr-oulad-academic-fail-c105-s42-v5
Precision-Recall,0.8747514910536779,0.6098406098406098,0.20097620512804334,test,logistic_regression,lr-oulad-academic-fail-c105-s42-v5
Precision-Recall,0.8737574552683897,0.6095700416088765,0.2010258358299889,test,logistic_regression,lr-oulad-academic-fail-c105-s42-v5
Precision-Recall,0.8737574552683897,0.6099930603747398,0.20136439867131198,test,logistic_regression,lr-oulad-academic-fail-c105-s42-v5
Precision-Recall,0.8737574552683897,0.6104166666666667,0.20175032557536754,test,logistic_regression,lr-oulad-academic-fail-c105-s42-v5
Precision-Recall,0.8727634194831014,0.610145934676859,0.2017632464149638,test,logistic_regression,lr-oulad-academic-fail-c105-s42-v5
Precision-Recall,0.8727634194831014,0.6105702364394993,0.20206634979454985,test,logistic_regression,lr-oulad-academic-fail-c105-s42-v5
Precision-Recall,0.8727634194831014,0.6109951287404315,0.20224432519576724,test,logistic_regression,lr-oulad-academic-fail-c105-s42-v5
Precision-Recall,0.8727634194831014,0.6114206128133705,0.20250405158201543,test,logistic_regression,lr-oulad-academic-fail-c105-s42-v5
Precision-Recall,0.8727634194831014,0.6118466898954704,0.20265677307428753,test,logistic_regression,lr-oulad-academic-fail-c105-s42-v5
Precision-Recall,0.8717693836978131,0.6115760111576011,0.20335667702873264,test,logistic_regression,lr-oulad-academic-fail-c105-s42-v5
Precision-Recall,0.8707753479125249,0.6113049546406141,0.20341508712667086,test,logistic_regression,lr-oulad-academic-fail-c105-s42-v5
Precision-Recall,0.8707753479125249,0.611731843575419,0.20353038949067553,test,logistic_regression,lr-oulad-academic-fail-c105-s42-v5
Precision-Recall,0.8707753479125249,0.6121593291404612,0.20364257300150834,test,logistic_regression,lr-oulad-academic-fail-c105-s42-v5
Precision-Recall,0.8697813121272365,0.6118881118881119,0.20373140469240672,test,logistic_regression,lr-oulad-academic-fail-c105-s42-v5
Precision-Recall,0.8687872763419483,0.6116165150454863,0.20427386372441125,test,logistic_regression,lr-oulad-academic-fail-c105-s42-v5
Precision-Recall,0.8687872763419483,0.6120448179271709,0.20446958147436634,test,logistic_regression,lr-oulad-academic-fail-c105-s42-v5
Precision-Recall,0.8687872763419483,0.6124737210932025,0.2045489248581852,test,logistic_regression,lr-oulad-academic-fail-c105-s42-v5
Precision-Recall,0.8687872763419483,0.6129032258064516,0.20466311959985742,test,logistic_regression,lr-oulad-academic-fail-c105-s42-v5
Precision-Recall,0.8687872763419483,0.6133333333333333,0.20483280232114023,test,logistic_regression,lr-oulad-academic-fail-c105-s42-v5
Precision-Recall,0.8687872763419483,0.6137640449438202,0.20515575278236226,test,logistic_regression,lr-oulad-academic-fail-c105-s42-v5
Precision-Recall,0.8687872763419483,0.6141953619114546,0.20524898100753514,test,logistic_regression,lr-oulad-academic-fail-c105-s42-v5
Precision-Recall,0.8687872763419483,0.6146272855133614,0.2054441327397874,test,logistic_regression,lr-oulad-academic-fail-c105-s42-v5
Precision-Recall,0.8687872763419483,0.6150598170302604,0.20623505712993107,test,logistic_regression,lr-oulad-academic-fail-c105-s42-v5
Precision-Recall,0.8677932405566601,0.6147887323943662,0.20648869655049715,test,logistic_regression,lr-oulad-academic-fail-c105-s42-v5
Precision-Recall,0.8667992047713717,0.6145172656800564,0.20707475681847834,test,logistic_regression,lr-oulad-academic-fail-c105-s42-v5
Precision-Recall,0.8667992047713717,0.614950634696756,0.20774883777472372,test,logistic_regression,lr-oulad-academic-fail-c105-s42-v5
Precision-Recall,0.8658051689860835,0.6146788990825688,0.20805791307477398,test,logistic_regression,lr-oulad-academic-fail-c105-s42-v5
Precision-Recall,0.8658051689860835,0.6151129943502824,0.2081096354945807,test,logistic_regression,lr-oulad-academic-fail-c105-s42-v5
Precision-Recall,0.8658051689860835,0.615547703180212,0.20826494733865844,test,logistic_regression,lr-oulad-academic-fail-c105-s42-v5
Precision-Recall,0.8658051689860835,0.615983026874116,0.20924450420534263,test,logistic_regression,lr-oulad-academic-fail-c105-s42-v5
Precision-Recall,0.8658051689860835,0.6164189667374381,0.209359982801383,test,logistic_regression,lr-oulad-academic-fail-c105-s42-v5
Precision-Recall,0.8648111332007953,0.6161473087818697,0.2094631311258612,test,logistic_regression,lr-oulad-academic-fail-c105-s42-v5
Precision-Recall,0.8648111332007953,0.6165839829907866,0.20988697889888885,test,logistic_regression,lr-oulad-academic-fail-c105-s42-v5
Precision-Recall,0.8648111332007953,0.6170212765957447,0.20999150756606488,test,logistic_regression,lr-oulad-academic-fail-c105-s42-v5
Precision-Recall,0.8648111332007953,0.6174591909155429,0.21000774447291107,test,logistic_regression,lr-oulad-academic-fail-c105-s42-v5
Precision-Recall,0.8648111332007953,0.6178977272727273,0.21061944965617,test,logistic_regression,lr-oulad-academic-fail-c105-s42-v5
Precision-Recall,0.8638170974155069,0.6176261549395877,0.2108995567002731,test,logistic_regression,lr-oulad-academic-fail-c105-s42-v5
Precision-Recall,0.8638170974155069,0.6180654338549075,0.2109061258125461,test,logistic_regression,lr-oulad-academic-fail-c105-s42-v5
Precision-Recall,0.8638170974155069,0.6185053380782918,0.21150104974158754,test,logistic_regression,lr-oulad-academic-fail-c105-s42-v5
Precision-Recall,0.8638170974155069,0.6189458689458689,0.21169118197395081,test,logistic_regression,lr-oulad-academic-fail-c105-s42-v5
Precision-Recall,0.8638170974155069,0.6193870277975766,0.21208675106519106,test,logistic_regression,lr-oulad-academic-fail-c105-s42-v5
Precision-Recall,0.8628230616302187,0.6191155492154066,0.21225630959121816,test,logistic_regression,lr-oulad-academic-fail-c105-s42-v5
Precision-Recall,0.8618290258449304,0.6188436830835118,0.2125829390227566,test,logistic_regression,lr-oulad-academic-fail-c105-s42-v5
Precision-Recall,0.8618290258449304,0.6192857142857143,0.21264826786485336,test,logistic_regression,lr-oulad-academic-fail-c105-s42-v5
Precision-Recall,0.8618290258449304,0.6197283774124375,0.2131493866651978,test,logistic_regression,lr-oulad-academic-fail-c105-s42-v5
Precision-Recall,0.8618290258449304,0.6201716738197425,0.2133329853130732,test,logistic_regression,lr-oulad-academic-fail-c105-s42-v5
Precision-Recall,0.8608349900596421,0.6198997852541159,0.21368695178330427,test,logistic_regression,lr-oulad-academic-fail-c105-s42-v5
Precision-Recall,0.8608349900596421,0.6203438395415473,0.21381075157811197,test,logistic_regression,lr-oulad-academic-fail-c105-s42-v5
Precision-Recall,0.8608349900596421,0.6207885304659498,0.21383106134524638,test,logistic_regression,lr-oulad-academic-fail-c105-s42-v5
Precision-Recall,0.8608349900596421,0.6212338593974175,0.21400528683509884,test,logistic_regression,lr-oulad-academic-fail-c105-s42-v5
Precision-Recall,0.8608349900596421,0.6216798277099784,0.21413515535941732,test,logistic_regression,lr-oulad-academic-fail-c105-s42-v5
Precision-Recall,0.8608349900596421,0.6221264367816092,0.21454942937223448,test,logistic_regression,lr-oulad-academic-fail-c105-s42-v5
Precision-Recall,0.8608349900596421,0.6225736879942487,0.21556987154622143,test,logistic_regression,lr-oulad-academic-fail-c105-s42-v5
Precision-Recall,0.8598409542743539,0.6223021582733813,0.21587402718007612,test,logistic_regression,lr-oulad-academic-fail-c105-s42-v5
Precision-Recall,0.8588469184890656,0.6220302375809935,0.21589105529145075,test,logistic_regression,lr-oulad-academic-fail-c105-s42-v5
Precision-Recall,0.8588469184890656,0.622478386167147,0.21719915904846132,test,logistic_regression,lr-oulad-academic-fail-c105-s42-v5
Precision-Recall,0.8588469184890656,0.6229271809661139,0.21730001586366962,test,logistic_regression,lr-oulad-academic-fail-c105-s42-v5
Precision-Recall,0.8578528827037774,0.6226551226551227,0.21747386127240229,test,logistic_regression,lr-oulad-academic-fail-c105-s42-v5
Precision-Recall,0.8578528827037774,0.6231046931407942,0.21753842604474583,test,logistic_regression,lr-oulad-academic-fail-c105-s42-v5
Precision-Recall,0.8578528827037774,0.6235549132947977,0.2178436175962326,test,logistic_regression,lr-oulad-academic-fail-c105-s42-v5
Precision-Recall,0.856858846918489,0.6232827187274042,0.21825820472208102,test,logistic_regression,lr-oulad-academic-fail-c105-s42-v5
Precision-Recall,0.856858846918489,0.6237337192474675,0.21826729646454093,test,logistic_regression,lr-oulad-academic-fail-c105-s42-v5
Precision-Recall,0.856858846918489,0.6241853729181752,0.21829880627924556,test,logistic_regression,lr-oulad-academic-fail-c105-s42-v5
Precision-Recall,0.856858846918489,0.6246376811594203,0.2184769934253432,test,logistic_regression,lr-oulad-academic-fail-c105-s42-v5
Precision-Recall,0.856858846918489,0.625090645395214,0.21870667206003105,test,logistic_regression,lr-oulad-academic-fail-c105-s42-v5
Precision-Recall,0.856858846918489,0.625544267053701,0.21876188343423217,test,logistic_regression,lr-oulad-academic-fail-c105-s42-v5
Precision-Recall,0.856858846918489,0.625998547567175,0.21947912631395303,test,logistic_regression,lr-oulad-academic-fail-c105-s42-v5
Precision-Recall,0.856858846918489,0.626453488372093,0.21950033130193686,test,logistic_regression,lr-oulad-academic-fail-c105-s42-v5
Precision-Recall,0.8558648111332008,0.6261818181818182,0.219798548835577,test,logistic_regression,lr-oulad-academic-fail-c105-s42-v5
Precision-Recall,0.8558648111332008,0.6266375545851528,0.21982081432477768,test,logistic_regression,lr-oulad-academic-fail-c105-s42-v5
Precision-Recall,0.8558648111332008,0.6270939548434086,0.22010727461128254,test,logistic_regression,lr-oulad-academic-fail-c105-s42-v5
Precision-Recall,0.8558648111332008,0.6275510204081632,0.22042963858108774,test,logistic_regression,lr-oulad-academic-fail-c105-s42-v5
Precision-Recall,0.8558648111332008,0.6280087527352297,0.22071684719157558,test,logistic_regression,lr-oulad-academic-fail-c105-s42-v5
Precision-Recall,0.8558648111332008,0.6284671532846715,0.2211354939767527,test,logistic_regression,lr-oulad-academic-fail-c105-s42-v5
Precision-Recall,0.8558648111332008,0.6289262235208181,0.2216191608547819,test,logistic_regression,lr-oulad-academic-fail-c105-s42-v5
Precision-Recall,0.8558648111332008,0.6293859649122807,0.2216221214742955,test,logistic_regression,lr-oulad-academic-fail-c105-s42-v5
Precision-Recall,0.8558648111332008,0.6298463789319678,0.2218348048029602,test,logistic_regression,lr-oulad-academic-fail-c105-s42-v5
Precision-Recall,0.8558648111332008,0.6303074670571011,0.22185650788391714,test,logistic_regression,lr-oulad-academic-fail-c105-s42-v5
Precision-Recall,0.8548707753479126,0.63003663003663,0.22202102750869665,test,logistic_regression,lr-oulad-academic-fail-c105-s42-v5
Precision-Recall,0.8548707753479126,0.6304985337243402,0.22277245130782414,test,logistic_regression,lr-oulad-academic-fail-c105-s42-v5
Precision-Recall,0.8548707753479126,0.6309611151870873,0.22325429172434003,test,logistic_regression,lr-oulad-academic-fail-c105-s42-v5
Precision-Recall,0.8548707753479126,0.631424375917768,0.22359512801381576,test,logistic_regression,lr-oulad-academic-fail-c105-s42-v5
Precision-Recall,0.8548707753479126,0.6318883174136665,0.22359945912235193,test,logistic_regression,lr-oulad-academic-fail-c105-s42-v5
Precision-Recall,0.8548707753479126,0.6323529411764706,0.22395264499334028,test,logistic_regression,lr-oulad-academic-fail-c105-s42-v5
Precision-Recall,0.8548707753479126,0.6328182487122884,0.22403789274475827,test,logistic_regression,lr-oulad-academic-fail-c105-s42-v5
Precision-Recall,0.8548707753479126,0.6332842415316642,0.22420694322550233,test,logistic_regression,lr-oulad-academic-fail-c105-s42-v5
Precision-Recall,0.8538767395626242,0.6330140014738393,0.22440863174907455,test,logistic_regression,lr-oulad-academic-fail-c105-s42-v5
Precision-Recall,0.8538767395626242,0.633480825958702,0.2251199234376,test,logistic_regression,lr-oulad-academic-fail-c105-s42-v5
Precision-Recall,0.8538767395626242,0.6339483394833948,0.22518083573347875,test,logistic_regression,lr-oulad-academic-fail-c105-s42-v5
Precision-Recall,0.852882703777336,0.6336779911373708,0.22519409256096545,test,logistic_regression,lr-oulad-academic-fail-c105-s42-v5
Precision-Recall,0.852882703777336,0.6341463414634146,0.22527456829738646,test,logistic_regression,lr-oulad-academic-fail-c105-s42-v5
Precision-Recall,0.8518886679920478,0.6338757396449705,0.22537241606204084,test,logistic_regression,lr-oulad-academic-fail-c105-s42-v5
Precision-Recall,0.8518886679920478,0.6343449296817173,0.22564667233142688,test,logistic_regression,lr-oulad-academic-fail-c105-s42-v5
Precision-Recall,0.8518886679920478,0.6348148148148148,0.22583464576598633,test,logistic_regression,lr-oulad-academic-fail-c105-s42-v5
Precision-Recall,0.8518886679920478,0.6352853965900667,0.22593925032684045,test,logistic_regression,lr-oulad-academic-fail-c105-s42-v5
Precision-Recall,0.8518886679920478,0.6357566765578635,0.22604098615520654,test,logistic_regression,lr-oulad-academic-fail-c105-s42-v5
Precision-Recall,0.8508946322067594,0.635486265775798,0.22609241938234498,test,logistic_regression,lr-oulad-academic-fail-c105-s42-v5
Precision-Recall,0.8508946322067594,0.6359583952451708,0.22691004519115976,test,logistic_regression,lr-oulad-academic-fail-c105-s42-v5
Precision-Recall,0.8508946322067594,0.6364312267657992,0.22724827256429575,test,logistic_regression,lr-oulad-academic-fail-c105-s42-v5
Precision-Recall,0.8508946322067594,0.6369047619047619,0.22728593407723385,test,logistic_regression,lr-oulad-academic-fail-c105-s42-v5
Precision-Recall,0.8508946322067594,0.637379002233805,0.22770265329239076,test,logistic_regression,lr-oulad-academic-fail-c105-s42-v5
Precision-Recall,0.8508946322067594,0.6378539493293591,0.22814857208622497,test,logistic_regression,lr-oulad-academic-fail-c105-s42-v5
Precision-Recall,0.8508946322067594,0.6383296047725578,0.22846347542342132,test,logistic_regression,lr-oulad-academic-fail-c105-s42-v5
Precision-Recall,0.8508946322067594,0.6388059701492538,0.2285828389331662,test,logistic_regression,lr-oulad-academic-fail-c105-s42-v5
Precision-Recall,0.8499005964214712,0.6385362210604929,0.22866424421735135,test,logistic_regression,lr-oulad-academic-fail-c105-s42-v5
Precision-Recall,0.8499005964214712,0.6390134529147982,0.22876195651028045,test,logistic_regression,lr-oulad-academic-fail-c105-s42-v5
Precision-Recall,0.8489065606361829,0.6387434554973822,0.22895488237829836,test,logistic_regression,lr-oulad-academic-fail-c105-s42-v5
Precision-Recall,0.8489065606361829,0.6392215568862275,0.22903107899967226,test,logistic_regression,lr-oulad-academic-fail-c105-s42-v5
Precision-Recall,0.8489065606361829,0.6397003745318353,0.22981707596416395,test,logistic_regression,lr-oulad-academic-fail-c105-s42-v5
Precision-Recall,0.8489065606361829,0.6401799100449775,0.2299484272703235,test,logistic_regression,lr-oulad-academic-fail-c105-s42-v5
Precision-Recall,0.8489065606361829,0.6406601650412603,0.22996504590143002,test,logistic_regression,lr-oulad-academic-fail-c105-s42-v5
Precision-Recall,0.8489065606361829,0.6411411411411412,0.2307528901974712,test,logistic_regression,lr-oulad-academic-fail-c105-s42-v5
Precision-Recall,0.8489065606361829,0.6416228399699474,0.2310215971688046,test,logistic_regression,lr-oulad-academic-fail-c105-s42-v5
Precision-Recall,0.8489065606361829,0.6421052631578947,0.23186698436991138,test,logistic_regression,lr-oulad-academic-fail-c105-s42-v5
Precision-Recall,0.8479125248508946,0.6418359668924003,0.23187994973737022,test,logistic_regression,lr-oulad-academic-fail-c105-s42-v5
Precision-Recall,0.8479125248508946,0.6423192771084337,0.2321128149994419,test,logistic_regression,lr-oulad-academic-fail-c105-s42-v5
Precision-Recall,0.8479125248508946,0.6428033157498116,0.2323840612532933,test,logistic_regression,lr-oulad-academic-fail-c105-s42-v5
Precision-Recall,0.8469184890656064,0.6425339366515838,0.23258516789605693,test,logistic_regression,lr-oulad-academic-fail-c105-s42-v5
Precision-Recall,0.8459244532803181,0.6422641509433962,0.2330533648193121,test,logistic_regression,lr-oulad-academic-fail-c105-s42-v5
Precision-Recall,0.8459244532803181,0.6427492447129909,0.23323025808087966,test,logistic_regression,lr-oulad-academic-fail-c105-s42-v5
Precision-Recall,0.8459244532803181,0.6432350718065004,0.23339975978733127,test,logistic_regression,lr-oulad-academic-fail-c105-s42-v5
Precision-Recall,0.8459244532803181,0.6437216338880484,0.23385182882963673,test,logistic_regression,lr-oulad-academic-fail-c105-s42-v5
Precision-Recall,0.8459244532803181,0.6442089326267979,0.23424035929156836,test,logistic_regression,lr-oulad-academic-fail-c105-s42-v5
Precision-Recall,0.8459244532803181,0.6446969696969697,0.23476417948046222,test,logistic_regression,lr-oulad-academic-fail-c105-s42-v5
Precision-Recall,0.8459244532803181,0.645185746777862,0.23531190978595865,test,logistic_regression,lr-oulad-academic-fail-c105-s42-v5
Precision-Recall,0.8449304174950298,0.644916540212443,0.2354244297448729,test,logistic_regression,lr-oulad-academic-fail-c105-s42-v5
Precision-Recall,0.8449304174950298,0.6454062262718299,0.23589016249441544,test,logistic_regression,lr-oulad-academic-fail-c105-s42-v5
Precision-Recall,0.8439363817097415,0.6451367781155015,0.23645350301219167,test,logistic_regression,lr-oulad-academic-fail-c105-s42-v5
Precision-Recall,0.8429423459244533,0.6448669201520912,0.23707625030702348,test,logistic_regression,lr-oulad-academic-fail-c105-s42-v5
Precision-Recall,0.8429423459244533,0.6453576864535768,0.2372716209414797,test,logistic_regression,lr-oulad-academic-fail-c105-s42-v5
Precision-Recall,0.841948310139165,0.645087585681645,0.23733458333635113,test,logistic_regression,lr-oulad-academic-fail-c105-s42-v5
Precision-Recall,0.8409542743538767,0.6448170731707317,0.23810509090417342,test,logistic_regression,lr-oulad-academic-fail-c105-s42-v5
Precision-Recall,0.8409542743538767,0.6453089244851259,0.23820092966243503,test,logistic_regression,lr-oulad-academic-fail-c105-s42-v5
Precision-Recall,0.8409542743538767,0.6458015267175573,0.23853065247314903,test,logistic_regression,lr-oulad-academic-fail-c105-s42-v5
Precision-Recall,0.8409542743538767,0.6462948815889993,0.2387299224998679,test,logistic_regression,lr-oulad-academic-fail-c105-s42-v5
Precision-Recall,0.8409542743538767,0.6467889908256881,0.23873861609021374,test,logistic_regression,lr-oulad-academic-fail-c105-s42-v5
Precision-Recall,0.8399602385685885,0.6465187452180566,0.23900744674554847,test,logistic_regression,lr-oulad-academic-fail-c105-s42-v5
Precision-Recall,0.8389662027833003,0.6462480857580398,0.2390647253487548,test,logistic_regression,lr-oulad-academic-fail-c105-s42-v5
Precision-Recall,0.8379721669980119,0.6459770114942529,0.23914856183967187,test,logistic_regression,lr-oulad-academic-fail-c105-s42-v5
Precision-Recall,0.8379721669980119,0.6464723926380368,0.23925436104127434,test,logistic_regression,lr-oulad-academic-fail-c105-s42-v5
Precision-Recall,0.8379721669980119,0.646968534151957,0.23927051595565016,test,logistic_regression,lr-oulad-academic-fail-c105-s42-v5
Precision-Recall,0.8379721669980119,0.6474654377880185,0.23960797696677957,test,logistic_regression,lr-oulad-academic-fail-c105-s42-v5
Precision-Recall,0.8379721669980119,0.6479631053036126,0.239633612108449,test,logistic_regression,lr-oulad-academic-fail-c105-s42-v5
Precision-Recall,0.8379721669980119,0.6484615384615384,0.23989165072691768,test,logistic_regression,lr-oulad-academic-fail-c105-s42-v5
Precision-Recall,0.8369781312127237,0.6481909160892995,0.24074571549739449,test,logistic_regression,lr-oulad-academic-fail-c105-s42-v5
Precision-Recall,0.8369781312127237,0.6486902927580893,0.24087890694037856,test,logistic_regression,lr-oulad-academic-fail-c105-s42-v5
Precision-Recall,0.8369781312127237,0.6491904394757132,0.24099634572514783,test,logistic_regression,lr-oulad-academic-fail-c105-s42-v5
Precision-Recall,0.8359840954274353,0.6489197530864198,0.24146857690735454,test,logistic_regression,lr-oulad-academic-fail-c105-s42-v5
Precision-Recall,0.8349900596421471,0.6486486486486487,0.24220004841297768,test,logistic_regression,lr-oulad-academic-fail-c105-s42-v5
Precision-Recall,0.8349900596421471,0.6491499227202473,0.24231157276802048,test,logistic_regression,lr-oulad-academic-fail-c105-s42-v5
Precision-Recall,0.8349900596421471,0.6496519721577726,0.24248239194466134,test,logistic_regression,lr-oulad-academic-fail-c105-s42-v5
Precision-Recall,0.8339960238568589,0.6493808049535603,0.2425442167942246,test,logistic_regression,lr-oulad-academic-fail-c105-s42-v5
Precision-Recall,0.8339960238568589,0.6498838109992254,0.24280740511608045,test,logistic_regression,lr-oulad-academic-fail-c105-s42-v5
Precision-Recall,0.8339960238568589,0.6503875968992248,0.2434050045039134,test,logistic_regression,lr-oulad-academic-fail-c105-s42-v5
Precision-Recall,0.8339960238568589,0.6508921644685803,0.24379901473964188,test,logistic_regression,lr-oulad-academic-fail-c105-s42-v5
Precision-Recall,0.8339960238568589,0.6513975155279503,0.24386579003031253,test,logistic_regression,lr-oulad-academic-fail-c105-s42-v5
Precision-Recall,0.8339960238568589,0.6519036519036518,0.24394154657230166,test,logistic_regression,lr-oulad-academic-fail-c105-s42-v5
Precision-Recall,0.8339960238568589,0.6524105754276828,0.24456255480197886,test,logistic_regression,lr-oulad-academic-fail-c105-s42-v5
Precision-Recall,0.8339960238568589,0.6529182879377432,0.2447574611030791,test,logistic_regression,lr-oulad-academic-fail-c105-s42-v5
Precision-Recall,0.8339960238568589,0.6534267912772586,0.24545618976281,test,logistic_regression,lr-oulad-academic-fail-c105-s42-v5
Precision-Recall,0.8339960238568589,0.6539360872954014,0.245498283865232,test,logistic_regression,lr-oulad-academic-fail-c105-s42-v5
Precision-Recall,0.8339960238568589,0.6544461778471139,0.24617653782856677,test,logistic_regression,lr-oulad-academic-fail-c105-s42-v5
Precision-Recall,0.8330019880715706,0.6541764246682279,0.2464544302396113,test,logistic_regression,lr-oulad-academic-fail-c105-s42-v5
Precision-Recall,0.8330019880715706,0.6546875,0.24648381390700258,test,logistic_regression,lr-oulad-academic-fail-c105-s42-v5
Precision-Recall,0.8330019880715706,0.655199374511337,0.24754751584173124,test,logistic_regression,lr-oulad-academic-fail-c105-s42-v5
Precision-Recall,0.8320079522862823,0.6549295774647887,0.24817301059046293,test,logistic_regression,lr-oulad-academic-fail-c105-s42-v5
Precision-Recall,0.831013916500994,0.6546593578700078,0.24822722773994751,test,logistic_regression,lr-oulad-academic-fail-c105-s42-v5
Precision-Recall,0.831013916500994,0.6551724137931034,0.24942583690163936,test,logistic_regression,lr-oulad-academic-fail-c105-s42-v5
Precision-Recall,0.831013916500994,0.6556862745098039,0.24976021368096396,test,logistic_regression,lr-oulad-academic-fail-c105-s42-v5
Precision-Recall,0.8300198807157058,0.6554160125588697,0.25039020481380103,test,logistic_regression,lr-oulad-academic-fail-c105-s42-v5
Precision-Recall,0.8300198807157058,0.6559308719560094,0.25047077133320556,test,logistic_regression,lr-oulad-academic-fail-c105-s42-v5
Precision-Recall,0.8300198807157058,0.6564465408805031,0.2507014858568375,test,logistic_regression,lr-oulad-academic-fail-c105-s42-v5
Precision-Recall,0.8300198807157058,0.6569630212431157,0.2507139149079746,test,logistic_regression,lr-oulad-academic-fail-c105-s42-v5
Precision-Recall,0.8300198807157058,0.65748031496063,0.25150986498796774,test,logistic_regression,lr-oulad-academic-fail-c105-s42-v5
Precision-Recall,0.8300198807157058,0.6579984239558707,0.2517034512299251,test,logistic_regression,lr-oulad-academic-fail-c105-s42-v5
Precision-Recall,0.8300198807157058,0.6585173501577287,0.2519554776708014,test,logistic_regression,lr-oulad-academic-fail-c105-s42-v5
Precision-Recall,0.8290258449304175,0.6582478295185478,0.2523291663295709,test,logistic_regression,lr-oulad-academic-fail-c105-s42-v5
Precision-Recall,0.8290258449304175,0.6587677725118484,0.25274283778910134,test,logistic_regression,lr-oulad-academic-fail-c105-s42-v5
Precision-Recall,0.8290258449304175,0.6592885375494071,0.2532608824165043,test,logistic_regression,lr-oulad-academic-fail-c105-s42-v5
Precision-Recall,0.8280318091451292,0.6590189873417721,0.2532816546801067,test,logistic_regression,lr-oulad-academic-fail-c105-s42-v5
Precision-Recall,0.827037773359841,0.6587490102929533,0.2533492025625417,test,logistic_regression,lr-oulad-academic-fail-c105-s42-v5
Precision-Recall,0.827037773359841,0.659270998415214,0.2535031274422378,test,logistic_regression,lr-oulad-academic-fail-c105-s42-v5
Precision-Recall,0.827037773359841,0.6597938144329897,0.2535489426855852,test,logistic_regression,lr-oulad-academic-fail-c105-s42-v5
Precision-Recall,0.8260437375745527,0.6595238095238095,0.25361008348721875,test,logistic_regression,lr-oulad-academic-fail-c105-s42-v5
Precision-Recall,0.8260437375745527,0.6600476568705321,0.25374047986033316,test,logistic_regression,lr-oulad-academic-fail-c105-s42-v5
Precision-Recall,0.8250497017892644,0.6597774244833068,0.2541669393868289,test,logistic_regression,lr-oulad-academic-fail-c105-s42-v5
Precision-Recall,0.8240556660039762,0.6595067621320605,0.2543635763242,test,logistic_regression,lr-oulad-academic-fail-c105-s42-v5
Precision-Recall,0.8240556660039762,0.660031847133758,0.2545770046027109,test,logistic_regression,lr-oulad-academic-fail-c105-s42-v5
Precision-Recall,0.8240556660039762,0.6605577689243027,0.25504577123200145,test,logistic_regression,lr-oulad-academic-fail-c105-s42-v5
Precision-Recall,0.8240556660039762,0.6610845295055822,0.2553610754845707,test,logistic_regression,lr-oulad-academic-fail-c105-s42-v5
Precision-Recall,0.8240556660039762,0.6616121308858739,0.25552053763032423,test,logistic_regression,lr-oulad-academic-fail-c105-s42-v5
Precision-Recall,0.8240556660039762,0.6621405750798722,0.25580795683566987,test,logistic_regression,lr-oulad-academic-fail-c105-s42-v5
Precision-Recall,0.8240556660039762,0.662669864108713,0.2558795611957493,test,logistic_regression,lr-oulad-academic-fail-c105-s42-v5
Precision-Recall,0.8240556660039762,0.6632,0.2562603024689023,test,logistic_regression,lr-oulad-academic-fail-c105-s42-v5
Precision-Recall,0.8230616302186878,0.6629303442754203,0.2562622780391292,test,logistic_regression,lr-oulad-academic-fail-c105-s42-v5
Precision-Recall,0.8220675944333996,0.6626602564102564,0.2567084439578221,test,logistic_regression,lr-oulad-academic-fail-c105-s42-v5
Precision-Recall,0.8210735586481114,0.6623897353648757,0.2569155259349935,test,logistic_regression,lr-oulad-academic-fail-c105-s42-v5
Precision-Recall,0.8210735586481114,0.6629213483146067,0.2577276175225727,test,logistic_regression,lr-oulad-academic-fail-c105-s42-v5
Precision-Recall,0.820079522862823,0.6626506024096386,0.25773067628425705,test,logistic_regression,lr-oulad-academic-fail-c105-s42-v5
Precision-Recall,0.820079522862823,0.6631832797427653,0.2597850815951031,test,logistic_regression,lr-oulad-academic-fail-c105-s42-v5
Precision-Recall,0.8190854870775348,0.6629123089300081,0.2599696169045505,test,logistic_regression,lr-oulad-academic-fail-c105-s42-v5
Precision-Recall,0.8190854870775348,0.6634460547504025,0.26013866453155304,test,logistic_regression,lr-oulad-academic-fail-c105-s42-v5
Precision-Recall,0.8180914512922465,0.6631748589846898,0.26023002979328247,test,logistic_regression,lr-oulad-academic-fail-c105-s42-v5
Precision-Recall,0.8180914512922465,0.6637096774193548,0.2614321867710811,test,logistic_regression,lr-oulad-academic-fail-c105-s42-v5
Precision-Recall,0.8170974155069582,0.6634382566585957,0.2615374426425763,test,logistic_regression,lr-oulad-academic-fail-c105-s42-v5
Precision-Recall,0.8170974155069582,0.6639741518578353,0.2616875103978503,test,logistic_regression,lr-oulad-academic-fail-c105-s42-v5
Precision-Recall,0.8170974155069582,0.6645109135004043,0.2624762977128511,test,logistic_regression,lr-oulad-academic-fail-c105-s42-v5
Precision-Recall,0.8170974155069582,0.6650485436893204,0.26393080586149636,test,logistic_regression,lr-oulad-academic-fail-c105-s42-v5
Precision-Recall,0.8170974155069582,0.665587044534413,0.2639869066844497,test,logistic_regression,lr-oulad-academic-fail-c105-s42-v5
Precision-Recall,0.8170974155069582,0.6661264181523501,0.2640957252418073,test,logistic_regression,lr-oulad-academic-fail-c105-s42-v5
Precision-Recall,0.8170974155069582,0.6666666666666666,0.26616070233632466,test,logistic_regression,lr-oulad-academic-fail-c105-s42-v5
Precision-Recall,0.8170974155069582,0.6672077922077922,0.2662027911607418,test,logistic_regression,lr-oulad-academic-fail-c105-s42-v5
Precision-Recall,0.81610337972167,0.6669374492282697,0.26630289420313574,test,logistic_regression,lr-oulad-academic-fail-c105-s42-v5
Precision-Recall,0.81610337972167,0.667479674796748,0.26668403391775425,test,logistic_regression,lr-oulad-academic-fail-c105-s42-v5
Precision-Recall,0.81610337972167,0.6680227827502034,0.2677012327198039,test,logistic_regression,lr-oulad-academic-fail-c105-s42-v5
Precision-Recall,0.81610337972167,0.6685667752442996,0.26771455594456983,test,logistic_regression,lr-oulad-academic-fail-c105-s42-v5
Precision-Recall,0.81610337972167,0.6691116544417278,0.2677713144686721,test,logistic_regression,lr-oulad-academic-fail-c105-s42-v5
Precision-Recall,0.8151093439363817,0.6688417618270799,0.2683542730771053,test,logistic_regression,lr-oulad-academic-fail-c105-s42-v5
Precision-Recall,0.8141153081510935,0.6685714285714286,0.2683621020626407,test,logistic_regression,lr-oulad-academic-fail-c105-s42-v5
Precision-Recall,0.8141153081510935,0.6691176470588235,0.2691950276593355,test,logistic_regression,lr-oulad-academic-fail-c105-s42-v5
Precision-Recall,0.8141153081510935,0.669664758789861,0.26929744920480586,test,logistic_regression,lr-oulad-academic-fail-c105-s42-v5
Precision-Recall,0.8131212723658051,0.6693944353518821,0.2698520498973852,test,logistic_regression,lr-oulad-academic-fail-c105-s42-v5
Precision-Recall,0.8131212723658051,0.6699426699426699,0.2699294030368284,test,logistic_regression,lr-oulad-academic-fail-c105-s42-v5
Precision-Recall,0.8131212723658051,0.6704918032786885,0.27008311283504677,test,logistic_regression,lr-oulad-academic-fail-c105-s42-v5
Precision-Recall,0.8131212723658051,0.6710418375717802,0.2702079394772381,test,logistic_regression,lr-oulad-academic-fail-c105-s42-v5
Precision-Recall,0.8131212723658051,0.6715927750410509,0.2702844042593556,test,logistic_regression,lr-oulad-academic-fail-c105-s42-v5
Precision-Recall,0.8131212723658051,0.6721446179129006,0.27074664692386863,test,logistic_regression,lr-oulad-academic-fail-c105-s42-v5
Precision-Recall,0.8131212723658051,0.6726973684210527,0.2712722949392897,test,logistic_regression,lr-oulad-academic-fail-c105-s42-v5
Precision-Recall,0.8131212723658051,0.6732510288065844,0.2713364889281249,test,logistic_regression,lr-oulad-academic-fail-c105-s42-v5
Precision-Recall,0.8121272365805169,0.6729818780889621,0.27146671520792387,test,logistic_regression,lr-oulad-academic-fail-c105-s42-v5
Precision-Recall,0.8121272365805169,0.6735366859027205,0.27199592959591146,test,logistic_regression,lr-oulad-academic-fail-c105-s42-v5
Precision-Recall,0.8121272365805169,0.6740924092409241,0.2722380485578764,test,logistic_regression,lr-oulad-academic-fail-c105-s42-v5
Precision-Recall,0.8121272365805169,0.6746490503715937,0.27224392408988657,test,logistic_regression,lr-oulad-academic-fail-c105-s42-v5
Precision-Recall,0.8111332007952287,0.6743801652892562,0.2730417353930282,test,logistic_regression,lr-oulad-academic-fail-c105-s42-v5
Precision-Recall,0.8111332007952287,0.674937965260546,0.27323632981802065,test,logistic_regression,lr-oulad-academic-fail-c105-s42-v5
Precision-Recall,0.8111332007952287,0.6754966887417219,0.2733186310200065,test,logistic_regression,lr-oulad-academic-fail-c105-s42-v5
Precision-Recall,0.8101391650099403,0.6752278376139188,0.2737110558006899,test,logistic_regression,lr-oulad-academic-fail-c105-s42-v5
Precision-Recall,0.8101391650099403,0.675787728026534,0.27380824395118564,test,logistic_regression,lr-oulad-academic-fail-c105-s42-v5
Precision-Recall,0.8091451292246521,0.6755186721991702,0.2738480171765076,test,logistic_regression,lr-oulad-academic-fail-c105-s42-v5
Precision-Recall,0.8091451292246521,0.6760797342192691,0.27387521590171776,test,logistic_regression,lr-oulad-academic-fail-c105-s42-v5
Precision-Recall,0.8081510934393639,0.6758104738154613,0.27392286533305604,test,logistic_regression,lr-oulad-academic-fail-c105-s42-v5
Precision-Recall,0.8081510934393639,0.6763727121464226,0.27406294905467604,test,logistic_regression,lr-oulad-academic-fail-c105-s42-v5
Precision-Recall,0.8081510934393639,0.6769358867610324,0.27490933652223315,test,logistic_regression,lr-oulad-academic-fail-c105-s42-v5
Precision-Recall,0.8081510934393639,0.6775,0.275264487248888,test,logistic_regression,lr-oulad-academic-fail-c105-s42-v5
Precision-Recall,0.8081510934393639,0.6780650542118432,0.2756239050036546,test,logistic_regression,lr-oulad-academic-fail-c105-s42-v5
Precision-Recall,0.8081510934393639,0.6786310517529215,0.2761536176659563,test,logistic_regression,lr-oulad-academic-fail-c105-s42-v5
Precision-Recall,0.8081510934393639,0.6791979949874687,0.2765189906457055,test,logistic_regression,lr-oulad-academic-fail-c105-s42-v5
Precision-Recall,0.8081510934393639,0.6797658862876255,0.2775294818634217,test,logistic_regression,lr-oulad-academic-fail-c105-s42-v5
Precision-Recall,0.8081510934393639,0.6803347280334728,0.27755119642577725,test,logistic_regression,lr-oulad-academic-fail-c105-s42-v5
Precision-Recall,0.8071570576540755,0.6800670016750419,0.2777639681703476,test,logistic_regression,lr-oulad-academic-fail-c105-s42-v5
Precision-Recall,0.8071570576540755,0.680637049455155,0.2778478562621585,test,logistic_regression,lr-oulad-academic-fail-c105-s42-v5
Precision-Recall,0.8071570576540755,0.6812080536912751,0.27845020791556413,test,logistic_regression,lr-oulad-academic-fail-c105-s42-v5
Precision-Recall,0.8061630218687873,0.6809403862300588,0.279189676757547,test,logistic_regression,lr-oulad-academic-fail-c105-s42-v5
Precision-Recall,0.805168986083499,0.680672268907563,0.2793110939812303,test,logistic_regression,lr-oulad-academic-fail-c105-s42-v5
Precision-Recall,0.805168986083499,0.6812447434819175,0.2797544321254574,test,logistic_regression,lr-oulad-academic-fail-c105-s42-v5
Precision-Recall,0.805168986083499,0.6818181818181818,0.28010636464161154,test,logistic_regression,lr-oulad-academic-fail-c105-s42-v5
Precision-Recall,0.805168986083499,0.6823925863521483,0.28020482325264934,test,logistic_regression,lr-oulad-academic-fail-c105-s42-v5
Precision-Recall,0.8041749502982107,0.6821247892074199,0.2802052478331474,test,logistic_regression,lr-oulad-academic-fail-c105-s42-v5
Precision-Recall,0.8031809145129225,0.6818565400843882,0.2802162753657777,test,logistic_regression,lr-oulad-academic-fail-c105-s42-v5
Precision-Recall,0.8031809145129225,0.6824324324324325,0.28087242766929743,test,logistic_regression,lr-oulad-academic-fail-c105-s42-v5
Precision-Recall,0.8021868787276342,0.6821639898562976,0.28133988826740675,test,logistic_regression,lr-oulad-academic-fail-c105-s42-v5
Precision-Recall,0.8011928429423459,0.6818950930626058,0.2814939764965827,test,logistic_regression,lr-oulad-academic-fail-c105-s42-v5
Precision-Recall,0.8011928429423459,0.6824724809483489,0.2814986301151688,test,logistic_regression,lr-oulad-academic-fail-c105-s42-v5
Precision-Recall,0.8001988071570576,0.6822033898305084,0.2825130303282107,test,logistic_regression,lr-oulad-academic-fail-c105-s42-v5
Precision-Recall,0.7992047713717694,0.6819338422391857,0.2825976258834879,test,logistic_regression,lr-oulad-academic-fail-c105-s42-v5
Precision-Recall,0.7992047713717694,0.6825127334465195,0.2838300705406861,test,logistic_regression,lr-oulad-academic-fail-c105-s42-v5
Precision-Recall,0.7992047713717694,0.6830926083262532,0.28405948928607677,test,logistic_regression,lr-oulad-academic-fail-c105-s42-v5
Precision-Recall,0.7992047713717694,0.6836734693877551,0.28495715622491563,test,logistic_regression,lr-oulad-academic-fail-c105-s42-v5
Precision-Recall,0.7982107355864811,0.683404255319149,0.2851385649345668,test,logistic_regression,lr-oulad-academic-fail-c105-s42-v5
Precision-Recall,0.7982107355864811,0.6839863713798978,0.28516084583845125,test,logistic_regression,lr-oulad-academic-fail-c105-s42-v5
Precision-Recall,0.7972166998011928,0.6837169650468883,0.28533166652439573,test,logistic_regression,lr-oulad-academic-fail-c105-s42-v5
Precision-Recall,0.7972166998011928,0.6843003412969283,0.2855583962475479,test,logistic_regression,lr-oulad-academic-fail-c105-s42-v5
Precision-Recall,0.7962226640159046,0.6840307429547395,0.28557020141586115,test,logistic_regression,lr-oulad-academic-fail-c105-s42-v5
Precision-Recall,0.7962226640159046,0.6846153846153846,0.28575699871556864,test,logistic_regression,lr-oulad-academic-fail-c105-s42-v5
Precision-Recall,0.7962226640159046,0.6852010265183918,0.2858780919096806,test,logistic_regression,lr-oulad-academic-fail-c105-s42-v5
Precision-Recall,0.7952286282306164,0.684931506849315,0.28588037544708633,test,logistic_regression,lr-oulad-academic-fail-c105-s42-v5
Precision-Recall,0.7952286282306164,0.6855184233076264,0.28614358323499334,test,logistic_regression,lr-oulad-academic-fail-c105-s42-v5
Precision-Recall,0.794234592445328,0.6852487135506004,0.28617563865878687,test,logistic_regression,lr-oulad-academic-fail-c105-s42-v5
Precision-Recall,0.794234592445328,0.6858369098712447,0.2864575869816491,test,logistic_regression,lr-oulad-academic-fail-c105-s42-v5
Precision-Recall,0.794234592445328,0.686426116838488,0.28712980571797564,test,logistic_regression,lr-oulad-academic-fail-c105-s42-v5
Precision-Recall,0.794234592445328,0.6870163370593293,0.28756760448568114,test,logistic_regression,lr-oulad-academic-fail-c105-s42-v5
Precision-Recall,0.794234592445328,0.6876075731497419,0.2879152220723818,test,logistic_regression,lr-oulad-academic-fail-c105-s42-v5
Precision-Recall,0.7932405566600398,0.6873385012919897,0.28800560266997477,test,logistic_regression,lr-oulad-academic-fail-c105-s42-v5
Precision-Recall,0.7922465208747514,0.6870689655172414,0.28830020923511224,test,logistic_regression,lr-oulad-academic-fail-c105-s42-v5
Precision-Recall,0.7922465208747514,0.6876617773943055,0.28867448460284706,test,logistic_regression,lr-oulad-academic-fail-c105-s42-v5
Precision-Recall,0.7912524850894632,0.687392055267703,0.2898559588026115,test,logistic_regression,lr-oulad-academic-fail-c105-s42-v5
Precision-Recall,0.7912524850894632,0.6879861711322386,0.2901792758073703,test,logistic_regression,lr-oulad-academic-fail-c105-s42-v5
Precision-Recall,0.7912524850894632,0.6885813148788927,0.2903979675010602,test,logistic_regression,lr-oulad-academic-fail-c105-s42-v5
Precision-Recall,0.7912524850894632,0.6891774891774892,0.29068620252514815,test,logistic_regression,lr-oulad-academic-fail-c105-s42-v5
Precision-Recall,0.790258449304175,0.6889081455805892,0.2919563455832322,test,logistic_regression,lr-oulad-academic-fail-c105-s42-v5
Precision-Recall,0.790258449304175,0.6895056374674762,0.29303577293015076,test,logistic_regression,lr-oulad-academic-fail-c105-s42-v5
Precision-Recall,0.790258449304175,0.6901041666666666,0.2933493556915982,test,logistic_regression,lr-oulad-academic-fail-c105-s42-v5
Precision-Recall,0.790258449304175,0.6907037358818419,0.2937470911111578,test,logistic_regression,lr-oulad-academic-fail-c105-s42-v5
Precision-Recall,0.790258449304175,0.691304347826087,0.29403676733088374,test,logistic_regression,lr-oulad-academic-fail-c105-s42-v5
Precision-Recall,0.790258449304175,0.6919060052219321,0.29442302914232155,test,logistic_regression,lr-oulad-academic-fail-c105-s42-v5
Precision-Recall,0.790258449304175,0.6925087108013938,0.2958148112916139,test,logistic_regression,lr-oulad-academic-fail-c105-s42-v5
Precision-Recall,0.7892644135188867,0.6922406277244987,0.2959081883070686,test,logistic_regression,lr-oulad-academic-fail-c105-s42-v5
Precision-Recall,0.7882703777335984,0.6919720767888308,0.29647875422079695,test,logistic_regression,lr-oulad-academic-fail-c105-s42-v5
Precision-Recall,0.7882703777335984,0.6925764192139738,0.297400590586883,test,logistic_regression,lr-oulad-academic-fail-c105-s42-v5
Precision-Recall,0.7872763419483101,0.6923076923076923,0.29744229933293015,test,logistic_regression,lr-oulad-academic-fail-c105-s42-v5
Precision-Recall,0.7872763419483101,0.6929133858267716,0.2976699478464246,test,logistic_regression,lr-oulad-academic-fail-c105-s42-v5
Precision-Recall,0.7872763419483101,0.6935201401050788,0.29789058573895083,test,logistic_regression,lr-oulad-academic-fail-c105-s42-v5
Precision-Recall,0.7862823061630219,0.6932515337423313,0.29804811580345136,test,logistic_regression,lr-oulad-academic-fail-c105-s42-v5
Precision-Recall,0.7862823061630219,0.6938596491228071,0.29913716391778,test,logistic_regression,lr-oulad-academic-fail-c105-s42-v5
Precision-Recall,0.7862823061630219,0.694468832309043,0.29959018075738925,test,logistic_regression,lr-oulad-academic-fail-c105-s42-v5
Precision-Recall,0.7862823061630219,0.695079086115993,0.2999894367987739,test,logistic_regression,lr-oulad-academic-fail-c105-s42-v5
Precision-Recall,0.7862823061630219,0.6956904133685137,0.3002524489422572,test,logistic_regression,lr-oulad-academic-fail-c105-s42-v5
Precision-Recall,0.7862823061630219,0.6963028169014085,0.3002564496881869,test,logistic_regression,lr-oulad-academic-fail-c105-s42-v5
Precision-Recall,0.7862823061630219,0.6969162995594713,0.300606890235169,test,logistic_regression,lr-oulad-academic-fail-c105-s42-v5
Precision-Recall,0.7852882703777336,0.6966490299823633,0.3008838979557258,test,logistic_regression,lr-oulad-academic-fail-c105-s42-v5
Precision-Recall,0.7852882703777336,0.6972639011473963,0.3014221229903166,test,logistic_regression,lr-oulad-academic-fail-c105-s42-v5
Precision-Recall,0.7852882703777336,0.6978798586572438,0.3014794324975629,test,logistic_regression,lr-oulad-academic-fail-c105-s42-v5
Precision-Recall,0.7852882703777336,0.6984969053934571,0.30156302319635553,test,logistic_regression,lr-oulad-academic-fail-c105-s42-v5
Precision-Recall,0.7852882703777336,0.6991150442477876,0.30165292565835067,test,logistic_regression,lr-oulad-academic-fail-c105-s42-v5
Precision-Recall,0.7852882703777336,0.6997342781222321,0.30281210926188323,test,logistic_regression,lr-oulad-academic-fail-c105-s42-v5
Precision-Recall,0.7852882703777336,0.700354609929078,0.3028135981003947,test,logistic_regression,lr-oulad-academic-fail-c105-s42-v5
Precision-Recall,0.7852882703777336,0.7009760425909495,0.30293772429286975,test,logistic_regression,lr-oulad-academic-fail-c105-s42-v5
Precision-Recall,0.7842942345924453,0.7007104795737122,0.303158093148743,test,logistic_regression,lr-oulad-academic-fail-c105-s42-v5
Precision-Recall,0.7842942345924453,0.7013333333333334,0.3033144711396436,test,logistic_regression,lr-oulad-academic-fail-c105-s42-v5
Precision-Recall,0.7842942345924453,0.7019572953736655,0.3038023708015239,test,logistic_regression,lr-oulad-academic-fail-c105-s42-v5
Precision-Recall,0.7833001988071571,0.7016918967052538,0.30407626279122474,test,logistic_regression,lr-oulad-academic-fail-c105-s42-v5
Precision-Recall,0.7833001988071571,0.7023172905525846,0.3042540957263525,test,logistic_regression,lr-oulad-academic-fail-c105-s42-v5
Precision-Recall,0.7833001988071571,0.7029438001784122,0.3047504705709306,test,logistic_regression,lr-oulad-academic-fail-c105-s42-v5
Precision-Recall,0.7833001988071571,0.7035714285714286,0.30544516779151604,test,logistic_regression,lr-oulad-academic-fail-c105-s42-v5
Precision-Recall,0.7833001988071571,0.7042001787310098,0.3055147088317148,test,logistic_regression,lr-oulad-academic-fail-c105-s42-v5
Precision-Recall,0.7823061630218688,0.7039355992844365,0.30584534781060757,test,logistic_regression,lr-oulad-academic-fail-c105-s42-v5
Precision-Recall,0.7823061630218688,0.7045658012533572,0.30633227639923183,test,logistic_regression,lr-oulad-academic-fail-c105-s42-v5
Precision-Recall,0.7823061630218688,0.7051971326164874,0.3064468807533415,test,logistic_regression,lr-oulad-academic-fail-c105-s42-v5
Precision-Recall,0.7823061630218688,0.705829596412556,0.30655884209688716,test,logistic_regression,lr-oulad-academic-fail-c105-s42-v5
Precision-Recall,0.7823061630218688,0.7064631956912029,0.30668652892069403,test,logistic_regression,lr-oulad-academic-fail-c105-s42-v5
Precision-Recall,0.7813121272365805,0.706199460916442,0.3069718627486837,test,logistic_regression,lr-oulad-academic-fail-c105-s42-v5
Precision-Recall,0.7813121272365805,0.7068345323741008,0.3070317577109492,test,logistic_regression,lr-oulad-academic-fail-c105-s42-v5
Precision-Recall,0.7813121272365805,0.7074707470747075,0.3071332460294649,test,logistic_regression,lr-oulad-academic-fail-c105-s42-v5
Precision-Recall,0.7813121272365805,0.7081081081081081,0.3076669938440636,test,logistic_regression,lr-oulad-academic-fail-c105-s42-v5
Precision-Recall,0.7813121272365805,0.7087466185752931,0.3077464431535118,test,logistic_regression,lr-oulad-academic-fail-c105-s42-v5
Precision-Recall,0.7803180914512923,0.7084837545126353,0.3079775974313618,test,logistic_regression,lr-oulad-academic-fail-c105-s42-v5
Precision-Recall,0.7803180914512923,0.7091237579042458,0.30801287577443337,test,logistic_regression,lr-oulad-academic-fail-c105-s42-v5
Precision-Recall,0.7803180914512923,0.7097649186256781,0.30806582443482167,test,logistic_regression,lr-oulad-academic-fail-c105-s42-v5
Precision-Recall,0.7803180914512923,0.7104072398190046,0.3081564995913248,test,logistic_regression,lr-oulad-academic-fail-c105-s42-v5
Precision-Recall,0.7793240556660039,0.7101449275362319,0.30841406542291766,test,logistic_regression,lr-oulad-academic-fail-c105-s42-v5
Precision-Recall,0.7783300198807157,0.7098821396192203,0.30887105690048444,test,logistic_regression,lr-oulad-academic-fail-c105-s42-v5
Precision-Recall,0.7773359840954275,0.7096188747731398,0.3089363311970418,test,logistic_regression,lr-oulad-academic-fail-c105-s42-v5
Precision-Recall,0.7773359840954275,0.7102633969118983,0.30934432712160675,test,logistic_regression,lr-oulad-academic-fail-c105-s42-v5
Precision-Recall,0.7773359840954275,0.7109090909090909,0.31028062728157096,test,logistic_regression,lr-oulad-academic-fail-c105-s42-v5
Precision-Recall,0.7763419483101391,0.7106460418562329,0.3105305518626031,test,logistic_regression,lr-oulad-academic-fail-c105-s42-v5
Precision-Recall,0.7763419483101391,0.7112932604735883,0.3108770575642207,test,logistic_regression,lr-oulad-academic-fail-c105-s42-v5
Precision-Recall,0.7763419483101391,0.7119416590701915,0.3111340867896034,test,logistic_regression,lr-oulad-academic-fail-c105-s42-v5
Precision-Recall,0.7753479125248509,0.7116788321167883,0.31160846231798167,test,logistic_regression,lr-oulad-academic-fail-c105-s42-v5
Precision-Recall,0.7753479125248509,0.7123287671232876,0.3125204858582301,test,logistic_regression,lr-oulad-academic-fail-c105-s42-v5
Precision-Recall,0.7743538767395626,0.7120658135283364,0.31272888423942635,test,logistic_regression,lr-oulad-academic-fail-c105-s42-v5
Precision-Recall,0.7743538767395626,0.7127172918572735,0.3128616053104246,test,logistic_regression,lr-oulad-academic-fail-c105-s42-v5
Precision-Recall,0.7743538767395626,0.7133699633699634,0.3128747489363925,test,logistic_regression,lr-oulad-academic-fail-c105-s42-v5
Precision-Recall,0.7743538767395626,0.7140238313473877,0.3135808418255999,test,logistic_regression,lr-oulad-academic-fail-c105-s42-v5
Precision-Recall,0.7743538767395626,0.7146788990825688,0.31380199980754625,test,logistic_regression,lr-oulad-academic-fail-c105-s42-v5
Precision-Recall,0.7733598409542743,0.7144168962350781,0.3138801174727497,test,logistic_regression,lr-oulad-academic-fail-c105-s42-v5
Precision-Recall,0.7733598409542743,0.7150735294117647,0.3140279888152069,test,logistic_regression,lr-oulad-academic-fail-c105-s42-v5
Precision-Recall,0.7733598409542743,0.7157313707451702,0.3143635432525432,test,logistic_regression,lr-oulad-academic-fail-c105-s42-v5
Precision-Recall,0.7733598409542743,0.716390423572744,0.3146834820206244,test,logistic_regression,lr-oulad-academic-fail-c105-s42-v5
Precision-Recall,0.7733598409542743,0.7170506912442396,0.31583395248613694,test,logistic_regression,lr-oulad-academic-fail-c105-s42-v5
Precision-Recall,0.7723658051689861,0.716789667896679,0.3159898265716769,test,logistic_regression,lr-oulad-academic-fail-c105-s42-v5
Precision-Recall,0.7723658051689861,0.7174515235457064,0.31649197278013225,test,logistic_regression,lr-oulad-academic-fail-c105-s42-v5
Precision-Recall,0.7723658051689861,0.7181146025878004,0.31757220325134633,test,logistic_regression,lr-oulad-academic-fail-c105-s42-v5
Precision-Recall,0.7723658051689861,0.7187789084181314,0.31879144336089515,test,logistic_regression,lr-oulad-academic-fail-c105-s42-v5
Precision-Recall,0.7723658051689861,0.7194444444444444,0.31914432133770987,test,logistic_regression,lr-oulad-academic-fail-c105-s42-v5
Precision-Recall,0.7723658051689861,0.7201112140871178,0.31985518799679213,test,logistic_regression,lr-oulad-academic-fail-c105-s42-v5
Precision-Recall,0.7723658051689861,0.7207792207792207,0.3201359457159377,test,logistic_regression,lr-oulad-academic-fail-c105-s42-v5
Precision-Recall,0.7723658051689861,0.7214484679665738,0.32064636737757696,test,logistic_regression,lr-oulad-academic-fail-c105-s42-v5
Precision-Recall,0.7713717693836978,0.7211895910780669,0.3210640233429172,test,logistic_regression,lr-oulad-academic-fail-c105-s42-v5
Precision-Recall,0.7713717693836978,0.7218604651162791,0.3215642726300068,test,logistic_regression,lr-oulad-academic-fail-c105-s42-v5
Precision-Recall,0.7713717693836978,0.7225325884543762,0.321625126963678,test,logistic_regression,lr-oulad-academic-fail-c105-s42-v5
Precision-Recall,0.7713717693836978,0.723205964585275,0.32168177415369215,test,logistic_regression,lr-oulad-academic-fail-c105-s42-v5
Precision-Recall,0.7703777335984096,0.7229477611940298,0.3222034967020625,test,logistic_regression,lr-oulad-academic-fail-c105-s42-v5
Precision-Recall,0.7693836978131213,0.7226890756302521,0.32247699862948914,test,logistic_regression,lr-oulad-academic-fail-c105-s42-v5
Precision-Recall,0.7693836978131213,0.7233644859813084,0.3234831303318788,test,logistic_regression,lr-oulad-academic-fail-c105-s42-v5
Precision-Recall,0.768389662027833,0.7231057062675398,0.3241237537949138,test,logistic_regression,lr-oulad-academic-fail-c105-s42-v5
Precision-Recall,0.7673956262425448,0.7228464419475655,0.3242854098126894,test,logistic_regression,lr-oulad-academic-fail-c105-s42-v5
Precision-Recall,0.7664015904572564,0.7225866916588566,0.3244577825332854,test,logistic_regression,lr-oulad-academic-fail-c105-s42-v5
Precision-Recall,0.7654075546719682,0.7223264540337712,0.32502608273480743,test,logistic_regression,lr-oulad-academic-fail-c105-s42-v5
Precision-Recall,0.76441351888668,0.7220657276995305,0.3251077550053494,test,logistic_regression,lr-oulad-academic-fail-c105-s42-v5
Precision-Recall,0.76441351888668,0.7227443609022557,0.3252899953340956,test,logistic_regression,lr-oulad-academic-fail-c105-s42-v5
Precision-Recall,0.76441351888668,0.7234242709313264,0.32549068073326426,test,logistic_regression,lr-oulad-academic-fail-c105-s42-v5
Precision-Recall,0.76441351888668,0.724105461393597,0.325567218376723,test,logistic_regression,lr-oulad-academic-fail-c105-s42-v5
Precision-Recall,0.76441351888668,0.7247879359095193,0.32624729841255884,test,logistic_regression,lr-oulad-academic-fail-c105-s42-v5
Precision-Recall,0.7634194831013916,0.7245283018867924,0.32632645479407674,test,logistic_regression,lr-oulad-academic-fail-c105-s42-v5
Precision-Recall,0.7624254473161034,0.724268177525968,0.32655139197361444,test,logistic_regression,lr-oulad-academic-fail-c105-s42-v5
Precision-Recall,0.7614314115308151,0.724007561436673,0.32659556944989243,test,logistic_regression,lr-oulad-academic-fail-c105-s42-v5
Precision-Recall,0.7614314115308151,0.7246925260170294,0.32791148201588904,test,logistic_regression,lr-oulad-academic-fail-c105-s42-v5
Precision-Recall,0.7604373757455268,0.7244318181818182,0.32882863611562263,test,logistic_regression,lr-oulad-academic-fail-c105-s42-v5
Precision-Recall,0.7604373757455268,0.7251184834123223,0.3288506237968726,test,logistic_regression,lr-oulad-academic-fail-c105-s42-v5
Precision-Recall,0.7594433399602386,0.7248576850094877,0.3293618517111372,test,logistic_regression,lr-oulad-academic-fail-c105-s42-v5
Precision-Recall,0.7584493041749503,0.724596391263058,0.32955289315447445,test,logistic_regression,lr-oulad-academic-fail-c105-s42-v5
Precision-Recall,0.7584493041749503,0.7252851711026616,0.3300074346191314,test,logistic_regression,lr-oulad-academic-fail-c105-s42-v5
Precision-Recall,0.7584493041749503,0.7259752616555661,0.33066709894439816,test,logistic_regression,lr-oulad-academic-fail-c105-s42-v5
Precision-Recall,0.757455268389662,0.7257142857142858,0.33076277192139025,test,logistic_regression,lr-oulad-academic-fail-c105-s42-v5
Precision-Recall,0.757455268389662,0.7264061010486177,0.3311560844362838,test,logistic_regression,lr-oulad-academic-fail-c105-s42-v5
Precision-Recall,0.757455268389662,0.7270992366412213,0.33233195614852057,test,logistic_regression,lr-oulad-academic-fail-c105-s42-v5
Precision-Recall,0.757455268389662,0.7277936962750716,0.3324213122169325,test,logistic_regression,lr-oulad-academic-fail-c105-s42-v5
Precision-Recall,0.757455268389662,0.7284894837476099,0.33259786660059587,test,logistic_regression,lr-oulad-academic-fail-c105-s42-v5
Precision-Recall,0.757455268389662,0.7291866028708134,0.3327471960603357,test,logistic_regression,lr-oulad-academic-fail-c105-s42-v5
Precision-Recall,0.757455268389662,0.7298850574712644,0.332925814808309,test,logistic_regression,lr-oulad-academic-fail-c105-s42-v5
Precision-Recall,0.757455268389662,0.7305848513902206,0.33338135746101405,test,logistic_regression,lr-oulad-academic-fail-c105-s42-v5
Precision-Recall,0.7564612326043738,0.7303262955854126,0.3333910871908701,test,logistic_regression,lr-oulad-academic-fail-c105-s42-v5
Precision-Recall,0.7564612326043738,0.7310278578290106,0.3339928617480113,test,logistic_regression,lr-oulad-academic-fail-c105-s42-v5
Precision-Recall,0.7564612326043738,0.7317307692307692,0.334166601708495,test,logistic_regression,lr-oulad-academic-fail-c105-s42-v5
Precision-Recall,0.7554671968190855,0.7314725697786333,0.33431320869964376,test,logistic_regression,lr-oulad-academic-fail-c105-s42-v5
Precision-Recall,0.7554671968190855,0.7321772639691715,0.3344891641125551,test,logistic_regression,lr-oulad-academic-fail-c105-s42-v5
Precision-Recall,0.7554671968190855,0.7328833172613307,0.33578996879361206,test,logistic_regression,lr-oulad-academic-fail-c105-s42-v5
Precision-Recall,0.7554671968190855,0.7335907335907336,0.33604694515820066,test,logistic_regression,lr-oulad-academic-fail-c105-s42-v5
Precision-Recall,0.7554671968190855,0.7342995169082126,0.33606113577492963,test,logistic_regression,lr-oulad-academic-fail-c105-s42-v5
Precision-Recall,0.7554671968190855,0.7350096711798839,0.3376299157565673,test,logistic_regression,lr-oulad-academic-fail-c105-s42-v5
Precision-Recall,0.7554671968190855,0.7357212003872217,0.3376305495702684,test,logistic_regression,lr-oulad-academic-fail-c105-s42-v5
Precision-Recall,0.7554671968190855,0.7364341085271318,0.33825578727969374,test,logistic_regression,lr-oulad-academic-fail-c105-s42-v5
Precision-Recall,0.7554671968190855,0.7371483996120272,0.3384331476615139,test,logistic_regression,lr-oulad-academic-fail-c105-s42-v5
Precision-Recall,0.7554671968190855,0.7378640776699029,0.338444273134947,test,logistic_regression,lr-oulad-academic-fail-c105-s42-v5
Precision-Recall,0.7554671968190855,0.738581146744412,0.33866670746868843,test,logistic_regression,lr-oulad-academic-fail-c105-s42-v5
Precision-Recall,0.7554671968190855,0.7392996108949417,0.3399634729214646,test,logistic_regression,lr-oulad-academic-fail-c105-s42-v5
Precision-Recall,0.7554671968190855,0.7400194741966893,0.3404624045430716,test,logistic_regression,lr-oulad-academic-fail-c105-s42-v5
Precision-Recall,0.7554671968190855,0.7407407407407407,0.3409752942005326,test,logistic_regression,lr-oulad-academic-fail-c105-s42-v5
Precision-Recall,0.7554671968190855,0.7414634146341463,0.34158053278610717,test,logistic_regression,lr-oulad-academic-fail-c105-s42-v5
Precision-Recall,0.7554671968190855,0.7421875,0.34170326541956986,test,logistic_regression,lr-oulad-academic-fail-c105-s42-v5
Precision-Recall,0.7554671968190855,0.7429130009775171,0.34175105682829926,test,logistic_regression,lr-oulad-academic-fail-c105-s42-v5
Precision-Recall,0.7554671968190855,0.7436399217221135,0.34194303648852525,test,logistic_regression,lr-oulad-academic-fail-c105-s42-v5
Precision-Recall,0.7544731610337972,0.7433888344760039,0.34282954876041183,test,logistic_regression,lr-oulad-academic-fail-c105-s42-v5
Precision-Recall,0.7544731610337972,0.7441176470588236,0.34303335549091024,test,logistic_regression,lr-oulad-academic-fail-c105-s42-v5
Precision-Recall,0.7534791252485089,0.7438665358194309,0.34400996735377176,test,logistic_regression,lr-oulad-academic-fail-c105-s42-v5
Precision-Recall,0.7534791252485089,0.7445972495088409,0.3457355338071965,test,logistic_regression,lr-oulad-academic-fail-c105-s42-v5
Precision-Recall,0.7534791252485089,0.7453294001966568,0.34762231542095423,test,logistic_regression,lr-oulad-academic-fail-c105-s42-v5
Precision-Recall,0.7534791252485089,0.7460629921259843,0.34785120151799404,test,logistic_regression,lr-oulad-academic-fail-c105-s42-v5
Precision-Recall,0.7534791252485089,0.7467980295566502,0.34795396831995556,test,logistic_regression,lr-oulad-academic-fail-c105-s42-v5
Precision-Recall,0.7534791252485089,0.747534516765286,0.34801507571355883,test,logistic_regression,lr-oulad-academic-fail-c105-s42-v5
Precision-Recall,0.7534791252485089,0.7482724580454096,0.3482271498127897,test,logistic_regression,lr-oulad-academic-fail-c105-s42-v5
Precision-Recall,0.7534791252485089,0.7490118577075099,0.34834677137794695,test,logistic_regression,lr-oulad-academic-fail-c105-s42-v5
Precision-Recall,0.7534791252485089,0.7497527200791295,0.3490825556450656,test,logistic_regression,lr-oulad-academic-fail-c105-s42-v5
Precision-Recall,0.7534791252485089,0.7504950495049505,0.3493915526641766,test,logistic_regression,lr-oulad-academic-fail-c105-s42-v5
Precision-Recall,0.7524850894632207,0.7502477700693756,0.34969661188007767,test,logistic_regression,lr-oulad-academic-fail-c105-s42-v5
Precision-Recall,0.7524850894632207,0.7509920634920635,0.3503535285745115,test,logistic_regression,lr-oulad-academic-fail-c105-s42-v5
Precision-Recall,0.7524850894632207,0.7517378351539226,0.350913079999793,test,logistic_regression,lr-oulad-academic-fail-c105-s42-v5
Precision-Recall,0.7524850894632207,0.7524850894632207,0.3510312114650953,test,logistic_regression,lr-oulad-academic-fail-c105-s42-v5
Precision-Recall,0.7524850894632207,0.7532338308457711,0.35311309589414136,test,logistic_regression,lr-oulad-academic-fail-c105-s42-v5
Precision-Recall,0.7514910536779325,0.7529880478087649,0.3534683104365091,test,logistic_regression,lr-oulad-academic-fail-c105-s42-v5
Precision-Recall,0.7514910536779325,0.7537387836490529,0.3535102667409076,test,logistic_regression,lr-oulad-academic-fail-c105-s42-v5
Precision-Recall,0.7514910536779325,0.7544910179640718,0.35380867998177573,test,logistic_regression,lr-oulad-academic-fail-c105-s42-v5
Precision-Recall,0.7514910536779325,0.7552447552447552,0.35384797585758426,test,logistic_regression,lr-oulad-academic-fail-c105-s42-v5
Precision-Recall,0.7514910536779325,0.756,0.3552432658384689,test,logistic_regression,lr-oulad-academic-fail-c105-s42-v5
Precision-Recall,0.7504970178926441,0.7557557557557557,0.3553294829045284,test,logistic_regression,lr-oulad-academic-fail-c105-s42-v5
Precision-Recall,0.7504970178926441,0.7565130260521042,0.35591568103103044,test,logistic_regression,lr-oulad-academic-fail-c105-s42-v5
Precision-Recall,0.7504970178926441,0.757271815446339,0.3564961692224336,test,logistic_regression,lr-oulad-academic-fail-c105-s42-v5
Precision-Recall,0.7495029821073559,0.7570281124497992,0.35754341665434936,test,logistic_regression,lr-oulad-academic-fail-c105-s42-v5
Precision-Recall,0.7495029821073559,0.7577889447236181,0.35773531870112335,test,logistic_regression,lr-oulad-academic-fail-c105-s42-v5
Precision-Recall,0.7495029821073559,0.7585513078470825,0.35796484890827107,test,logistic_regression,lr-oulad-academic-fail-c105-s42-v5
Precision-Recall,0.7495029821073559,0.7593152064451159,0.35826482788922437,test,logistic_regression,lr-oulad-academic-fail-c105-s42-v5
Precision-Recall,0.7495029821073559,0.7600806451612904,0.35875593854263,test,logistic_regression,lr-oulad-academic-fail-c105-s42-v5
Precision-Recall,0.7495029821073559,0.7608476286579213,0.3599059077235447,test,logistic_regression,lr-oulad-academic-fail-c105-s42-v5
Precision-Recall,0.7485089463220675,0.7606060606060606,0.3601990314427553,test,logistic_regression,lr-oulad-academic-fail-c105-s42-v5
Precision-Recall,0.7485089463220675,0.7613751263902933,0.36110022490971944,test,logistic_regression,lr-oulad-academic-fail-c105-s42-v5
Precision-Recall,0.7485089463220675,0.7621457489878543,0.3611930791157909,test,logistic_regression,lr-oulad-academic-fail-c105-s42-v5
Precision-Recall,0.7485089463220675,0.7629179331306991,0.36124964993364383,test,logistic_regression,lr-oulad-academic-fail-c105-s42-v5
Precision-Recall,0.7485089463220675,0.7636916835699797,0.36153553174225717,test,logistic_regression,lr-oulad-academic-fail-c105-s42-v5
Precision-Recall,0.7475149105367793,0.7634517766497462,0.361744921717173,test,logistic_regression,lr-oulad-academic-fail-c105-s42-v5
Precision-Recall,0.7465208747514911,0.7632113821138211,0.3630174617071969,test,logistic_regression,lr-oulad-academic-fail-c105-s42-v5
Precision-Recall,0.7455268389662028,0.762970498474059,0.36307965646250323,test,logistic_regression,lr-oulad-academic-fail-c105-s42-v5
Precision-Recall,0.7445328031809145,0.7627291242362525,0.3649385219429267,test,logistic_regression,lr-oulad-academic-fail-c105-s42-v5
Precision-Recall,0.7445328031809145,0.763506625891947,0.3675277460142171,test,logistic_regression,lr-oulad-academic-fail-c105-s42-v5
Precision-Recall,0.7445328031809145,0.7642857142857142,0.3675623322028985,test,logistic_regression,lr-oulad-academic-fail-c105-s42-v5
Precision-Recall,0.7445328031809145,0.7650663942798774,0.3676510762018935,test,logistic_regression,lr-oulad-academic-fail-c105-s42-v5
Precision-Recall,0.7435387673956262,0.7648261758691206,0.3686512685685573,test,logistic_regression,lr-oulad-academic-fail-c105-s42-v5
Precision-Recall,0.742544731610338,0.7645854657113613,0.3693455479539909,test,logistic_regression,lr-oulad-academic-fail-c105-s42-v5
Precision-Recall,0.7415506958250497,0.764344262295082,0.3699024768101004,test,logistic_regression,lr-oulad-academic-fail-c105-s42-v5
Precision-Recall,0.7415506958250497,0.7651282051282051,0.3703335300309727,test,logistic_regression,lr-oulad-academic-fail-c105-s42-v5
Precision-Recall,0.7405566600397614,0.7648870636550308,0.3703632981430308,test,logistic_regression,lr-oulad-academic-fail-c105-s42-v5
Precision-Recall,0.7405566600397614,0.7656731757451182,0.37122231544696493,test,logistic_regression,lr-oulad-academic-fail-c105-s42-v5
Precision-Recall,0.7395626242544732,0.7654320987654321,0.37131910415576874,test,logistic_regression,lr-oulad-academic-fail-c105-s42-v5
Precision-Recall,0.7385685884691849,0.7651905252317199,0.37137914440137293,test,logistic_regression,lr-oulad-academic-fail-c105-s42-v5
Precision-Recall,0.7375745526838966,0.7649484536082474,0.3714531276965926,test,logistic_regression,lr-oulad-academic-fail-c105-s42-v5
Precision-Recall,0.7365805168986084,0.7647058823529411,0.37248276149719745,test,logistic_regression,lr-oulad-academic-fail-c105-s42-v5
Precision-Recall,0.73558648111332,0.7644628099173554,0.37302365129941306,test,logistic_regression,lr-oulad-academic-fail-c105-s42-v5
Precision-Recall,0.7345924453280318,0.7642192347466391,0.37408129702838455,test,logistic_regression,lr-oulad-academic-fail-c105-s42-v5
Precision-Recall,0.7345924453280318,0.7650103519668737,0.3745750407827373,test,logistic_regression,lr-oulad-academic-fail-c105-s42-v5
Precision-Recall,0.7345924453280318,0.7658031088082902,0.37497442130552117,test,logistic_regression,lr-oulad-academic-fail-c105-s42-v5
Precision-Recall,0.7335984095427436,0.7655601659751037,0.37554967347521584,test,logistic_regression,lr-oulad-academic-fail-c105-s42-v5
Precision-Recall,0.7326043737574552,0.7653167185877466,0.37590360181339,test,logistic_regression,lr-oulad-academic-fail-c105-s42-v5
Precision-Recall,0.7326043737574552,0.7661122661122661,0.3766840155637631,test,logistic_regression,lr-oulad-academic-fail-c105-s42-v5
Precision-Recall,0.731610337972167,0.7658688865764828,0.37720572945217423,test,logistic_regression,lr-oulad-academic-fail-c105-s42-v5
Precision-Recall,0.7306163021868787,0.765625,0.378394728499064,test,logistic_regression,lr-oulad-academic-fail-c105-s42-v5
Precision-Recall,0.7306163021868787,0.7664233576642335,0.3788582691841916,test,logistic_regression,lr-oulad-academic-fail-c105-s42-v5
Precision-Recall,0.7296222664015904,0.7661795407098121,0.38011327947186346,test,logistic_regression,lr-oulad-academic-fail-c105-s42-v5
Precision-Recall,0.7296222664015904,0.7669801462904912,0.38042336927693304,test,logistic_regression,lr-oulad-academic-fail-c105-s42-v5
Precision-Recall,0.7286282306163022,0.7667364016736402,0.38102219991555336,test,logistic_regression,lr-oulad-academic-fail-c105-s42-v5
Precision-Recall,0.7286282306163022,0.7675392670157068,0.38184144323967156,test,logistic_regression,lr-oulad-academic-fail-c105-s42-v5
Precision-Recall,0.7286282306163022,0.7683438155136268,0.38187824538828746,test,logistic_regression,lr-oulad-academic-fail-c105-s42-v5
Precision-Recall,0.7276341948310139,0.7681007345225603,0.3827683246799107,test,logistic_regression,lr-oulad-academic-fail-c105-s42-v5
Precision-Recall,0.7276341948310139,0.7689075630252101,0.38280581660505125,test,logistic_regression,lr-oulad-academic-fail-c105-s42-v5
Precision-Recall,0.7266401590457257,0.768664563617245,0.38352538044278306,test,logistic_regression,lr-oulad-academic-fail-c105-s42-v5
Precision-Recall,0.7266401590457257,0.7694736842105263,0.38364944877300405,test,logistic_regression,lr-oulad-academic-fail-c105-s42-v5
Precision-Recall,0.7256461232604374,0.7692307692307693,0.38440587100518275,test,logistic_regression,lr-oulad-academic-fail-c105-s42-v5
Precision-Recall,0.7246520874751491,0.7689873417721519,0.3859088728456731,test,logistic_regression,lr-oulad-academic-fail-c105-s42-v5
Precision-Recall,0.7246520874751491,0.7697993664202746,0.38612463830127763,test,logistic_regression,lr-oulad-academic-fail-c105-s42-v5
Precision-Recall,0.7236580516898609,0.7695560253699789,0.3863567709411306,test,logistic_regression,lr-oulad-academic-fail-c105-s42-v5
Precision-Recall,0.7236580516898609,0.7703703703703704,0.3885025251548567,test,logistic_regression,lr-oulad-academic-fail-c105-s42-v5
Precision-Recall,0.7236580516898609,0.7711864406779662,0.38867025657868615,test,logistic_regression,lr-oulad-academic-fail-c105-s42-v5
Precision-Recall,0.7236580516898609,0.7720042417815483,0.38935670958267066,test,logistic_regression,lr-oulad-academic-fail-c105-s42-v5
Precision-Recall,0.7236580516898609,0.772823779193206,0.3893602551170514,test,logistic_regression,lr-oulad-academic-fail-c105-s42-v5
Precision-Recall,0.7226640159045725,0.7725823591923485,0.3894221272359259,test,logistic_regression,lr-oulad-academic-fail-c105-s42-v5
Precision-Recall,0.7226640159045725,0.7734042553191489,0.3897349860275886,test,logistic_regression,lr-oulad-academic-fail-c105-s42-v5
Precision-Recall,0.7226640159045725,0.7742279020234292,0.38992386579988386,test,logistic_regression,lr-oulad-academic-fail-c105-s42-v5
Precision-Recall,0.7226640159045725,0.7750533049040512,0.3902402254901559,test,logistic_regression,lr-oulad-academic-fail-c105-s42-v5
Precision-Recall,0.7226640159045725,0.775880469583778,0.3908123366632996,test,logistic_regression,lr-oulad-academic-fail-c105-s42-v5
Precision-Recall,0.7216699801192843,0.7756410256410257,0.3911386526238449,test,logistic_regression,lr-oulad-academic-fail-c105-s42-v5
Precision-Recall,0.7216699801192843,0.7764705882352941,0.3913230556173974,test,logistic_regression,lr-oulad-academic-fail-c105-s42-v5
Precision-Recall,0.7216699801192843,0.7773019271948608,0.3918458041736451,test,logistic_regression,lr-oulad-academic-fail-c105-s42-v5
Precision-Recall,0.7216699801192843,0.7781350482315113,0.39199382001432614,test,logistic_regression,lr-oulad-academic-fail-c105-s42-v5
Precision-Recall,0.7216699801192843,0.778969957081545,0.39336734231008924,test,logistic_regression,lr-oulad-academic-fail-c105-s42-v5
Precision-Recall,0.7206759443339961,0.7787325456498388,0.3935159593332323,test,logistic_regression,lr-oulad-academic-fail-c105-s42-v5
Precision-Recall,0.7196819085487077,0.7784946236559139,0.3936830470491927,test,logistic_regression,lr-oulad-academic-fail-c105-s42-v5
Precision-Recall,0.7186878727634195,0.7782561894510226,0.3943451098692559,test,logistic_regression,lr-oulad-academic-fail-c105-s42-v5
Precision-Recall,0.7176938369781312,0.7780172413793104,0.39435273625393064,test,logistic_regression,lr-oulad-academic-fail-c105-s42-v5
Precision-Recall,0.7166998011928429,0.7777777777777778,0.39523127010724385,test,logistic_regression,lr-oulad-academic-fail-c105-s42-v5
Precision-Recall,0.7166998011928429,0.7786177105831533,0.3959697016418464,test,logistic_regression,lr-oulad-academic-fail-c105-s42-v5
Precision-Recall,0.7157057654075547,0.7783783783783784,0.3959991352040123,test,logistic_regression,lr-oulad-academic-fail-c105-s42-v5
Precision-Recall,0.7147117296222664,0.7781385281385281,0.39690418668886046,test,logistic_regression,lr-oulad-academic-fail-c105-s42-v5
Precision-Recall,0.7147117296222664,0.7789815817984832,0.3972033816792558,test,logistic_regression,lr-oulad-academic-fail-c105-s42-v5
Precision-Recall,0.7137176938369781,0.7787418655097614,0.3979909483453738,test,logistic_regression,lr-oulad-academic-fail-c105-s42-v5
Precision-Recall,0.7137176938369781,0.7795874049945711,0.398550454567979,test,logistic_regression,lr-oulad-academic-fail-c105-s42-v5
Precision-Recall,0.7137176938369781,0.7804347826086957,0.39876086470128597,test,logistic_regression,lr-oulad-academic-fail-c105-s42-v5
Precision-Recall,0.7137176938369781,0.7812840043525572,0.3995351907211991,test,logistic_regression,lr-oulad-academic-fail-c105-s42-v5
Precision-Recall,0.7127236580516899,0.7810457516339869,0.39992460836262705,test,logistic_regression,lr-oulad-academic-fail-c105-s42-v5
Precision-Recall,0.7117296222664016,0.7808069792802618,0.40046947348478246,test,logistic_regression,lr-oulad-academic-fail-c105-s42-v5
Precision-Recall,0.7117296222664016,0.7816593886462883,0.40178671819425754,test,logistic_regression,lr-oulad-academic-fail-c105-s42-v5
Precision-Recall,0.7117296222664016,0.7825136612021858,0.4018612547389678,test,logistic_regression,lr-oulad-academic-fail-c105-s42-v5
Precision-Recall,0.7107355864811133,0.7822757111597374,0.4025157449983164,test,logistic_regression,lr-oulad-academic-fail-c105-s42-v5
Precision-Recall,0.7107355864811133,0.7831325301204819,0.4030346253309605,test,logistic_regression,lr-oulad-academic-fail-c105-s42-v5
Precision-Recall,0.709741550695825,0.7828947368421053,0.40499870941221644,test,logistic_regression,lr-oulad-academic-fail-c105-s42-v5
Precision-Recall,0.709741550695825,0.7837541163556532,0.4058853062413685,test,logistic_regression,lr-oulad-academic-fail-c105-s42-v5
Precision-Recall,0.7087475149105368,0.7835164835164835,0.40636723885662424,test,logistic_regression,lr-oulad-academic-fail-c105-s42-v5
Precision-Recall,0.7077534791252486,0.7832783278327833,0.40671348042075794,test,logistic_regression,lr-oulad-academic-fail-c105-s42-v5
Precision-Recall,0.7067594433399602,0.7830396475770925,0.406716263991218,test,logistic_regression,lr-oulad-academic-fail-c105-s42-v5
Precision-Recall,0.7067594433399602,0.7839029768467475,0.40675638095176037,test,logistic_regression,lr-oulad-academic-fail-c105-s42-v5
Precision-Recall,0.705765407554672,0.7836644591611479,0.40677164681959305,test,logistic_regression,lr-oulad-academic-fail-c105-s42-v5
Precision-Recall,0.7047713717693836,0.7834254143646409,0.40805674870636466,test,logistic_regression,lr-oulad-academic-fail-c105-s42-v5
Precision-Recall,0.7047713717693836,0.7842920353982301,0.40915861057643643,test,logistic_regression,lr-oulad-academic-fail-c105-s42-v5
Precision-Recall,0.7037773359840954,0.7840531561461794,0.4094532210005204,test,logistic_regression,lr-oulad-academic-fail-c105-s42-v5
Precision-Recall,0.7037773359840954,0.7849223946784922,0.4095910581858091,test,logistic_regression,lr-oulad-academic-fail-c105-s42-v5
Precision-Recall,0.7027833001988072,0.7846836847946725,0.40979125407999784,test,logistic_regression,lr-oulad-academic-fail-c105-s42-v5
Precision-Recall,0.7017892644135189,0.7844444444444445,0.41013597999467943,test,logistic_regression,lr-oulad-academic-fail-c105-s42-v5
Precision-Recall,0.7007952286282306,0.7842046718576196,0.4115296747158601,test,logistic_regression,lr-oulad-academic-fail-c105-s42-v5
Precision-Recall,0.6998011928429424,0.7839643652561247,0.4118681444353427,test,logistic_regression,lr-oulad-academic-fail-c105-s42-v5
Precision-Recall,0.6988071570576541,0.7837235228539576,0.41193953584915866,test,logistic_regression,lr-oulad-academic-fail-c105-s42-v5
Precision-Recall,0.6978131212723658,0.7834821428571429,0.41196699590088276,test,logistic_regression,lr-oulad-academic-fail-c105-s42-v5
Precision-Recall,0.6968190854870775,0.7832402234636872,0.4131516748970511,test,logistic_regression,lr-oulad-academic-fail-c105-s42-v5
Precision-Recall,0.6958250497017893,0.7829977628635347,0.4144113943162185,test,logistic_regression,lr-oulad-academic-fail-c105-s42-v5
Precision-Recall,0.6958250497017893,0.7838745800671892,0.41524582424489026,test,logistic_regression,lr-oulad-academic-fail-c105-s42-v5
Precision-Recall,0.6958250497017893,0.7847533632286996,0.41605069996229843,test,logistic_regression,lr-oulad-academic-fail-c105-s42-v5
Precision-Recall,0.6958250497017893,0.7856341189674523,0.41779509147567123,test,logistic_regression,lr-oulad-academic-fail-c105-s42-v5
Precision-Recall,0.6958250497017893,0.7865168539325843,0.4192465800522706,test,logistic_regression,lr-oulad-academic-fail-c105-s42-v5
Precision-Recall,0.694831013916501,0.7862767154105736,0.4202161457710833,test,logistic_regression,lr-oulad-academic-fail-c105-s42-v5
Precision-Recall,0.6938369781312127,0.786036036036036,0.4203353397285941,test,logistic_regression,lr-oulad-academic-fail-c105-s42-v5
Precision-Recall,0.6938369781312127,0.7869222096956031,0.4206734002838344,test,logistic_regression,lr-oulad-academic-fail-c105-s42-v5
Precision-Recall,0.6928429423459245,0.7866817155756207,0.4208818404400708,test,logistic_regression,lr-oulad-academic-fail-c105-s42-v5
Precision-Recall,0.6918489065606361,0.7864406779661017,0.42107144767622595,test,logistic_regression,lr-oulad-academic-fail-c105-s42-v5
Precision-Recall,0.6908548707753479,0.7861990950226244,0.4221887551938157,test,logistic_regression,lr-oulad-academic-fail-c105-s42-v5
Precision-Recall,0.6898608349900597,0.7859569648924122,0.42360985165726506,test,logistic_regression,lr-oulad-academic-fail-c105-s42-v5
Precision-Recall,0.6888667992047713,0.7857142857142857,0.42434069341075176,test,logistic_regression,lr-oulad-academic-fail-c105-s42-v5
Precision-Recall,0.6888667992047713,0.7866061293984109,0.4244835538111634,test,logistic_regression,lr-oulad-academic-fail-c105-s42-v5
Precision-Recall,0.6888667992047713,0.7875,0.4245567223430064,test,logistic_regression,lr-oulad-academic-fail-c105-s42-v5
Precision-Recall,0.6888667992047713,0.78839590443686,0.42570523916748326,test,logistic_regression,lr-oulad-academic-fail-c105-s42-v5
Precision-Recall,0.6888667992047713,0.7892938496583144,0.426016144562771,test,logistic_regression,lr-oulad-academic-fail-c105-s42-v5
Precision-Recall,0.6878727634194831,0.7890535917901939,0.4265954217850402,test,logistic_regression,lr-oulad-academic-fail-c105-s42-v5
Precision-Recall,0.6868787276341949,0.7888127853881278,0.4267208707601723,test,logistic_regression,lr-oulad-academic-fail-c105-s42-v5
Precision-Recall,0.6858846918489065,0.7885714285714286,0.42717006274546626,test,logistic_regression,lr-oulad-academic-fail-c105-s42-v5
Precision-Recall,0.6848906560636183,0.7883295194508009,0.42720928093086674,test,logistic_regression,lr-oulad-academic-fail-c105-s42-v5
Precision-Recall,0.6848906560636183,0.7892325315005727,0.4272930397617647,test,logistic_regression,lr-oulad-academic-fail-c105-s42-v5
Precision-Recall,0.68389662027833,0.7889908256880734,0.42732620705960495,test,logistic_regression,lr-oulad-academic-fail-c105-s42-v5
Precision-Recall,0.6829025844930418,0.7887485648679678,0.4289564453467622,test,logistic_regression,lr-oulad-academic-fail-c105-s42-v5
Precision-Recall,0.6829025844930418,0.7896551724137931,0.42979076382294873,test,logistic_regression,lr-oulad-academic-fail-c105-s42-v5
Precision-Recall,0.6829025844930418,0.7905638665132336,0.4300039721127365,test,logistic_regression,lr-oulad-academic-fail-c105-s42-v5
Precision-Recall,0.6819085487077535,0.7903225806451613,0.43241004116115556,test,logistic_regression,lr-oulad-academic-fail-c105-s42-v5
Precision-Recall,0.6809145129224652,0.790080738177624,0.4324197911968726,test,logistic_regression,lr-oulad-academic-fail-c105-s42-v5
Precision-Recall,0.6809145129224652,0.7909930715935335,0.4324517094215631,test,logistic_regression,lr-oulad-academic-fail-c105-s42-v5
Precision-Recall,0.679920477137177,0.7907514450867053,0.4325998807346178,test,logistic_regression,lr-oulad-academic-fail-c105-s42-v5
Precision-Recall,0.679920477137177,0.7916666666666666,0.43293351013141407,test,logistic_regression,lr-oulad-academic-fail-c105-s42-v5
Precision-Recall,0.6789264413518886,0.7914252607184241,0.4341127347629417,test,logistic_regression,lr-oulad-academic-fail-c105-s42-v5
Precision-Recall,0.6789264413518886,0.7923433874709976,0.43463923269226207,test,logistic_regression,lr-oulad-academic-fail-c105-s42-v5
Precision-Recall,0.6789264413518886,0.7932636469221835,0.43471669550335795,test,logistic_regression,lr-oulad-academic-fail-c105-s42-v5
Precision-Recall,0.6779324055666004,0.7930232558139535,0.43489491920554474,test,logistic_regression,lr-oulad-academic-fail-c105-s42-v5
Precision-Recall,0.6779324055666004,0.7939464493597206,0.4359109643360293,test,logistic_regression,lr-oulad-academic-fail-c105-s42-v5
Precision-Recall,0.6769383697813122,0.7937062937062938,0.43648486178310864,test,logistic_regression,lr-oulad-academic-fail-c105-s42-v5
Precision-Recall,0.6769383697813122,0.79463243873979,0.4376323498680959,test,logistic_regression,lr-oulad-academic-fail-c105-s42-v5
Precision-Recall,0.6769383697813122,0.7955607476635514,0.43775703242693664,test,logistic_regression,lr-oulad-academic-fail-c105-s42-v5
Precision-Recall,0.6769383697813122,0.7964912280701755,0.43883829008626224,test,logistic_regression,lr-oulad-academic-fail-c105-s42-v5
Precision-Recall,0.6769383697813122,0.797423887587822,0.4388577483138681,test,logistic_regression,lr-oulad-academic-fail-c105-s42-v5
Precision-Recall,0.6769383697813122,0.798358733880422,0.44023291078976323,test,logistic_regression,lr-oulad-academic-fail-c105-s42-v5
Precision-Recall,0.6759443339960238,0.7981220657276995,0.4412128400438873,test,logistic_regression,lr-oulad-academic-fail-c105-s42-v5
Precision-Recall,0.6749502982107356,0.7978848413631022,0.44127248738215125,test,logistic_regression,lr-oulad-academic-fail-c105-s42-v5
Precision-Recall,0.6739562624254473,0.7976470588235294,0.44274969391185187,test,logistic_regression,lr-oulad-academic-fail-c105-s42-v5
Precision-Recall,0.6739562624254473,0.7985865724381626,0.44286345271059135,test,logistic_regression,lr-oulad-academic-fail-c105-s42-v5
Precision-Recall,0.6739562624254473,0.7995283018867925,0.44347672141786926,test,logistic_regression,lr-oulad-academic-fail-c105-s42-v5
Precision-Recall,0.6739562624254473,0.8004722550177096,0.44446661153265016,test,logistic_regression,lr-oulad-academic-fail-c105-s42-v5
Precision-Recall,0.6739562624254473,0.8014184397163121,0.4445784803419652,test,logistic_regression,lr-oulad-academic-fail-c105-s42-v5
Precision-Recall,0.672962226640159,0.8011834319526627,0.44478186241648154,test,logistic_regression,lr-oulad-academic-fail-c105-s42-v5
Precision-Recall,0.672962226640159,0.8021327014218009,0.44582398095084025,test,logistic_regression,lr-oulad-academic-fail-c105-s42-v5
Precision-Recall,0.672962226640159,0.8030842230130486,0.4460227884731316,test,logistic_regression,lr-oulad-academic-fail-c105-s42-v5
Precision-Recall,0.6719681908548708,0.8028503562945368,0.44647695269422083,test,logistic_regression,lr-oulad-academic-fail-c105-s42-v5
Precision-Recall,0.6719681908548708,0.8038049940546967,0.44700063548459373,test,logistic_regression,lr-oulad-academic-fail-c105-s42-v5
Precision-Recall,0.6709741550695825,0.8035714285714286,0.44729136210375015,test,logistic_regression,lr-oulad-academic-fail-c105-s42-v5
Precision-Recall,0.6709741550695825,0.8045292014302742,0.44970675116571823,test,logistic_regression,lr-oulad-academic-fail-c105-s42-v5
Precision-Recall,0.6699801192842942,0.8042959427207638,0.45045540611626333,test,logistic_regression,lr-oulad-academic-fail-c105-s42-v5
Precision-Recall,0.668986083499006,0.8040621266427718,0.45120816955276405,test,logistic_regression,lr-oulad-academic-fail-c105-s42-v5
Precision-Recall,0.668986083499006,0.8050239234449761,0.45124094399447046,test,logistic_regression,lr-oulad-academic-fail-c105-s42-v5
Precision-Recall,0.668986083499006,0.8059880239520958,0.4522023749783155,test,logistic_regression,lr-oulad-academic-fail-c105-s42-v5
Precision-Recall,0.668986083499006,0.8069544364508393,0.45290417593034565,test,logistic_regression,lr-oulad-academic-fail-c105-s42-v5
Precision-Recall,0.668986083499006,0.8079231692677071,0.4535018119670865,test,logistic_regression,lr-oulad-academic-fail-c105-s42-v5
Precision-Recall,0.6679920477137177,0.8076923076923077,0.4547558681759182,test,logistic_regression,lr-oulad-academic-fail-c105-s42-v5
Precision-Recall,0.6679920477137177,0.8086642599277978,0.4553192532492621,test,logistic_regression,lr-oulad-academic-fail-c105-s42-v5
Precision-Recall,0.6679920477137177,0.8096385542168675,0.4559023235807868,test,logistic_regression,lr-oulad-academic-fail-c105-s42-v5
Precision-Recall,0.6679920477137177,0.8106151990349819,0.4565777592360087,test,logistic_regression,lr-oulad-academic-fail-c105-s42-v5
Precision-Recall,0.6669980119284294,0.8103864734299517,0.4571553754648411,test,logistic_regression,lr-oulad-academic-fail-c105-s42-v5
Precision-Recall,0.6660039761431411,0.8101571946795647,0.4581952818198354,test,logistic_regression,lr-oulad-academic-fail-c105-s42-v5
Precision-Recall,0.6650099403578529,0.8099273607748184,0.45859362491989386,test,logistic_regression,lr-oulad-academic-fail-c105-s42-v5
Precision-Recall,0.6650099403578529,0.8109090909090909,0.4590545622545551,test,logistic_regression,lr-oulad-academic-fail-c105-s42-v5
Precision-Recall,0.6650099403578529,0.8118932038834952,0.45925322534690405,test,logistic_regression,lr-oulad-academic-fail-c105-s42-v5
Precision-Recall,0.6640159045725647,0.8116646415552855,0.46010912754629757,test,logistic_regression,lr-oulad-academic-fail-c105-s42-v5
Precision-Recall,0.6640159045725647,0.8126520681265207,0.4603537207669074,test,logistic_regression,lr-oulad-academic-fail-c105-s42-v5
Precision-Recall,0.6630218687872763,0.8124238733252132,0.46187652467261175,test,logistic_regression,lr-oulad-academic-fail-c105-s42-v5
Precision-Recall,0.6620278330019881,0.8121951219512196,0.4625255723312759,test,logistic_regression,lr-oulad-academic-fail-c105-s42-v5
Precision-Recall,0.6620278330019881,0.8131868131868132,0.46283597472212057,test,logistic_regression,lr-oulad-academic-fail-c105-s42-v5
Precision-Recall,0.6620278330019881,0.8141809290953546,0.464479246591506,test,logistic_regression,lr-oulad-academic-fail-c105-s42-v5
Precision-Recall,0.6620278330019881,0.8151774785801713,0.46642476222258933,test,logistic_regression,lr-oulad-academic-fail-c105-s42-v5
Precision-Recall,0.6620278330019881,0.8161764705882353,0.466584210567525,test,logistic_regression,lr-oulad-academic-fail-c105-s42-v5
Precision-Recall,0.6620278330019881,0.8171779141104294,0.46722058832342966,test,logistic_regression,lr-oulad-academic-fail-c105-s42-v5
Precision-Recall,0.6620278330019881,0.8181818181818182,0.46767657615613845,test,logistic_regression,lr-oulad-academic-fail-c105-s42-v5
Precision-Recall,0.6620278330019881,0.8191881918819188,0.468110030716359,test,logistic_regression,lr-oulad-academic-fail-c105-s42-v5
Precision-Recall,0.6610337972166997,0.8189655172413793,0.46813351053707886,test,logistic_regression,lr-oulad-academic-fail-c105-s42-v5
Precision-Recall,0.6610337972166997,0.8199753390875463,0.4685999653261342,test,logistic_regression,lr-oulad-academic-fail-c105-s42-v5
Precision-Recall,0.6610337972166997,0.8209876543209876,0.468694816671817,test,logistic_regression,lr-oulad-academic-fail-c105-s42-v5
Precision-Recall,0.6600397614314115,0.8207663782447466,0.4689431775611912,test,logistic_regression,lr-oulad-academic-fail-c105-s42-v5
Precision-Recall,0.6590457256461233,0.8205445544554455,0.47033117873235375,test,logistic_regression,lr-oulad-academic-fail-c105-s42-v5
Precision-Recall,0.6590457256461233,0.8215613382899628,0.47200783050331935,test,logistic_regression,lr-oulad-academic-fail-c105-s42-v5
Precision-Recall,0.658051689860835,0.8213399503722084,0.47208565303483113,test,logistic_regression,lr-oulad-academic-fail-c105-s42-v5
Precision-Recall,0.6570576540755467,0.8211180124223603,0.4729963165190474,test,logistic_regression,lr-oulad-academic-fail-c105-s42-v5
Precision-Recall,0.6560636182902585,0.8208955223880597,0.4733008957291413,test,logistic_regression,lr-oulad-academic-fail-c105-s42-v5
Precision-Recall,0.6560636182902585,0.821917808219178,0.47343386565504053,test,logistic_regression,lr-oulad-academic-fail-c105-s42-v5
Precision-Recall,0.6550695825049702,0.8216957605985037,0.47369745812172065,test,logistic_regression,lr-oulad-academic-fail-c105-s42-v5
Precision-Recall,0.6550695825049702,0.8227215980024969,0.47441616475562837,test,logistic_regression,lr-oulad-academic-fail-c105-s42-v5
Precision-Recall,0.6540755467196819,0.8225,0.47458702916567985,test,logistic_regression,lr-oulad-academic-fail-c105-s42-v5
Precision-Recall,0.6540755467196819,0.8235294117647058,0.4746636293847998,test,logistic_regression,lr-oulad-academic-fail-c105-s42-v5
Precision-Recall,0.6530815109343936,0.8233082706766918,0.47566489983471566,test,logistic_regression,lr-oulad-academic-fail-c105-s42-v5
Precision-Recall,0.6530815109343936,0.8243412797992472,0.47695435065788916,test,logistic_regression,lr-oulad-academic-fail-c105-s42-v5
Precision-Recall,0.6530815109343936,0.8253768844221105,0.47727349324639073,test,logistic_regression,lr-oulad-academic-fail-c105-s42-v5
Precision-Recall,0.6520874751491054,0.8251572327044026,0.47921532535992334,test,logistic_regression,lr-oulad-academic-fail-c105-s42-v5
Precision-Recall,0.6510934393638171,0.8249370277078085,0.4792348181784316,test,logistic_regression,lr-oulad-academic-fail-c105-s42-v5
Precision-Recall,0.6500994035785288,0.8247162673392182,0.4796700439056056,test,logistic_regression,lr-oulad-academic-fail-c105-s42-v5
Precision-Recall,0.6500994035785288,0.8257575757575758,0.48040686110745134,test,logistic_regression,lr-oulad-academic-fail-c105-s42-v5
Precision-Recall,0.6491053677932406,0.8255372945638433,0.48055033222113686,test,logistic_regression,lr-oulad-academic-fail-c105-s42-v5
Precision-Recall,0.6481113320079522,0.8253164556962025,0.4811471223347645,test,logistic_regression,lr-oulad-academic-fail-c105-s42-v5
Precision-Recall,0.6481113320079522,0.826362484157161,0.48142523407681803,test,logistic_regression,lr-oulad-academic-fail-c105-s42-v5
Precision-Recall,0.647117296222664,0.8261421319796954,0.4816397368989458,test,logistic_regression,lr-oulad-academic-fail-c105-s42-v5
Precision-Recall,0.647117296222664,0.8271918678526048,0.4821644123151584,test,logistic_regression,lr-oulad-academic-fail-c105-s42-v5
Precision-Recall,0.6461232604373758,0.8269720101781171,0.482190497446649,test,logistic_regression,lr-oulad-academic-fail-c105-s42-v5
Precision-Recall,0.6451292246520874,0.8267515923566879,0.4824777029537593,test,logistic_regression,lr-oulad-academic-fail-c105-s42-v5
Precision-Recall,0.6441351888667992,0.826530612244898,0.48295863445155746,test,logistic_regression,lr-oulad-academic-fail-c105-s42-v5
Precision-Recall,0.6441351888667992,0.8275862068965517,0.483250612519052,test,logistic_regression,lr-oulad-academic-fail-c105-s42-v5
Precision-Recall,0.6441351888667992,0.8286445012787724,0.4833626423851406,test,logistic_regression,lr-oulad-academic-fail-c105-s42-v5
Precision-Recall,0.6441351888667992,0.8297055057618438,0.4837405648744578,test,logistic_regression,lr-oulad-academic-fail-c105-s42-v5
Precision-Recall,0.643141153081511,0.8294871794871795,0.48390049431443394,test,logistic_regression,lr-oulad-academic-fail-c105-s42-v5
Precision-Recall,0.6421471172962226,0.8292682926829268,0.486112095100444,test,logistic_regression,lr-oulad-academic-fail-c105-s42-v5
Precision-Recall,0.6411530815109344,0.8290488431876607,0.4876745418689186,test,logistic_regression,lr-oulad-academic-fail-c105-s42-v5
Precision-Recall,0.6401590457256461,0.8288288288288288,0.48776684676657206,test,logistic_regression,lr-oulad-academic-fail-c105-s42-v5
Precision-Recall,0.6401590457256461,0.8298969072164949,0.48901753927587566,test,logistic_regression,lr-oulad-academic-fail-c105-s42-v5
Precision-Recall,0.6401590457256461,0.8309677419354838,0.4903453418219999,test,logistic_regression,lr-oulad-academic-fail-c105-s42-v5
Precision-Recall,0.6401590457256461,0.8320413436692506,0.49210104838151425,test,logistic_regression,lr-oulad-academic-fail-c105-s42-v5
Precision-Recall,0.6401590457256461,0.833117723156533,0.49219401875869095,test,logistic_regression,lr-oulad-academic-fail-c105-s42-v5
Precision-Recall,0.6401590457256461,0.8341968911917098,0.4928700135572672,test,logistic_regression,lr-oulad-academic-fail-c105-s42-v5
Precision-Recall,0.6391650099403579,0.833981841763943,0.4938671431262705,test,logistic_regression,lr-oulad-academic-fail-c105-s42-v5
Precision-Recall,0.6381709741550696,0.8337662337662337,0.4940257737075755,test,logistic_regression,lr-oulad-academic-fail-c105-s42-v5
Precision-Recall,0.6371769383697813,0.8335500650195059,0.499031839800298,test,logistic_regression,lr-oulad-academic-fail-c105-s42-v5
Precision-Recall,0.6371769383697813,0.8346354166666666,0.49967819941721103,test,logistic_regression,lr-oulad-academic-fail-c105-s42-v5
Precision-Recall,0.6361829025844931,0.834419817470665,0.5003174544911957,test,logistic_regression,lr-oulad-academic-fail-c105-s42-v5
Precision-Recall,0.6351888667992047,0.8342036553524804,0.5004329779850093,test,logistic_regression,lr-oulad-academic-fail-c105-s42-v5
Precision-Recall,0.6351888667992047,0.8352941176470589,0.5009433708282276,test,logistic_regression,lr-oulad-academic-fail-c105-s42-v5
Precision-Recall,0.6351888667992047,0.8363874345549738,0.5009470742858398,test,logistic_regression,lr-oulad-academic-fail-c105-s42-v5
Precision-Recall,0.6351888667992047,0.8374836173001311,0.5017878229304051,test,logistic_regression,lr-oulad-academic-fail-c105-s42-v5
Precision-Recall,0.6341948310139165,0.8372703412073491,0.502206157928758,test,logistic_regression,lr-oulad-academic-fail-c105-s42-v5
Precision-Recall,0.6332007952286283,0.8370565045992115,0.5028192316735205,test,logistic_regression,lr-oulad-academic-fail-c105-s42-v5
Precision-Recall,0.6332007952286283,0.8381578947368421,0.5043809688710181,test,logistic_regression,lr-oulad-academic-fail-c105-s42-v5
Precision-Recall,0.6332007952286283,0.839262187088274,0.5055393243652975,test,logistic_regression,lr-oulad-academic-fail-c105-s42-v5
Precision-Recall,0.6332007952286283,0.8403693931398417,0.507113866951933,test,logistic_regression,lr-oulad-academic-fail-c105-s42-v5
Precision-Recall,0.6322067594433399,0.8401585204755614,0.5072197981350862,test,logistic_regression,lr-oulad-academic-fail-c105-s42-v5
Precision-Recall,0.6322067594433399,0.8412698412698413,0.5073191619805989,test,logistic_regression,lr-oulad-academic-fail-c105-s42-v5
Precision-Recall,0.6312127236580517,0.8410596026490066,0.5092316541726549,test,logistic_regression,lr-oulad-academic-fail-c105-s42-v5
Precision-Recall,0.6312127236580517,0.8421750663129973,0.5112016248383725,test,logistic_regression,lr-oulad-academic-fail-c105-s42-v5
Precision-Recall,0.6302186878727635,0.8419654714475432,0.5117224326940397,test,logistic_regression,lr-oulad-academic-fail-c105-s42-v5
Precision-Recall,0.6302186878727635,0.8430851063829787,0.5118807040658483,test,logistic_regression,lr-oulad-academic-fail-c105-s42-v5
Precision-Recall,0.6302186878727635,0.844207723035952,0.5125595478517969,test,logistic_regression,lr-oulad-academic-fail-c105-s42-v5
Precision-Recall,0.6292246520874751,0.844,0.5149795104487292,test,logistic_regression,lr-oulad-academic-fail-c105-s42-v5
Precision-Recall,0.6292246520874751,0.8451268357810414,0.518257378350279,test,logistic_regression,lr-oulad-academic-fail-c105-s42-v5
Precision-Recall,0.6292246520874751,0.8462566844919787,0.5186884377798138,test,logistic_regression,lr-oulad-academic-fail-c105-s42-v5
Precision-Recall,0.6292246520874751,0.8473895582329317,0.519221534140207,test,logistic_regression,lr-oulad-academic-fail-c105-s42-v5
Precision-Recall,0.6282306163021869,0.8471849865951743,0.5199059795442887,test,logistic_regression,lr-oulad-academic-fail-c105-s42-v5
Precision-Recall,0.6282306163021869,0.8483221476510067,0.5200108641902256,test,logistic_regression,lr-oulad-academic-fail-c105-s42-v5
Precision-Recall,0.6282306163021869,0.8494623655913979,0.5203280221842557,test,logistic_regression,lr-oulad-academic-fail-c105-s42-v5
Precision-Recall,0.6272365805168986,0.8492597577388964,0.5204894810577846,test,logistic_regression,lr-oulad-academic-fail-c105-s42-v5
Precision-Recall,0.6272365805168986,0.8504043126684636,0.5210556416167614,test,logistic_regression,lr-oulad-academic-fail-c105-s42-v5
Precision-Recall,0.6262425447316103,0.8502024291497976,0.5211176979857535,test,logistic_regression,lr-oulad-academic-fail-c105-s42-v5
Precision-Recall,0.6252485089463221,0.85,0.5223186916419919,test,logistic_regression,lr-oulad-academic-fail-c105-s42-v5
Precision-Recall,0.6242544731610338,0.8497970230040596,0.5247424041804466,test,logistic_regression,lr-oulad-academic-fail-c105-s42-v5
Precision-Recall,0.6232604373757455,0.8495934959349594,0.5259312321270577,test,logistic_regression,lr-oulad-academic-fail-c105-s42-v5
Precision-Recall,0.6232604373757455,0.8507462686567164,0.5260361868050171,test,logistic_regression,lr-oulad-academic-fail-c105-s42-v5
Precision-Recall,0.6222664015904572,0.8505434782608695,0.5270327291392898,test,logistic_regression,lr-oulad-academic-fail-c105-s42-v5
Precision-Recall,0.621272365805169,0.8503401360544217,0.5270756867653975,test,logistic_regression,lr-oulad-academic-fail-c105-s42-v5
Precision-Recall,0.621272365805169,0.8514986376021798,0.5281733264717217,test,logistic_regression,lr-oulad-academic-fail-c105-s42-v5
Precision-Recall,0.6202783300198808,0.8512960436562074,0.5301421186831308,test,logistic_regression,lr-oulad-academic-fail-c105-s42-v5
Precision-Recall,0.6192842942345924,0.8510928961748634,0.530620590886043,test,logistic_regression,lr-oulad-academic-fail-c105-s42-v5
Precision-Recall,0.6192842942345924,0.8522571819425444,0.5311602962399492,test,logistic_regression,lr-oulad-academic-fail-c105-s42-v5
Precision-Recall,0.6182902584493042,0.852054794520548,0.5312571241567604,test,logistic_regression,lr-oulad-academic-fail-c105-s42-v5
Precision-Recall,0.6182902584493042,0.8532235939643347,0.5316055376967552,test,logistic_regression,lr-oulad-academic-fail-c105-s42-v5
Precision-Recall,0.6182902584493042,0.8543956043956044,0.5318144976530028,test,logistic_regression,lr-oulad-academic-fail-c105-s42-v5
Precision-Recall,0.6182902584493042,0.8555708390646493,0.5319555486384744,test,logistic_regression,lr-oulad-academic-fail-c105-s42-v5
Precision-Recall,0.617296222664016,0.8553719008264463,0.5320135661560904,test,logistic_regression,lr-oulad-academic-fail-c105-s42-v5
Precision-Recall,0.617296222664016,0.856551724137931,0.5321362350164515,test,logistic_regression,lr-oulad-academic-fail-c105-s42-v5
Precision-Recall,0.617296222664016,0.8577348066298343,0.5341237041015526,test,logistic_regression,lr-oulad-academic-fail-c105-s42-v5
Precision-Recall,0.617296222664016,0.8589211618257261,0.5364817190402489,test,logistic_regression,lr-oulad-academic-fail-c105-s42-v5
Precision-Recall,0.617296222664016,0.8601108033240997,0.5367944064568398,test,logistic_regression,lr-oulad-academic-fail-c105-s42-v5
Precision-Recall,0.6163021868787276,0.8599167822468793,0.5397643134641028,test,logistic_regression,lr-oulad-academic-fail-c105-s42-v5
Precision-Recall,0.6163021868787276,0.8611111111111112,0.541673066889574,test,logistic_regression,lr-oulad-academic-fail-c105-s42-v5
Precision-Recall,0.6163021868787276,0.8623087621696801,0.541730352039046,test,logistic_regression,lr-oulad-academic-fail-c105-s42-v5
Precision-Recall,0.6163021868787276,0.8635097493036211,0.5418599657902564,test,logistic_regression,lr-oulad-academic-fail-c105-s42-v5
Precision-Recall,0.6153081510934394,0.8633193863319386,0.5427154560476549,test,logistic_regression,lr-oulad-academic-fail-c105-s42-v5
Precision-Recall,0.6153081510934394,0.8645251396648045,0.5430770661790222,test,logistic_regression,lr-oulad-academic-fail-c105-s42-v5
Precision-Recall,0.614314115308151,0.8643356643356643,0.5432655417583232,test,logistic_regression,lr-oulad-academic-fail-c105-s42-v5
Precision-Recall,0.6133200795228628,0.8641456582633054,0.5448940286878077,test,logistic_regression,lr-oulad-academic-fail-c105-s42-v5
Precision-Recall,0.6123260437375746,0.8639551192145862,0.5449785925122609,test,logistic_regression,lr-oulad-academic-fail-c105-s42-v5
Precision-Recall,0.6123260437375746,0.8651685393258427,0.5458535105295528,test,logistic_regression,lr-oulad-academic-fail-c105-s42-v5
Precision-Recall,0.6123260437375746,0.8663853727144867,0.5466160765930237,test,logistic_regression,lr-oulad-academic-fail-c105-s42-v5
Precision-Recall,0.6123260437375746,0.8676056338028169,0.5476668027357452,test,logistic_regression,lr-oulad-academic-fail-c105-s42-v5
Precision-Recall,0.6123260437375746,0.8688293370944993,0.5508176069841162,test,logistic_regression,lr-oulad-academic-fail-c105-s42-v5
Precision-Recall,0.6123260437375746,0.8700564971751412,0.5511281739374179,test,logistic_regression,lr-oulad-academic-fail-c105-s42-v5
Precision-Recall,0.6113320079522863,0.8698727015558698,0.5520290486861287,test,logistic_regression,lr-oulad-academic-fail-c105-s42-v5
Precision-Recall,0.6113320079522863,0.8711048158640227,0.5521205071534864,test,logistic_regression,lr-oulad-academic-fail-c105-s42-v5
Precision-Recall,0.6113320079522863,0.8723404255319149,0.5522564812006114,test,logistic_regression,lr-oulad-academic-fail-c105-s42-v5
Precision-Recall,0.6113320079522863,0.8735795454545454,0.5525576063203796,test,logistic_regression,lr-oulad-academic-fail-c105-s42-v5
Precision-Recall,0.610337972166998,0.8733997155049786,0.5552471482085356,test,logistic_regression,lr-oulad-academic-fail-c105-s42-v5
Precision-Recall,0.6093439363817097,0.8732193732193733,0.5556884316549882,test,logistic_regression,lr-oulad-academic-fail-c105-s42-v5
Precision-Recall,0.6083499005964215,0.8730385164051355,0.5558576875389076,test,logistic_regression,lr-oulad-academic-fail-c105-s42-v5
Precision-Recall,0.6073558648111332,0.8728571428571429,0.5571067722616833,test,logistic_regression,lr-oulad-academic-fail-c105-s42-v5
Precision-Recall,0.6063618290258449,0.8726752503576538,0.5587768371481513,test,logistic_regression,lr-oulad-academic-fail-c105-s42-v5
Precision-Recall,0.6053677932405567,0.8724928366762178,0.5588205831068555,test,logistic_regression,lr-oulad-academic-fail-c105-s42-v5
Precision-Recall,0.6043737574552683,0.8723098995695839,0.5620096343336832,test,logistic_regression,lr-oulad-academic-fail-c105-s42-v5
Precision-Recall,0.6033797216699801,0.8721264367816092,0.5621241300803567,test,logistic_regression,lr-oulad-academic-fail-c105-s42-v5
Precision-Recall,0.6023856858846919,0.8719424460431655,0.5628706635378652,test,logistic_regression,lr-oulad-academic-fail-c105-s42-v5
Precision-Recall,0.6023856858846919,0.8731988472622478,0.5644583776061329,test,logistic_regression,lr-oulad-academic-fail-c105-s42-v5
Precision-Recall,0.6023856858846919,0.8744588744588745,0.5649584240971607,test,logistic_regression,lr-oulad-academic-fail-c105-s42-v5
Precision-Recall,0.6013916500994035,0.8742774566473989,0.5649781830437952,test,logistic_regression,lr-oulad-academic-fail-c105-s42-v5
Precision-Recall,0.6013916500994035,0.8755426917510853,0.5650260150995483,test,logistic_regression,lr-oulad-academic-fail-c105-s42-v5
Precision-Recall,0.6013916500994035,0.8768115942028986,0.5658525995443018,test,logistic_regression,lr-oulad-academic-fail-c105-s42-v5
Precision-Recall,0.6003976143141153,0.8766328011611031,0.5661956843949788,test,logistic_regression,lr-oulad-academic-fail-c105-s42-v5
Precision-Recall,0.5994035785288271,0.876453488372093,0.5666424511266921,test,logistic_regression,lr-oulad-academic-fail-c105-s42-v5
Precision-Recall,0.5994035785288271,0.8777292576419214,0.5668061675478753,test,logistic_regression,lr-oulad-academic-fail-c105-s42-v5
Precision-Recall,0.5994035785288271,0.8790087463556852,0.5668205387266926,test,logistic_regression,lr-oulad-academic-fail-c105-s42-v5
Precision-Recall,0.5984095427435387,0.8788321167883212,0.5679053566859927,test,logistic_regression,lr-oulad-academic-fail-c105-s42-v5
Precision-Recall,0.5974155069582505,0.8786549707602339,0.5683634543493737,test,logistic_regression,lr-oulad-academic-fail-c105-s42-v5
Precision-Recall,0.5974155069582505,0.8799414348462665,0.5700837919660426,test,logistic_regression,lr-oulad-academic-fail-c105-s42-v5
Precision-Recall,0.5964214711729622,0.8797653958944281,0.5708114736623527,test,logistic_regression,lr-oulad-academic-fail-c105-s42-v5
Precision-Recall,0.5964214711729622,0.8810572687224669,0.5710066264739835,test,logistic_regression,lr-oulad-academic-fail-c105-s42-v5
Precision-Recall,0.5964214711729622,0.8823529411764706,0.5722449604396599,test,logistic_regression,lr-oulad-academic-fail-c105-s42-v5
Precision-Recall,0.595427435387674,0.882179675994109,0.5722676732233075,test,logistic_regression,lr-oulad-academic-fail-c105-s42-v5
Precision-Recall,0.5944333996023857,0.8820058997050148,0.573425376689891,test,logistic_regression,lr-oulad-academic-fail-c105-s42-v5
Precision-Recall,0.5934393638170974,0.8818316100443131,0.5766169680064611,test,logistic_regression,lr-oulad-academic-fail-c105-s42-v5
Precision-Recall,0.5924453280318092,0.8816568047337278,0.5772102010328787,test,logistic_regression,lr-oulad-academic-fail-c105-s42-v5
Precision-Recall,0.5924453280318092,0.882962962962963,0.5772304601304897,test,logistic_regression,lr-oulad-academic-fail-c105-s42-v5
Precision-Recall,0.5924453280318092,0.884272997032641,0.5773489189853563,test,logistic_regression,lr-oulad-academic-fail-c105-s42-v5
Precision-Recall,0.5914512922465208,0.8841010401188707,0.5780038030591096,test,logistic_regression,lr-oulad-academic-fail-c105-s42-v5
Precision-Recall,0.5914512922465208,0.8854166666666666,0.5780932519763728,test,logistic_regression,lr-oulad-academic-fail-c105-s42-v5
Precision-Recall,0.5904572564612326,0.8852459016393442,0.5786821259205341,test,logistic_regression,lr-oulad-academic-fail-c105-s42-v5
Precision-Recall,0.5904572564612326,0.8865671641791045,0.5798005396036358,test,logistic_regression,lr-oulad-academic-fail-c105-s42-v5
Precision-Recall,0.5894632206759444,0.8863976083707026,0.5809582379875136,test,logistic_regression,lr-oulad-academic-fail-c105-s42-v5
Precision-Recall,0.588469184890656,0.8862275449101796,0.5834216679852314,test,logistic_regression,lr-oulad-academic-fail-c105-s42-v5
Precision-Recall,0.5874751491053678,0.8860569715142429,0.5848717006632795,test,logistic_regression,lr-oulad-academic-fail-c105-s42-v5
Precision-Recall,0.5864811133200796,0.8858858858858859,0.5878293510807575,test,logistic_regression,lr-oulad-academic-fail-c105-s42-v5
Precision-Recall,0.5854870775347912,0.8857142857142857,0.5881361655010052,test,logistic_regression,lr-oulad-academic-fail-c105-s42-v5
Precision-Recall,0.584493041749503,0.8855421686746988,0.5895934840327794,test,logistic_regression,lr-oulad-academic-fail-c105-s42-v5
Precision-Recall,0.5834990059642147,0.8853695324283559,0.5910398772748132,test,logistic_regression,lr-oulad-academic-fail-c105-s42-v5
Precision-Recall,0.5825049701789264,0.8851963746223565,0.5910493048579792,test,logistic_regression,lr-oulad-academic-fail-c105-s42-v5
Precision-Recall,0.5815109343936382,0.8850226928895613,0.5921865767011721,test,logistic_regression,lr-oulad-academic-fail-c105-s42-v5
Precision-Recall,0.5805168986083499,0.8848484848484849,0.5922958709941788,test,logistic_regression,lr-oulad-academic-fail-c105-s42-v5
Precision-Recall,0.5805168986083499,0.8861911987860395,0.5926895831386088,test,logistic_regression,lr-oulad-academic-fail-c105-s42-v5
Precision-Recall,0.5795228628230616,0.8860182370820668,0.5931189362521835,test,logistic_regression,lr-oulad-academic-fail-c105-s42-v5
Precision-Recall,0.5785288270377733,0.8858447488584474,0.594430744641099,test,logistic_regression,lr-oulad-academic-fail-c105-s42-v5
Precision-Recall,0.5775347912524851,0.885670731707317,0.5950944355323797,test,logistic_regression,lr-oulad-academic-fail-c105-s42-v5
Precision-Recall,0.5765407554671969,0.8854961832061069,0.5964610553329269,test,logistic_regression,lr-oulad-academic-fail-c105-s42-v5
Precision-Recall,0.5755467196819085,0.8853211009174312,0.5970828393945076,test,logistic_regression,lr-oulad-academic-fail-c105-s42-v5
Precision-Recall,0.5745526838966203,0.885145482388974,0.5971047981940448,test,logistic_regression,lr-oulad-academic-fail-c105-s42-v5
Precision-Recall,0.5735586481113321,0.8849693251533742,0.598109005705625,test,logistic_regression,lr-oulad-academic-fail-c105-s42-v5
Precision-Recall,0.5725646123260437,0.8847926267281107,0.5983288258969781,test,logistic_regression,lr-oulad-academic-fail-c105-s42-v5
Precision-Recall,0.5715705765407555,0.8846153846153846,0.5984267938259508,test,logistic_regression,lr-oulad-academic-fail-c105-s42-v5
Precision-Recall,0.5705765407554672,0.884437596302003,0.5991318504007946,test,logistic_regression,lr-oulad-academic-fail-c105-s42-v5
Precision-Recall,0.5695825049701789,0.8842592592592593,0.5993977796194268,test,logistic_regression,lr-oulad-academic-fail-c105-s42-v5
Precision-Recall,0.5685884691848907,0.884080370942813,0.6004893920917869,test,logistic_regression,lr-oulad-academic-fail-c105-s42-v5
Precision-Recall,0.5675944333996024,0.8839009287925697,0.6006425003296979,test,logistic_regression,lr-oulad-academic-fail-c105-s42-v5
Precision-Recall,0.5666003976143141,0.8837209302325582,0.6013780569654498,test,logistic_regression,lr-oulad-academic-fail-c105-s42-v5
Precision-Recall,0.5666003976143141,0.8850931677018633,0.6040659738745622,test,logistic_regression,lr-oulad-academic-fail-c105-s42-v5
Precision-Recall,0.5666003976143141,0.8864696734059098,0.6054013067964114,test,logistic_regression,lr-oulad-academic-fail-c105-s42-v5
Precision-Recall,0.5666003976143141,0.8878504672897196,0.6060869975706871,test,logistic_regression,lr-oulad-academic-fail-c105-s42-v5
Precision-Recall,0.5666003976143141,0.8892355694227769,0.6068952166408397,test,logistic_regression,lr-oulad-academic-fail-c105-s42-v5
Precision-Recall,0.5666003976143141,0.890625,0.6090689818319662,test,logistic_regression,lr-oulad-academic-fail-c105-s42-v5
Precision-Recall,0.5656063618290258,0.8904538341158059,0.6097015969354381,test,logistic_regression,lr-oulad-academic-fail-c105-s42-v5
Precision-Recall,0.5646123260437376,0.890282131661442,0.609885538978002,test,logistic_regression,lr-oulad-academic-fail-c105-s42-v5
Precision-Recall,0.5636182902584493,0.8901098901098901,0.6120479008953352,test,logistic_regression,lr-oulad-academic-fail-c105-s42-v5
Precision-Recall,0.5636182902584493,0.8915094339622641,0.613092389617578,test,logistic_regression,lr-oulad-academic-fail-c105-s42-v5
Precision-Recall,0.5636182902584493,0.8929133858267716,0.6133175029231114,test,logistic_regression,lr-oulad-academic-fail-c105-s42-v5
Precision-Recall,0.562624254473161,0.8927444794952681,0.6134799427869019,test,logistic_regression,lr-oulad-academic-fail-c105-s42-v5
Precision-Recall,0.5616302186878728,0.8925750394944708,0.6157399940490056,test,logistic_regression,lr-oulad-academic-fail-c105-s42-v5
Precision-Recall,0.5616302186878728,0.8939873417721519,0.61771104924379,test,logistic_regression,lr-oulad-academic-fail-c105-s42-v5
Precision-Recall,0.5606361829025845,0.8938193343898574,0.6191265348588288,test,logistic_regression,lr-oulad-academic-fail-c105-s42-v5
Precision-Recall,0.5596421471172962,0.8936507936507937,0.6193088950071028,test,logistic_regression,lr-oulad-academic-fail-c105-s42-v5
Precision-Recall,0.558648111332008,0.8934817170111288,0.6199959134913404,test,logistic_regression,lr-oulad-academic-fail-c105-s42-v5
Precision-Recall,0.5576540755467196,0.893312101910828,0.6209128597906541,test,logistic_regression,lr-oulad-academic-fail-c105-s42-v5
Precision-Recall,0.5566600397614314,0.8931419457735247,0.6217214830452227,test,logistic_regression,lr-oulad-academic-fail-c105-s42-v5
Precision-Recall,0.5566600397614314,0.8945686900958466,0.6230057181378235,test,logistic_regression,lr-oulad-academic-fail-c105-s42-v5
Precision-Recall,0.5556660039761432,0.8944,0.6238972614844364,test,logistic_regression,lr-oulad-academic-fail-c105-s42-v5
Precision-Recall,0.5546719681908548,0.8942307692307693,0.6243894464803474,test,logistic_regression,lr-oulad-academic-fail-c105-s42-v5
Precision-Recall,0.5536779324055666,0.8940609951845907,0.6253249217090223,test,logistic_regression,lr-oulad-academic-fail-c105-s42-v5
Precision-Recall,0.5526838966202783,0.8938906752411575,0.626631752265409,test,logistic_regression,lr-oulad-academic-fail-c105-s42-v5
Precision-Recall,0.5526838966202783,0.895330112721417,0.62967566819448,test,logistic_regression,lr-oulad-academic-fail-c105-s42-v5
Precision-Recall,0.55168986083499,0.8951612903225806,0.632611083197858,test,logistic_regression,lr-oulad-academic-fail-c105-s42-v5
Precision-Recall,0.55168986083499,0.8966074313408724,0.6352159709635572,test,logistic_regression,lr-oulad-academic-fail-c105-s42-v5
Precision-Recall,0.5506958250497018,0.8964401294498382,0.6355658047289935,test,logistic_regression,lr-oulad-academic-fail-c105-s42-v5
Precision-Recall,0.5497017892644135,0.8962722852512156,0.6365191254829343,test,logistic_regression,lr-oulad-academic-fail-c105-s42-v5
Precision-Recall,0.5487077534791253,0.8961038961038961,0.6365413096999074,test,logistic_regression,lr-oulad-academic-fail-c105-s42-v5
Precision-Recall,0.5487077534791253,0.8975609756097561,0.6365956313221033,test,logistic_regression,lr-oulad-academic-fail-c105-s42-v5
Precision-Recall,0.5487077534791253,0.8990228013029316,0.6367445642969691,test,logistic_regression,lr-oulad-academic-fail-c105-s42-v5
Precision-Recall,0.5487077534791253,0.9004893964110929,0.6379964715824166,test,logistic_regression,lr-oulad-academic-fail-c105-s42-v5
Precision-Recall,0.5487077534791253,0.9019607843137255,0.6401692671712375,test,logistic_regression,lr-oulad-academic-fail-c105-s42-v5
Precision-Recall,0.5487077534791253,0.9034369885433715,0.6402406612284818,test,logistic_regression,lr-oulad-academic-fail-c105-s42-v5
Precision-Recall,0.5487077534791253,0.9049180327868852,0.6404220601451378,test,logistic_regression,lr-oulad-academic-fail-c105-s42-v5
Precision-Recall,0.5487077534791253,0.9064039408866995,0.640877207438307,test,logistic_regression,lr-oulad-academic-fail-c105-s42-v5
Precision-Recall,0.547713717693837,0.90625,0.6434794693554641,test,logistic_regression,lr-oulad-academic-fail-c105-s42-v5
Precision-Recall,0.547713717693837,0.9077429983525536,0.6447871289868017,test,logistic_regression,lr-oulad-academic-fail-c105-s42-v5
Precision-Recall,0.5467196819085487,0.9075907590759076,0.6457728867882474,test,logistic_regression,lr-oulad-academic-fail-c105-s42-v5
Precision-Recall,0.5457256461232605,0.9074380165289256,0.6474630716011434,test,logistic_regression,lr-oulad-academic-fail-c105-s42-v5
Precision-Recall,0.5457256461232605,0.9089403973509934,0.6481475822317786,test,logistic_regression,lr-oulad-academic-fail-c105-s42-v5
Precision-Recall,0.5457256461232605,0.9104477611940298,0.650581779223758,test,logistic_regression,lr-oulad-academic-fail-c105-s42-v5
Precision-Recall,0.5447316103379721,0.9102990033222591,0.6512280140672778,test,logistic_regression,lr-oulad-academic-fail-c105-s42-v5
Precision-Recall,0.5437375745526839,0.9101497504159733,0.6530494766364405,test,logistic_regression,lr-oulad-academic-fail-c105-s42-v5
Precision-Recall,0.5427435387673957,0.91,0.6531293937576143,test,logistic_regression,lr-oulad-academic-fail-c105-s42-v5
Precision-Recall,0.5417495029821073,0.9098497495826378,0.6534372823207519,test,logistic_regression,lr-oulad-academic-fail-c105-s42-v5
Precision-Recall,0.5407554671968191,0.9096989966555183,0.6547386617341804,test,logistic_regression,lr-oulad-academic-fail-c105-s42-v5
Precision-Recall,0.5407554671968191,0.9112227805695142,0.655063353572347,test,logistic_regression,lr-oulad-academic-fail-c105-s42-v5
Precision-Recall,0.5397614314115308,0.9110738255033557,0.6563951799439494,test,logistic_regression,lr-oulad-academic-fail-c105-s42-v5
Precision-Recall,0.5397614314115308,0.9126050420168067,0.6565359078709567,test,logistic_regression,lr-oulad-academic-fail-c105-s42-v5
Precision-Recall,0.5387673956262425,0.9124579124579124,0.6568020931376373,test,logistic_regression,lr-oulad-academic-fail-c105-s42-v5
Precision-Recall,0.5387673956262425,0.9139966273187183,0.6569964579920188,test,logistic_regression,lr-oulad-academic-fail-c105-s42-v5
Precision-Recall,0.5387673956262425,0.9155405405405406,0.6587364985102953,test,logistic_regression,lr-oulad-academic-fail-c105-s42-v5
Precision-Recall,0.5377733598409543,0.9153976311336718,0.6588265060981842,test,logistic_regression,lr-oulad-academic-fail-c105-s42-v5
Precision-Recall,0.5377733598409543,0.9169491525423729,0.659859488094417,test,logistic_regression,lr-oulad-academic-fail-c105-s42-v5
Precision-Recall,0.536779324055666,0.9168081494057725,0.6598622697492454,test,logistic_regression,lr-oulad-academic-fail-c105-s42-v5
Precision-Recall,0.536779324055666,0.9183673469387755,0.6600618469369273,test,logistic_regression,lr-oulad-academic-fail-c105-s42-v5
Precision-Recall,0.5357852882703777,0.9182282793867121,0.6630978004688287,test,logistic_regression,lr-oulad-academic-fail-c105-s42-v5
Precision-Recall,0.5347912524850894,0.9180887372013652,0.6636568692458265,test,logistic_regression,lr-oulad-academic-fail-c105-s42-v5
Precision-Recall,0.5347912524850894,0.9196581196581196,0.6642160924394835,test,logistic_regression,lr-oulad-academic-fail-c105-s42-v5
Precision-Recall,0.5337972166998012,0.9195205479452054,0.6649633507649075,test,logistic_regression,lr-oulad-academic-fail-c105-s42-v5
Precision-Recall,0.5337972166998012,0.9210977701543739,0.6681439518500853,test,logistic_regression,lr-oulad-academic-fail-c105-s42-v5
Precision-Recall,0.532803180914513,0.9209621993127147,0.6684607635486491,test,logistic_regression,lr-oulad-academic-fail-c105-s42-v5
Precision-Recall,0.5318091451292246,0.9208261617900172,0.6686320754102604,test,logistic_regression,lr-oulad-academic-fail-c105-s42-v5
Precision-Recall,0.5308151093439364,0.9206896551724137,0.6694090239290827,test,logistic_regression,lr-oulad-academic-fail-c105-s42-v5
Precision-Recall,0.5298210735586482,0.9205526770293609,0.6731027924916816,test,logistic_regression,lr-oulad-academic-fail-c105-s42-v5
Precision-Recall,0.5288270377733598,0.9204152249134948,0.6757507931133344,test,logistic_regression,lr-oulad-academic-fail-c105-s42-v5
Precision-Recall,0.5278330019880716,0.9202772963604853,0.6762582698935635,test,logistic_regression,lr-oulad-academic-fail-c105-s42-v5
Precision-Recall,0.5278330019880716,0.921875,0.6792490639241195,test,logistic_regression,lr-oulad-academic-fail-c105-s42-v5
Precision-Recall,0.5278330019880716,0.9234782608695652,0.681384078274031,test,logistic_regression,lr-oulad-academic-fail-c105-s42-v5
Precision-Recall,0.5268389662027833,0.9233449477351916,0.6826808401186937,test,logistic_regression,lr-oulad-academic-fail-c105-s42-v5
Precision-Recall,0.525844930417495,0.9232111692844677,0.6832336488554457,test,logistic_regression,lr-oulad-academic-fail-c105-s42-v5
Precision-Recall,0.525844930417495,0.9248251748251748,0.6869420370664538,test,logistic_regression,lr-oulad-academic-fail-c105-s42-v5
Precision-Recall,0.5248508946322068,0.9246935201401051,0.6872022642883576,test,logistic_regression,lr-oulad-academic-fail-c105-s42-v5
Precision-Recall,0.5238568588469185,0.9245614035087719,0.6885004163692144,test,logistic_regression,lr-oulad-academic-fail-c105-s42-v5
Precision-Recall,0.5228628230616302,0.9244288224956063,0.690465705438361,test,logistic_regression,lr-oulad-academic-fail-c105-s42-v5
Precision-Recall,0.5218687872763419,0.9242957746478874,0.692736522434449,test,logistic_regression,lr-oulad-academic-fail-c105-s42-v5
Precision-Recall,0.5208747514910537,0.9241622574955908,0.6946064510582071,test,logistic_regression,lr-oulad-academic-fail-c105-s42-v5
Precision-Recall,0.5208747514910537,0.9257950530035336,0.6946110013205865,test,logistic_regression,lr-oulad-academic-fail-c105-s42-v5
Precision-Recall,0.5198807157057654,0.9256637168141593,0.694849918063901,test,logistic_regression,lr-oulad-academic-fail-c105-s42-v5
Precision-Recall,0.5188866799204771,0.925531914893617,0.6952928219194199,test,logistic_regression,lr-oulad-academic-fail-c105-s42-v5
Precision-Recall,0.5188866799204771,0.9271758436944938,0.6966919082844975,test,logistic_regression,lr-oulad-academic-fail-c105-s42-v5
Precision-Recall,0.5188866799204771,0.9288256227758007,0.6990834932314669,test,logistic_regression,lr-oulad-academic-fail-c105-s42-v5
Precision-Recall,0.5178926441351889,0.928698752228164,0.7014622707726803,test,logistic_regression,lr-oulad-academic-fail-c105-s42-v5
Precision-Recall,0.5178926441351889,0.9303571428571429,0.702530485562075,test,logistic_regression,lr-oulad-academic-fail-c105-s42-v5
Precision-Recall,0.5168986083499006,0.9302325581395349,0.7041254598645413,test,logistic_regression,lr-oulad-academic-fail-c105-s42-v5
Precision-Recall,0.5159045725646123,0.9301075268817204,0.704349727235905,test,logistic_regression,lr-oulad-academic-fail-c105-s42-v5
Precision-Recall,0.5149105367793241,0.9299820466786356,0.7056162626553579,test,logistic_regression,lr-oulad-academic-fail-c105-s42-v5
Precision-Recall,0.5139165009940357,0.9298561151079137,0.7061488776949698,test,logistic_regression,lr-oulad-academic-fail-c105-s42-v5
Precision-Recall,0.5139165009940357,0.9315315315315316,0.7072797002636821,test,logistic_regression,lr-oulad-academic-fail-c105-s42-v5
Precision-Recall,0.5129224652087475,0.9314079422382672,0.7080931104234739,test,logistic_regression,lr-oulad-academic-fail-c105-s42-v5
Precision-Recall,0.5119284294234593,0.9312839059674503,0.7106373724111016,test,logistic_regression,lr-oulad-academic-fail-c105-s42-v5
Precision-Recall,0.510934393638171,0.9311594202898551,0.7120666199640112,test,logistic_regression,lr-oulad-academic-fail-c105-s42-v5
Precision-Recall,0.510934393638171,0.9328493647912885,0.7125500422656119,test,logistic_regression,lr-oulad-academic-fail-c105-s42-v5
Precision-Recall,0.510934393638171,0.9345454545454546,0.7137984774347432,test,logistic_regression,lr-oulad-academic-fail-c105-s42-v5
Precision-Recall,0.5099403578528827,0.9344262295081968,0.7153899051796526,test,logistic_regression,lr-oulad-academic-fail-c105-s42-v5
Precision-Recall,0.5089463220675944,0.9343065693430657,0.7168087191399581,test,logistic_regression,lr-oulad-academic-fail-c105-s42-v5
Precision-Recall,0.5079522862823062,0.9341864716636198,0.7191844453893032,test,logistic_regression,lr-oulad-academic-fail-c105-s42-v5
Precision-Recall,0.5069582504970179,0.9340659340659341,0.7195004454140714,test,logistic_regression,lr-oulad-academic-fail-c105-s42-v5
Precision-Recall,0.5059642147117296,0.9339449541284404,0.7212605482556668,test,logistic_regression,lr-oulad-academic-fail-c105-s42-v5
Precision-Recall,0.5059642147117296,0.9356617647058824,0.7254143458800106,test,logistic_regression,lr-oulad-academic-fail-c105-s42-v5
Precision-Recall,0.5049701789264414,0.9355432780847146,0.7254290138652534,test,logistic_regression,lr-oulad-academic-fail-c105-s42-v5
Precision-Recall,0.5039761431411531,0.9354243542435424,0.7263844008060163,test,logistic_regression,lr-oulad-academic-fail-c105-s42-v5
Precision-Recall,0.5029821073558648,0.9353049907578558,0.7276821764002506,test,logistic_regression,lr-oulad-academic-fail-c105-s42-v5
Precision-Recall,0.5019880715705766,0.9351851851851852,0.7283724319422122,test,logistic_regression,lr-oulad-academic-fail-c105-s42-v5
Precision-Recall,0.5009940357852882,0.935064935064935,0.7284765586030993,test,logistic_regression,lr-oulad-academic-fail-c105-s42-v5
Precision-Recall,0.5009940357852882,0.9368029739776952,0.729336908598817,test,logistic_regression,lr-oulad-academic-fail-c105-s42-v5
Precision-Recall,0.5,0.9366852886405959,0.7295014732321722,test,logistic_regression,lr-oulad-academic-fail-c105-s42-v5
Precision-Recall,0.4990059642147117,0.9365671641791045,0.730473968830285,test,logistic_regression,lr-oulad-academic-fail-c105-s42-v5
Precision-Recall,0.49801192842942343,0.9364485981308411,0.7312666110886544,test,logistic_regression,lr-oulad-academic-fail-c105-s42-v5
Precision-Recall,0.4970178926441352,0.9363295880149812,0.7325433196530657,test,logistic_regression,lr-oulad-academic-fail-c105-s42-v5
Precision-Recall,0.4960238568588469,0.9362101313320825,0.7326648484136976,test,logistic_regression,lr-oulad-academic-fail-c105-s42-v5
Precision-Recall,0.49502982107355864,0.9360902255639098,0.7332642062058985,test,logistic_regression,lr-oulad-academic-fail-c105-s42-v5
Precision-Recall,0.49403578528827036,0.935969868173258,0.7335288952689736,test,logistic_regression,lr-oulad-academic-fail-c105-s42-v5
Precision-Recall,0.49304174950298213,0.9358490566037736,0.7343971760301532,test,logistic_regression,lr-oulad-academic-fail-c105-s42-v5
Precision-Recall,0.49204771371769385,0.9357277882797732,0.7345446889722933,test,logistic_regression,lr-oulad-academic-fail-c105-s42-v5
Precision-Recall,0.49105367793240556,0.9356060606060606,0.7357342225060853,test,logistic_regression,lr-oulad-academic-fail-c105-s42-v5
Precision-Recall,0.4900596421471173,0.9354838709677419,0.7380788873514973,test,logistic_regression,lr-oulad-academic-fail-c105-s42-v5
Precision-Recall,0.4900596421471173,0.9372623574144486,0.7412151888011856,test,logistic_regression,lr-oulad-academic-fail-c105-s42-v5
Precision-Recall,0.4900596421471173,0.939047619047619,0.7450815317960114,test,logistic_regression,lr-oulad-academic-fail-c105-s42-v5
Precision-Recall,0.48906560636182905,0.9389312977099237,0.7472864853397165,test,logistic_regression,lr-oulad-academic-fail-c105-s42-v5
Precision-Recall,0.48807157057654077,0.9388145315487572,0.7482831504692351,test,logistic_regression,lr-oulad-academic-fail-c105-s42-v5
Precision-Recall,0.48807157057654077,0.9406130268199234,0.7487889054958469,test,logistic_regression,lr-oulad-academic-fail-c105-s42-v5
Precision-Recall,0.4870775347912525,0.9404990403071017,0.7488025125021427,test,logistic_regression,lr-oulad-academic-fail-c105-s42-v5
Precision-Recall,0.4870775347912525,0.9423076923076923,0.7522445035591064,test,logistic_regression,lr-oulad-academic-fail-c105-s42-v5
Precision-Recall,0.4870775347912525,0.9441233140655106,0.7547108586707629,test,logistic_regression,lr-oulad-academic-fail-c105-s42-v5
Precision-Recall,0.4870775347912525,0.9459459459459459,0.7547160214460259,test,logistic_regression,lr-oulad-academic-fail-c105-s42-v5
Precision-Recall,0.4860834990059642,0.9458413926499033,0.7552770060639743,test,logistic_regression,lr-oulad-academic-fail-c105-s42-v5
Precision-Recall,0.4850894632206759,0.9457364341085271,0.7587664590611808,test,logistic_regression,lr-oulad-academic-fail-c105-s42-v5
Precision-Recall,0.4850894632206759,0.9475728155339805,0.7595531417611492,test,logistic_regression,lr-oulad-academic-fail-c105-s42-v5
Precision-Recall,0.4850894632206759,0.9494163424124513,0.76037416772434,test,logistic_regression,lr-oulad-academic-fail-c105-s42-v5
Precision-Recall,0.4840954274353877,0.949317738791423,0.7634083966670954,test,logistic_regression,lr-oulad-academic-fail-c105-s42-v5
Precision-Recall,0.4831013916500994,0.94921875,0.7641017451199564,test,logistic_regression,lr-oulad-academic-fail-c105-s42-v5
Precision-Recall,0.4831013916500994,0.9510763209393346,0.7651286443964442,test,logistic_regression,lr-oulad-academic-fail-c105-s42-v5
Precision-Recall,0.4831013916500994,0.9529411764705882,0.7659589677068577,test,logistic_regression,lr-oulad-academic-fail-c105-s42-v5
Precision-Recall,0.4821073558648111,0.9528487229862476,0.7680621291446261,test,logistic_regression,lr-oulad-academic-fail-c105-s42-v5
Precision-Recall,0.4821073558648111,0.9547244094488189,0.7687195291485437,test,logistic_regression,lr-oulad-academic-fail-c105-s42-v5
Precision-Recall,0.48111332007952284,0.9546351084812623,0.7687958773755544,test,logistic_regression,lr-oulad-academic-fail-c105-s42-v5
Precision-Recall,0.48111332007952284,0.9565217391304348,0.769400168698799,test,logistic_regression,lr-oulad-academic-fail-c105-s42-v5
Precision-Recall,0.4801192842942346,0.9564356435643564,0.771086798629306,test,logistic_regression,lr-oulad-academic-fail-c105-s42-v5
Precision-Recall,0.47912524850894633,0.9563492063492064,0.7724774772209347,test,logistic_regression,lr-oulad-academic-fail-c105-s42-v5
Precision-Recall,0.47813121272365805,0.9562624254473161,0.7737560115615065,test,logistic_regression,lr-oulad-academic-fail-c105-s42-v5
Precision-Recall,0.47713717693836977,0.9561752988047809,0.7740008849680546,test,logistic_regression,lr-oulad-academic-fail-c105-s42-v5
Precision-Recall,0.4761431411530815,0.9560878243512974,0.775578341401179,test,logistic_regression,lr-oulad-academic-fail-c105-s42-v5
Precision-Recall,0.47514910536779326,0.956,0.7780583303333315,test,logistic_regression,lr-oulad-academic-fail-c105-s42-v5
Precision-Recall,0.474155069582505,0.9559118236472945,0.7780869025826318,test,logistic_regression,lr-oulad-academic-fail-c105-s42-v5
Precision-Recall,0.474155069582505,0.9578313253012049,0.7796646150954205,test,logistic_regression,lr-oulad-academic-fail-c105-s42-v5
Precision-Recall,0.4731610337972167,0.9577464788732394,0.780433719244015,test,logistic_regression,lr-oulad-academic-fail-c105-s42-v5
Precision-Recall,0.4721669980119284,0.9576612903225806,0.7804687624086803,test,logistic_regression,lr-oulad-academic-fail-c105-s42-v5
Precision-Recall,0.4721669980119284,0.9595959595959596,0.7820585351302116,test,logistic_regression,lr-oulad-academic-fail-c105-s42-v5
Precision-Recall,0.4711729622266402,0.9595141700404858,0.7863101573127866,test,logistic_regression,lr-oulad-academic-fail-c105-s42-v5
Precision-Recall,0.4701789264413519,0.9594320486815415,0.7891414980752685,test,logistic_regression,lr-oulad-academic-fail-c105-s42-v5
Precision-Recall,0.4701789264413519,0.9613821138211383,0.7892039971325188,test,logistic_regression,lr-oulad-academic-fail-c105-s42-v5
Precision-Recall,0.4691848906560636,0.9613034623217923,0.7915844392927158,test,logistic_regression,lr-oulad-academic-fail-c105-s42-v5
Precision-Recall,0.46819085487077533,0.9612244897959183,0.7921266284423693,test,logistic_regression,lr-oulad-academic-fail-c105-s42-v5
Precision-Recall,0.4671968190854871,0.9611451942740287,0.7924256212155338,test,logistic_regression,lr-oulad-academic-fail-c105-s42-v5
Precision-Recall,0.4662027833001988,0.9610655737704918,0.795182052695536,test,logistic_regression,lr-oulad-academic-fail-c105-s42-v5
Precision-Recall,0.4662027833001988,0.9630390143737166,0.7962625532619773,test,logistic_regression,lr-oulad-academic-fail-c105-s42-v5
Precision-Recall,0.46520874751491054,0.9629629629629629,0.7970518700931862,test,logistic_regression,lr-oulad-academic-fail-c105-s42-v5
Precision-Recall,0.46520874751491054,0.9649484536082474,0.7973148356895104,test,logistic_regression,lr-oulad-academic-fail-c105-s42-v5
Precision-Recall,0.46421471172962225,0.9648760330578512,0.7990408215110307,test,logistic_regression,lr-oulad-academic-fail-c105-s42-v5
Precision-Recall,0.46322067594433397,0.9648033126293996,0.799122704489058,test,logistic_regression,lr-oulad-academic-fail-c105-s42-v5
Precision-Recall,0.46222664015904574,0.9647302904564315,0.808840068835277,test,logistic_regression,lr-oulad-academic-fail-c105-s42-v5
Precision-Recall,0.46123260437375746,0.9646569646569647,0.8096999503061973,test,logistic_regression,lr-oulad-academic-fail-c105-s42-v5
Precision-Recall,0.4602385685884692,0.9645833333333333,0.8108491441701826,test,logistic_regression,lr-oulad-academic-fail-c105-s42-v5
Precision-Recall,0.4602385685884692,0.9665970772442589,0.8116590407043033,test,logistic_regression,lr-oulad-academic-fail-c105-s42-v5
Precision-Recall,0.4592445328031809,0.9665271966527197,0.8166852817561178,test,logistic_regression,lr-oulad-academic-fail-c105-s42-v5
Precision-Recall,0.45825049701789267,0.9664570230607966,0.8174887169402005,test,logistic_regression,lr-oulad-academic-fail-c105-s42-v5
Precision-Recall,0.4572564612326044,0.9663865546218487,0.8195311258398786,test,logistic_regression,lr-oulad-academic-fail-c105-s42-v5
Precision-Recall,0.4562624254473161,0.9663157894736842,0.8228298749364494,test,logistic_regression,lr-oulad-academic-fail-c105-s42-v5
Precision-Recall,0.4562624254473161,0.9683544303797469,0.8230386777800279,test,logistic_regression,lr-oulad-academic-fail-c105-s42-v5
Precision-Recall,0.4562624254473161,0.9704016913319239,0.8231988854588763,test,logistic_regression,lr-oulad-academic-fail-c105-s42-v5
Precision-Recall,0.4552683896620278,0.9703389830508474,0.8235238959930751,test,logistic_regression,lr-oulad-academic-fail-c105-s42-v5
Precision-Recall,0.4542743538767396,0.970276008492569,0.8244093437377684,test,logistic_regression,lr-oulad-academic-fail-c105-s42-v5
Precision-Recall,0.4532803180914513,0.9702127659574468,0.8261920721188868,test,logistic_regression,lr-oulad-academic-fail-c105-s42-v5
Precision-Recall,0.452286282306163,0.9701492537313433,0.8266262628295463,test,logistic_regression,lr-oulad-academic-fail-c105-s42-v5
Precision-Recall,0.452286282306163,0.9722222222222222,0.8287693635943368,test,logistic_regression,lr-oulad-academic-fail-c105-s42-v5
Precision-Recall,0.45129224652087474,0.9721627408993576,0.8298482039244014,test,logistic_regression,lr-oulad-academic-fail-c105-s42-v5
Precision-Recall,0.45029821073558646,0.9721030042918455,0.8311450314895393,test,logistic_regression,lr-oulad-academic-fail-c105-s42-v5
Precision-Recall,0.44930417495029823,0.9720430107526882,0.831897638708727,test,logistic_regression,lr-oulad-academic-fail-c105-s42-v5
Precision-Recall,0.44831013916500995,0.9719827586206896,0.8338504781309841,test,logistic_regression,lr-oulad-academic-fail-c105-s42-v5
Precision-Recall,0.44731610337972166,0.9719222462203023,0.8338685010003244,test,logistic_regression,lr-oulad-academic-fail-c105-s42-v5
Precision-Recall,0.4463220675944334,0.9718614718614719,0.8361959756361586,test,logistic_regression,lr-oulad-academic-fail-c105-s42-v5
Precision-Recall,0.44532803180914515,0.9718004338394793,0.8366033452891595,test,logistic_regression,lr-oulad-academic-fail-c105-s42-v5
Precision-Recall,0.44433399602385687,0.9717391304347827,0.8371072157228339,test,logistic_regression,lr-oulad-academic-fail-c105-s42-v5
Precision-Recall,0.4433399602385686,0.971677559912854,0.840993275667159,test,logistic_regression,lr-oulad-academic-fail-c105-s42-v5
Precision-Recall,0.4433399602385686,0.9737991266375546,0.8454500401067613,test,logistic_regression,lr-oulad-academic-fail-c105-s42-v5
Precision-Recall,0.4423459244532803,0.973741794310722,0.845988126569774,test,logistic_regression,lr-oulad-academic-fail-c105-s42-v5
Precision-Recall,0.441351888667992,0.9736842105263158,0.848107456210631,test,logistic_regression,lr-oulad-academic-fail-c105-s42-v5
Precision-Recall,0.4403578528827038,0.9736263736263736,0.8481854556442892,test,logistic_regression,lr-oulad-academic-fail-c105-s42-v5
Precision-Recall,0.4393638170974155,0.973568281938326,0.8484427942064994,test,logistic_regression,lr-oulad-academic-fail-c105-s42-v5
Precision-Recall,0.4393638170974155,0.9757174392935982,0.8492860716086497,test,logistic_regression,lr-oulad-academic-fail-c105-s42-v5
Precision-Recall,0.4383697813121272,0.9756637168141593,0.8512361721416843,test,logistic_regression,lr-oulad-academic-fail-c105-s42-v5
Precision-Recall,0.43737574552683894,0.975609756097561,0.8525247462897403,test,logistic_regression,lr-oulad-academic-fail-c105-s42-v5
Precision-Recall,0.4363817097415507,0.9755555555555555,0.8528941395099455,test,logistic_regression,lr-oulad-academic-fail-c105-s42-v5
Precision-Recall,0.43538767395626243,0.9755011135857461,0.854453207748202,test,logistic_regression,lr-oulad-academic-fail-c105-s42-v5
Precision-Recall,0.43439363817097415,0.9754464285714286,0.8547145442183783,test,logistic_regression,lr-oulad-academic-fail-c105-s42-v5
Precision-Recall,0.43339960238568587,0.9753914988814317,0.8589140540062886,test,logistic_regression,lr-oulad-academic-fail-c105-s42-v5
Precision-Recall,0.43240556660039764,0.9753363228699552,0.8616326203302951,test,logistic_regression,lr-oulad-academic-fail-c105-s42-v5
Precision-Recall,0.43141153081510936,0.9752808988764045,0.8622156907496988,test,logistic_regression,lr-oulad-academic-fail-c105-s42-v5
Precision-Recall,0.4304174950298211,0.9752252252252253,0.863221753034726,test,logistic_regression,lr-oulad-academic-fail-c105-s42-v5
Precision-Recall,0.4294234592445328,0.9751693002257337,0.8646778548892858,test,logistic_regression,lr-oulad-academic-fail-c105-s42-v5
Precision-Recall,0.4284294234592445,0.9751131221719457,0.8715418797074954,test,logistic_regression,lr-oulad-academic-fail-c105-s42-v5
Precision-Recall,0.4274353876739563,0.9750566893424036,0.8738217283950632,test,logistic_regression,lr-oulad-academic-fail-c105-s42-v5
Precision-Recall,0.426441351888668,0.975,0.8748252431062171,test,logistic_regression,lr-oulad-academic-fail-c105-s42-v5
Precision-Recall,0.4254473161033797,0.9749430523917996,0.8757378650124151,test,logistic_regression,lr-oulad-academic-fail-c105-s42-v5
Precision-Recall,0.42445328031809143,0.9748858447488584,0.8773241685920219,test,logistic_regression,lr-oulad-academic-fail-c105-s42-v5
Precision-Recall,0.4234592445328032,0.9748283752860412,0.8788005414553322,test,logistic_regression,lr-oulad-academic-fail-c105-s42-v5
Precision-Recall,0.4224652087475149,0.9747706422018348,0.8804211553529616,test,logistic_regression,lr-oulad-academic-fail-c105-s42-v5
Precision-Recall,0.42147117296222664,0.9747126436781609,0.8815329882139441,test,logistic_regression,lr-oulad-academic-fail-c105-s42-v5
Precision-Recall,0.42047713717693835,0.9746543778801844,0.886805129995996,test,logistic_regression,lr-oulad-academic-fail-c105-s42-v5
Precision-Recall,0.4194831013916501,0.9745958429561201,0.8878279425759691,test,logistic_regression,lr-oulad-academic-fail-c105-s42-v5
Precision-Recall,0.41848906560636184,0.9745370370370371,0.8893697565993487,test,logistic_regression,lr-oulad-academic-fail-c105-s42-v5
Precision-Recall,0.41749502982107356,0.974477958236659,0.8897638705749682,test,logistic_regression,lr-oulad-academic-fail-c105-s42-v5
Precision-Recall,0.4165009940357853,0.9744186046511628,0.8900776037839299,test,logistic_regression,lr-oulad-academic-fail-c105-s42-v5
Precision-Recall,0.415506958250497,0.9743589743589743,0.8906178240218552,test,logistic_regression,lr-oulad-academic-fail-c105-s42-v5
Precision-Recall,0.41451292246520877,0.9742990654205608,0.891612313998573,test,logistic_regression,lr-oulad-academic-fail-c105-s42-v5
Precision-Recall,0.4135188866799205,0.9742388758782201,0.8920291695381228,test,logistic_regression,lr-oulad-academic-fail-c105-s42-v5
Precision-Recall,0.4125248508946322,0.9741784037558685,0.8921064236620898,test,logistic_regression,lr-oulad-academic-fail-c105-s42-v5
Precision-Recall,0.4115308151093439,0.9741176470588235,0.8937049253191,test,logistic_regression,lr-oulad-academic-fail-c105-s42-v5
Precision-Recall,0.4105367793240557,0.9740566037735849,0.8942817390237788,test,logistic_regression,lr-oulad-academic-fail-c105-s42-v5
Precision-Recall,0.4095427435387674,0.9739952718676123,0.8982792485380323,test,logistic_regression,lr-oulad-academic-fail-c105-s42-v5
Precision-Recall,0.4085487077534791,0.9739336492890995,0.9001090588365395,test,logistic_regression,lr-oulad-academic-fail-c105-s42-v5
Precision-Recall,0.40755467196819084,0.9738717339667459,0.9005718903032879,test,logistic_regression,lr-oulad-academic-fail-c105-s42-v5
Precision-Recall,0.40656063618290256,0.9738095238095238,0.9007222556183258,test,logistic_regression,lr-oulad-academic-fail-c105-s42-v5
Precision-Recall,0.40656063618290256,0.9761336515513126,0.9012013969915874,test,logistic_regression,lr-oulad-academic-fail-c105-s42-v5
Precision-Recall,0.40556660039761433,0.9760765550239234,0.9016318099984499,test,logistic_regression,lr-oulad-academic-fail-c105-s42-v5
Precision-Recall,0.40457256461232605,0.9760191846522782,0.9025540874286602,test,logistic_regression,lr-oulad-academic-fail-c105-s42-v5
Precision-Recall,0.40457256461232605,0.9783653846153846,0.903285495071499,test,logistic_regression,lr-oulad-academic-fail-c105-s42-v5
Precision-Recall,0.40357852882703776,0.9783132530120482,0.9038462664534317,test,logistic_regression,lr-oulad-academic-fail-c105-s42-v5
Precision-Recall,0.4025844930417495,0.9782608695652174,0.907098473446793,test,logistic_regression,lr-oulad-academic-fail-c105-s42-v5
Precision-Recall,0.40159045725646125,0.9782082324455206,0.9071812158265871,test,logistic_regression,lr-oulad-academic-fail-c105-s42-v5
Precision-Recall,0.40059642147117297,0.9781553398058253,0.9074365613099165,test,logistic_regression,lr-oulad-academic-fail-c105-s42-v5
Precision-Recall,0.3996023856858847,0.9781021897810219,0.9088261425613873,test,logistic_regression,lr-oulad-academic-fail-c105-s42-v5
Precision-Recall,0.3986083499005964,0.9780487804878049,0.9088804106570507,test,logistic_regression,lr-oulad-academic-fail-c105-s42-v5
Precision-Recall,0.3976143141153082,0.9779951100244498,0.9094186166980451,test,logistic_regression,lr-oulad-academic-fail-c105-s42-v5
Precision-Recall,0.3966202783300199,0.9779411764705882,0.9094619119322395,test,logistic_regression,lr-oulad-academic-fail-c105-s42-v5
Precision-Recall,0.3966202783300199,0.9803439803439803,0.9100748800282898,test,logistic_regression,lr-oulad-academic-fail-c105-s42-v5
Precision-Recall,0.3956262425447316,0.9802955665024631,0.9104277531994713,test,logistic_regression,lr-oulad-academic-fail-c105-s42-v5
Precision-Recall,0.3946322067594433,0.980246913580247,0.9131704358800691,test,logistic_regression,lr-oulad-academic-fail-c105-s42-v5
Precision-Recall,0.39363817097415504,0.9801980198019802,0.9137410469230197,test,logistic_regression,lr-oulad-academic-fail-c105-s42-v5
Precision-Recall,0.3926441351888668,0.9801488833746899,0.9139898111613912,test,logistic_regression,lr-oulad-academic-fail-c105-s42-v5
Precision-Recall,0.3926441351888668,0.9825870646766169,0.9145023788807659,test,logistic_regression,lr-oulad-academic-fail-c105-s42-v5
Precision-Recall,0.39165009940357853,0.9825436408977556,0.9147271296948652,test,logistic_regression,lr-oulad-academic-fail-c105-s42-v5
Precision-Recall,0.39065606361829025,0.9825,0.9150087794429668,test,logistic_regression,lr-oulad-academic-fail-c105-s42-v5
Precision-Recall,0.38966202783300197,0.9824561403508771,0.9151562864880893,test,logistic_regression,lr-oulad-academic-fail-c105-s42-v5
Precision-Recall,0.38866799204771374,0.9824120603015075,0.9162320004336472,test,logistic_regression,lr-oulad-academic-fail-c105-s42-v5
Precision-Recall,0.38767395626242546,0.982367758186398,0.9165390905967751,test,logistic_regression,lr-oulad-academic-fail-c105-s42-v5
Precision-Recall,0.3866799204771372,0.9823232323232324,0.9172307013953044,test,logistic_regression,lr-oulad-academic-fail-c105-s42-v5
Precision-Recall,0.3856858846918489,0.9822784810126582,0.9182688103034159,test,logistic_regression,lr-oulad-academic-fail-c105-s42-v5
Precision-Recall,0.38469184890656066,0.9822335025380711,0.9209547342576915,test,logistic_regression,lr-oulad-academic-fail-c105-s42-v5
Precision-Recall,0.3836978131212724,0.9821882951653944,0.9209858194894892,test,logistic_regression,lr-oulad-academic-fail-c105-s42-v5
Precision-Recall,0.3827037773359841,0.9821428571428571,0.9210768644824986,test,logistic_regression,lr-oulad-academic-fail-c105-s42-v5
Precision-Recall,0.3817097415506958,0.9820971867007673,0.921951696373349,test,logistic_regression,lr-oulad-academic-fail-c105-s42-v5
Precision-Recall,0.38071570576540753,0.982051282051282,0.9228181287611671,test,logistic_regression,lr-oulad-academic-fail-c105-s42-v5
Precision-Recall,0.3797216699801193,0.9820051413881749,0.9240303749338712,test,logistic_regression,lr-oulad-academic-fail-c105-s42-v5
Precision-Recall,0.378727634194831,0.9819587628865979,0.9241317875612025,test,logistic_regression,lr-oulad-academic-fail-c105-s42-v5
Precision-Recall,0.37773359840954274,0.9819121447028424,0.9242606991919806,test,logistic_regression,lr-oulad-academic-fail-c105-s42-v5
Precision-Recall,0.37673956262425445,0.9818652849740933,0.9244578420120836,test,logistic_regression,lr-oulad-academic-fail-c105-s42-v5
Precision-Recall,0.3757455268389662,0.9818181818181818,0.9251440738498435,test,logistic_regression,lr-oulad-academic-fail-c105-s42-v5
Precision-Recall,0.37475149105367794,0.9817708333333334,0.925565976247986,test,logistic_regression,lr-oulad-academic-fail-c105-s42-v5
Precision-Recall,0.37375745526838966,0.9817232375979112,0.9256934278173611,test,logistic_regression,lr-oulad-academic-fail-c105-s42-v5
Precision-Recall,0.3727634194831014,0.981675392670157,0.9258505936346931,test,logistic_regression,lr-oulad-academic-fail-c105-s42-v5
Precision-Recall,0.3717693836978131,0.9816272965879265,0.9273964914715777,test,logistic_regression,lr-oulad-academic-fail-c105-s42-v5
Precision-Recall,0.37077534791252487,0.9815789473684211,0.9275868237350031,test,logistic_regression,lr-oulad-academic-fail-c105-s42-v5
Precision-Recall,0.3697813121272366,0.9815303430079155,0.9278698117235374,test,logistic_regression,lr-oulad-academic-fail-c105-s42-v5
Precision-Recall,0.3687872763419483,0.9814814814814815,0.9292190565092707,test,logistic_regression,lr-oulad-academic-fail-c105-s42-v5
Precision-Recall,0.36779324055666,0.9814323607427056,0.9299562093057842,test,logistic_regression,lr-oulad-academic-fail-c105-s42-v5
Precision-Recall,0.3667992047713718,0.9813829787234043,0.9308422165402984,test,logistic_regression,lr-oulad-academic-fail-c105-s42-v5
Precision-Recall,0.3658051689860835,0.9813333333333333,0.9309311399779249,test,logistic_regression,lr-oulad-academic-fail-c105-s42-v5
Precision-Recall,0.3648111332007952,0.9812834224598931,0.9312058071810189,test,logistic_regression,lr-oulad-academic-fail-c105-s42-v5
Precision-Recall,0.36381709741550694,0.9812332439678284,0.9318133458958967,test,logistic_regression,lr-oulad-academic-fail-c105-s42-v5
Precision-Recall,0.3628230616302187,0.9811827956989247,0.9325027618967815,test,logistic_regression,lr-oulad-academic-fail-c105-s42-v5
Precision-Recall,0.36182902584493043,0.9811320754716981,0.9326608216697189,test,logistic_regression,lr-oulad-academic-fail-c105-s42-v5
Precision-Recall,0.36182902584493043,0.9837837837837838,0.9333646098848573,test,logistic_regression,lr-oulad-academic-fail-c105-s42-v5
Precision-Recall,0.36083499005964215,0.983739837398374,0.9345381932386615,test,logistic_regression,lr-oulad-academic-fail-c105-s42-v5
Precision-Recall,0.35984095427435386,0.9836956521739131,0.9346859044139115,test,logistic_regression,lr-oulad-academic-fail-c105-s42-v5
Precision-Recall,0.3588469184890656,0.9836512261580381,0.9352428663137952,test,logistic_regression,lr-oulad-academic-fail-c105-s42-v5
Precision-Recall,0.35785288270377735,0.9836065573770492,0.9362127683527949,test,logistic_regression,lr-oulad-academic-fail-c105-s42-v5
Precision-Recall,0.35685884691848907,0.9835616438356164,0.9362398198891547,test,logistic_regression,lr-oulad-academic-fail-c105-s42-v5
Precision-Recall,0.3558648111332008,0.9835164835164835,0.9363487429404366,test,logistic_regression,lr-oulad-academic-fail-c105-s42-v5
Precision-Recall,0.3548707753479125,0.9834710743801653,0.9365371398984451,test,logistic_regression,lr-oulad-academic-fail-c105-s42-v5
Precision-Recall,0.3538767395626243,0.9834254143646409,0.9370202562775437,test,logistic_regression,lr-oulad-academic-fail-c105-s42-v5
Precision-Recall,0.352882703777336,0.9833795013850416,0.9397760233028379,test,logistic_regression,lr-oulad-academic-fail-c105-s42-v5
Precision-Recall,0.352882703777336,0.9861111111111112,0.9399544802540859,test,logistic_regression,lr-oulad-academic-fail-c105-s42-v5
Precision-Recall,0.3518886679920477,0.9860724233983287,0.9408267141601833,test,logistic_regression,lr-oulad-academic-fail-c105-s42-v5
Precision-Recall,0.3508946322067594,0.9860335195530726,0.9411540030165021,test,logistic_regression,lr-oulad-academic-fail-c105-s42-v5
Precision-Recall,0.3508946322067594,0.988795518207283,0.9430193877202604,test,logistic_regression,lr-oulad-academic-fail-c105-s42-v5
Precision-Recall,0.3508946322067594,0.9915730337078652,0.9432761901739944,test,logistic_regression,lr-oulad-academic-fail-c105-s42-v5
Precision-Recall,0.3499005964214712,0.9915492957746479,0.943781289271226,test,logistic_regression,lr-oulad-academic-fail-c105-s42-v5
Precision-Recall,0.3489065606361829,0.9915254237288136,0.9447634901119326,test,logistic_regression,lr-oulad-academic-fail-c105-s42-v5
Precision-Recall,0.34791252485089463,0.9915014164305949,0.9450052900825008,test,logistic_regression,lr-oulad-academic-fail-c105-s42-v5
Precision-Recall,0.34691848906560635,0.9914772727272727,0.9451399770780852,test,logistic_regression,lr-oulad-academic-fail-c105-s42-v5
Precision-Recall,0.34592445328031807,0.9914529914529915,0.9453929779660166,test,logistic_regression,lr-oulad-academic-fail-c105-s42-v5
Precision-Recall,0.34493041749502984,0.9914285714285714,0.945503422520252,test,logistic_regression,lr-oulad-academic-fail-c105-s42-v5
Precision-Recall,0.34393638170974156,0.9914040114613181,0.9467644478931563,test,logistic_regression,lr-oulad-academic-fail-c105-s42-v5
Precision-Recall,0.3429423459244533,0.9913793103448276,0.9473466925851097,test,logistic_regression,lr-oulad-academic-fail-c105-s42-v5
Precision-Recall,0.341948310139165,0.9913544668587896,0.9483624024781034,test,logistic_regression,lr-oulad-academic-fail-c105-s42-v5
Precision-Recall,0.34095427435387676,0.9913294797687862,0.9502246620119702,test,logistic_regression,lr-oulad-academic-fail-c105-s42-v5
Precision-Recall,0.3399602385685885,0.991304347826087,0.9507398287116903,test,logistic_regression,lr-oulad-academic-fail-c105-s42-v5
Precision-Recall,0.3389662027833002,0.9912790697674418,0.9508706833868827,test,logistic_regression,lr-oulad-academic-fail-c105-s42-v5
Precision-Recall,0.3379721669980119,0.9912536443148688,0.9526448404218687,test,logistic_regression,lr-oulad-academic-fail-c105-s42-v5
Precision-Recall,0.33697813121272363,0.9912280701754386,0.9534849176233821,test,logistic_regression,lr-oulad-academic-fail-c105-s42-v5
Precision-Recall,0.3359840954274354,0.9912023460410557,0.9539819867027826,test,logistic_regression,lr-oulad-academic-fail-c105-s42-v5
Precision-Recall,0.3349900596421471,0.9911764705882353,0.9540379995305094,test,logistic_regression,lr-oulad-academic-fail-c105-s42-v5
Precision-Recall,0.33399602385685884,0.9911504424778761,0.954229131121673,test,logistic_regression,lr-oulad-academic-fail-c105-s42-v5
Precision-Recall,0.33300198807157055,0.9911242603550295,0.954709803708636,test,logistic_regression,lr-oulad-academic-fail-c105-s42-v5
Precision-Recall,0.3320079522862823,0.9910979228486647,0.9547919602585828,test,logistic_regression,lr-oulad-academic-fail-c105-s42-v5
Precision-Recall,0.33101391650099404,0.9910714285714286,0.9550088546957374,test,logistic_regression,lr-oulad-academic-fail-c105-s42-v5
Precision-Recall,0.33001988071570576,0.991044776119403,0.9561781523758431,test,logistic_regression,lr-oulad-academic-fail-c105-s42-v5
Precision-Recall,0.3290258449304175,0.9910179640718563,0.9563753419316382,test,logistic_regression,lr-oulad-academic-fail-c105-s42-v5
Precision-Recall,0.32803180914512925,0.990990990990991,0.9565997703733301,test,logistic_regression,lr-oulad-academic-fail-c105-s42-v5
Precision-Recall,0.32703777335984097,0.9909638554216867,0.9568019319300654,test,logistic_regression,lr-oulad-academic-fail-c105-s42-v5
Precision-Recall,0.3260437375745527,0.9909365558912386,0.9572775265405309,test,logistic_regression,lr-oulad-academic-fail-c105-s42-v5
Precision-Recall,0.3250497017892644,0.990909090909091,0.9573680287917361,test,logistic_regression,lr-oulad-academic-fail-c105-s42-v5
Precision-Recall,0.3240556660039761,0.9908814589665653,0.9576112397258714,test,logistic_regression,lr-oulad-academic-fail-c105-s42-v5
Precision-Recall,0.3230616302186879,0.9908536585365854,0.9581619171232404,test,logistic_regression,lr-oulad-academic-fail-c105-s42-v5
Precision-Recall,0.3220675944333996,0.9908256880733946,0.9586519240619856,test,logistic_regression,lr-oulad-academic-fail-c105-s42-v5
Precision-Recall,0.3220675944333996,0.9938650306748467,0.959040782935752,test,logistic_regression,lr-oulad-academic-fail-c105-s42-v5
Precision-Recall,0.3210735586481113,0.9938461538461538,0.9602770938366596,test,logistic_regression,lr-oulad-academic-fail-c105-s42-v5
Precision-Recall,0.32007952286282304,0.9938271604938271,0.9603138166166076,test,logistic_regression,lr-oulad-academic-fail-c105-s42-v5
Precision-Recall,0.3190854870775348,0.9938080495356038,0.9604784597683513,test,logistic_regression,lr-oulad-academic-fail-c105-s42-v5
Precision-Recall,0.31809145129224653,0.9937888198757764,0.9618422156725009,test,logistic_regression,lr-oulad-academic-fail-c105-s42-v5
Precision-Recall,0.31709741550695825,0.9937694704049844,0.9620126016923781,test,logistic_regression,lr-oulad-academic-fail-c105-s42-v5
Precision-Recall,0.31610337972166996,0.99375,0.9625116630141228,test,logistic_regression,lr-oulad-academic-fail-c105-s42-v5
Precision-Recall,0.31510934393638174,0.9937304075235109,0.9634705997367825,test,logistic_regression,lr-oulad-academic-fail-c105-s42-v5
Precision-Recall,0.31411530815109345,0.9937106918238994,0.9651318928088213,test,logistic_regression,lr-oulad-academic-fail-c105-s42-v5
Precision-Recall,0.31312127236580517,0.9936908517350158,0.9653774682426832,test,logistic_regression,lr-oulad-academic-fail-c105-s42-v5
Precision-Recall,0.3121272365805169,0.9936708860759493,0.9671452768311737,test,logistic_regression,lr-oulad-academic-fail-c105-s42-v5
Precision-Recall,0.3111332007952286,0.9936507936507937,0.9675093687664332,test,logistic_regression,lr-oulad-academic-fail-c105-s42-v5
Precision-Recall,0.3101391650099404,0.9936305732484076,0.9677888723134382,test,logistic_regression,lr-oulad-academic-fail-c105-s42-v5
Precision-Recall,0.3091451292246521,0.9936102236421726,0.9680820281078761,test,logistic_regression,lr-oulad-academic-fail-c105-s42-v5
Precision-Recall,0.3081510934393638,0.9935897435897436,0.9684505303767766,test,logistic_regression,lr-oulad-academic-fail-c105-s42-v5
Precision-Recall,0.3071570576540755,0.9935691318327974,0.9686305155409144,test,logistic_regression,lr-oulad-academic-fail-c105-s42-v5
Precision-Recall,0.3061630218687873,0.9935483870967742,0.9691932090049524,test,logistic_regression,lr-oulad-academic-fail-c105-s42-v5
Precision-Recall,0.305168986083499,0.9935275080906149,0.9692389965619111,test,logistic_regression,lr-oulad-academic-fail-c105-s42-v5
Precision-Recall,0.30417495029821073,0.9935064935064936,0.9700080666976992,test,logistic_regression,lr-oulad-academic-fail-c105-s42-v5
Precision-Recall,0.30318091451292245,0.993485342019544,0.9702923281786272,test,logistic_regression,lr-oulad-academic-fail-c105-s42-v5
Precision-Recall,0.30218687872763417,0.9934640522875817,0.9704054776315525,test,logistic_regression,lr-oulad-academic-fail-c105-s42-v5
Precision-Recall,0.30119284294234594,0.9934426229508196,0.9707466691306016,test,logistic_regression,lr-oulad-academic-fail-c105-s42-v5
Precision-Recall,0.30019880715705766,0.993421052631579,0.9716917710967605,test,logistic_regression,lr-oulad-academic-fail-c105-s42-v5
Precision-Recall,0.2992047713717694,0.9933993399339934,0.9718716965845958,test,logistic_regression,lr-oulad-academic-fail-c105-s42-v5
Precision-Recall,0.2992047713717694,0.9966887417218543,0.9718910576055173,test,logistic_regression,lr-oulad-academic-fail-c105-s42-v5
Precision-Recall,0.2982107355864811,0.9966777408637874,0.9726939607815515,test,logistic_regression,lr-oulad-academic-fail-c105-s42-v5
Precision-Recall,0.29721669980119286,0.9966666666666667,0.9733947038687146,test,logistic_regression,lr-oulad-academic-fail-c105-s42-v5
Precision-Recall,0.2962226640159046,0.9966555183946488,0.973606072408491,test,logistic_regression,lr-oulad-academic-fail-c105-s42-v5
Precision-Recall,0.2952286282306163,0.9966442953020134,0.9739741336036745,test,logistic_regression,lr-oulad-academic-fail-c105-s42-v5
Precision-Recall,0.294234592445328,0.9966329966329966,0.9740304437095978,test,logistic_regression,lr-oulad-academic-fail-c105-s42-v5
Precision-Recall,0.2932405566600398,0.9966216216216216,0.9740963672876769,test,logistic_regression,lr-oulad-academic-fail-c105-s42-v5
Precision-Recall,0.2922465208747515,0.9966101694915255,0.974348920596617,test,logistic_regression,lr-oulad-academic-fail-c105-s42-v5
Precision-Recall,0.2912524850894632,0.9965986394557823,0.9748853925999639,test,logistic_regression,lr-oulad-academic-fail-c105-s42-v5
Precision-Recall,0.29025844930417494,0.9965870307167235,0.9754294032804157,test,logistic_regression,lr-oulad-academic-fail-c105-s42-v5
Precision-Recall,0.28926441351888665,0.9965753424657534,0.9754682316534451,test,logistic_regression,lr-oulad-academic-fail-c105-s42-v5
Precision-Recall,0.2882703777335984,0.9965635738831615,0.9760477941692085,test,logistic_regression,lr-oulad-academic-fail-c105-s42-v5
Precision-Recall,0.28727634194831014,0.996551724137931,0.9760760747413483,test,logistic_regression,lr-oulad-academic-fail-c105-s42-v5
Precision-Recall,0.28628230616302186,0.9965397923875432,0.9761454363549182,test,logistic_regression,lr-oulad-academic-fail-c105-s42-v5
Precision-Recall,0.2852882703777336,0.9965277777777778,0.9761993119819208,test,logistic_regression,lr-oulad-academic-fail-c105-s42-v5
Precision-Recall,0.28429423459244535,0.9965156794425087,0.9762545079894734,test,logistic_regression,lr-oulad-academic-fail-c105-s42-v5
Precision-Recall,0.28330019880715707,0.9965034965034965,0.9762576693922915,test,logistic_regression,lr-oulad-academic-fail-c105-s42-v5
Precision-Recall,0.2823061630218688,0.9964912280701754,0.9764114922803468,test,logistic_regression,lr-oulad-academic-fail-c105-s42-v5
Precision-Recall,0.2813121272365805,0.9964788732394366,0.9767140591622715,test,logistic_regression,lr-oulad-academic-fail-c105-s42-v5
Precision-Recall,0.2803180914512923,0.9964664310954063,0.9769743342394948,test,logistic_regression,lr-oulad-academic-fail-c105-s42-v5
Precision-Recall,0.279324055666004,0.9964539007092199,0.9771450626078461,test,logistic_regression,lr-oulad-academic-fail-c105-s42-v5
Precision-Recall,0.2783300198807157,0.99644128113879,0.9771530107431183,test,logistic_regression,lr-oulad-academic-fail-c105-s42-v5
Precision-Recall,0.2773359840954274,0.9964285714285714,0.9773965985211636,test,logistic_regression,lr-oulad-academic-fail-c105-s42-v5
Precision-Recall,0.27634194831013914,0.996415770609319,0.9774895509562921,test,logistic_regression,lr-oulad-academic-fail-c105-s42-v5
Precision-Recall,0.2753479125248509,0.9964028776978417,0.9777226114014821,test,logistic_regression,lr-oulad-academic-fail-c105-s42-v5
Precision-Recall,0.27435387673956263,0.9963898916967509,0.977921003267843,test,logistic_regression,lr-oulad-academic-fail-c105-s42-v5
Precision-Recall,0.27335984095427435,0.9963768115942029,0.9779464048411703,test,logistic_regression,lr-oulad-academic-fail-c105-s42-v5
Precision-Recall,0.27236580516898606,0.9963636363636363,0.9783102306479827,test,logistic_regression,lr-oulad-academic-fail-c105-s42-v5
Precision-Recall,0.27137176938369784,0.9963503649635036,0.9785754891027669,test,logistic_regression,lr-oulad-academic-fail-c105-s42-v5
Precision-Recall,0.27037773359840955,0.9963369963369964,0.9785974732454826,test,logistic_regression,lr-oulad-academic-fail-c105-s42-v5
Precision-Recall,0.26938369781312127,0.9963235294117647,0.9787324934564764,test,logistic_regression,lr-oulad-academic-fail-c105-s42-v5
Precision-Recall,0.268389662027833,0.996309963099631,0.9788035495506833,test,logistic_regression,lr-oulad-academic-fail-c105-s42-v5
Precision-Recall,0.2673956262425447,0.9962962962962963,0.9793453136423437,test,logistic_regression,lr-oulad-academic-fail-c105-s42-v5
Precision-Recall,0.2664015904572565,0.9962825278810409,0.9800360195232775,test,logistic_regression,lr-oulad-academic-fail-c105-s42-v5
Precision-Recall,0.2654075546719682,0.996268656716418,0.9801092415037505,test,logistic_regression,lr-oulad-academic-fail-c105-s42-v5
Precision-Recall,0.2644135188866799,0.9962546816479401,0.9801689112176407,test,logistic_regression,lr-oulad-academic-fail-c105-s42-v5
Precision-Recall,0.2634194831013916,0.9962406015037594,0.9808712273586422,test,logistic_regression,lr-oulad-academic-fail-c105-s42-v5
Precision-Recall,0.2624254473161034,0.9962264150943396,0.9815849846351254,test,logistic_regression,lr-oulad-academic-fail-c105-s42-v5
Precision-Recall,0.2614314115308151,0.9962121212121212,0.9819015547240239,test,logistic_regression,lr-oulad-academic-fail-c105-s42-v5
Precision-Recall,0.26043737574552683,0.9961977186311787,0.9819590007165981,test,logistic_regression,lr-oulad-academic-fail-c105-s42-v5
Precision-Recall,0.25944333996023855,0.9961832061068703,0.9821710090514786,test,logistic_regression,lr-oulad-academic-fail-c105-s42-v5
Precision-Recall,0.2584493041749503,0.9961685823754789,0.9823869352726071,test,logistic_regression,lr-oulad-academic-fail-c105-s42-v5
Precision-Recall,0.25745526838966204,0.9961538461538462,0.9826200645257867,test,logistic_regression,lr-oulad-academic-fail-c105-s42-v5
Precision-Recall,0.25646123260437376,0.9961389961389961,0.9828683826970565,test,logistic_regression,lr-oulad-academic-fail-c105-s42-v5
Precision-Recall,0.2554671968190855,0.9961240310077519,0.9831038776379747,test,logistic_regression,lr-oulad-academic-fail-c105-s42-v5
Precision-Recall,0.2544731610337972,0.9961089494163424,0.9831153177617881,test,logistic_regression,lr-oulad-academic-fail-c105-s42-v5
Precision-Recall,0.25347912524850896,0.99609375,0.9837105362068316,test,logistic_regression,lr-oulad-academic-fail-c105-s42-v5
Precision-Recall,0.2524850894632207,0.996078431372549,0.984504123426964,test,logistic_regression,lr-oulad-academic-fail-c105-s42-v5
Precision-Recall,0.2514910536779324,0.9960629921259843,0.9852176769075702,test,logistic_regression,lr-oulad-academic-fail-c105-s42-v5
Precision-Recall,0.2504970178926441,0.9960474308300395,0.9852320732075298,test,logistic_regression,lr-oulad-academic-fail-c105-s42-v5
Precision-Recall,0.24950298210735586,0.996031746031746,0.9852826503953492,test,logistic_regression,lr-oulad-academic-fail-c105-s42-v5
Precision-Recall,0.2485089463220676,0.9960159362549801,0.9857105522218365,test,logistic_regression,lr-oulad-academic-fail-c105-s42-v5
Precision-Recall,0.24751491053677932,0.996,0.9858945950464433,test,logistic_regression,lr-oulad-academic-fail-c105-s42-v5
Precision-Recall,0.24652087475149106,0.9959839357429718,0.9860193668847207,test,logistic_regression,lr-oulad-academic-fail-c105-s42-v5
Precision-Recall,0.24552683896620278,0.9959677419354839,0.9867481921001745,test,logistic_regression,lr-oulad-academic-fail-c105-s42-v5
Precision-Recall,0.24453280318091453,0.9959514170040485,0.9870577357993672,test,logistic_regression,lr-oulad-academic-fail-c105-s42-v5
Precision-Recall,0.24353876739562624,0.9959349593495935,0.987060616249542,test,logistic_regression,lr-oulad-academic-fail-c105-s42-v5
Precision-Recall,0.24254473161033796,0.9959183673469387,0.9884371197965852,test,logistic_regression,lr-oulad-academic-fail-c105-s42-v5
Precision-Recall,0.2415506958250497,0.9959016393442623,0.9889922252283163,test,logistic_regression,lr-oulad-academic-fail-c105-s42-v5
Precision-Recall,0.24055666003976142,0.9958847736625515,0.9889992654298785,test,logistic_regression,lr-oulad-academic-fail-c105-s42-v5
Precision-Recall,0.23956262425447317,0.9958677685950413,0.9892920535633887,test,logistic_regression,lr-oulad-academic-fail-c105-s42-v5
Precision-Recall,0.23856858846918488,0.995850622406639,0.989442837603011,test,logistic_regression,lr-oulad-academic-fail-c105-s42-v5
Precision-Recall,0.23757455268389663,0.9958333333333333,0.9897210447175481,test,logistic_regression,lr-oulad-academic-fail-c105-s42-v5
Precision-Recall,0.23658051689860835,0.99581589958159,0.9899203047826004,test,logistic_regression,lr-oulad-academic-fail-c105-s42-v5
Precision-Recall,0.2355864811133201,0.9957983193277311,0.9899686915383793,test,logistic_regression,lr-oulad-academic-fail-c105-s42-v5
Precision-Recall,0.2345924453280318,0.9957805907172996,0.9900031670598238,test,logistic_regression,lr-oulad-academic-fail-c105-s42-v5
Precision-Recall,0.23359840954274355,0.9957627118644068,0.990291508397199,test,logistic_regression,lr-oulad-academic-fail-c105-s42-v5
Precision-Recall,0.23260437375745527,0.9957446808510638,0.9904100051806849,test,logistic_regression,lr-oulad-academic-fail-c105-s42-v5
Precision-Recall,0.23161033797216699,0.9957264957264957,0.9906614082554629,test,logistic_regression,lr-oulad-academic-fail-c105-s42-v5
Precision-Recall,0.23061630218687873,0.9957081545064378,0.9907380272892271,test,logistic_regression,lr-oulad-academic-fail-c105-s42-v5
Precision-Recall,0.22962226640159045,0.9956896551724138,0.9907559120216275,test,logistic_regression,lr-oulad-academic-fail-c105-s42-v5
Precision-Recall,0.2286282306163022,0.9956709956709957,0.9910628761657265,test,logistic_regression,lr-oulad-academic-fail-c105-s42-v5
Precision-Recall,0.2276341948310139,0.9956521739130435,0.9910810580086521,test,logistic_regression,lr-oulad-academic-fail-c105-s42-v5
Precision-Recall,0.22664015904572565,0.9956331877729258,0.9910985741216507,test,logistic_regression,lr-oulad-academic-fail-c105-s42-v5
Precision-Recall,0.22564612326043737,0.9956140350877193,0.9911407918878914,test,logistic_regression,lr-oulad-academic-fail-c105-s42-v5
Precision-Recall,0.22465208747514911,0.9955947136563876,0.9912446347199979,test,logistic_regression,lr-oulad-academic-fail-c105-s42-v5
Precision-Recall,0.22365805168986083,0.995575221238938,0.9913123775179894,test,logistic_regression,lr-oulad-academic-fail-c105-s42-v5
Precision-Recall,0.22266401590457258,0.9955555555555555,0.9913238363417055,test,logistic_regression,lr-oulad-academic-fail-c105-s42-v5
Precision-Recall,0.2216699801192843,0.9955357142857143,0.9914295348661757,test,logistic_regression,lr-oulad-academic-fail-c105-s42-v5
Precision-Recall,0.220675944333996,0.9955156950672646,0.9914844185340079,test,logistic_regression,lr-oulad-academic-fail-c105-s42-v5
Precision-Recall,0.21968190854870775,0.9954954954954955,0.9915958767163238,test,logistic_regression,lr-oulad-academic-fail-c105-s42-v5
Precision-Recall,0.21868787276341947,0.995475113122172,0.9916413547757155,test,logistic_regression,lr-oulad-academic-fail-c105-s42-v5
Precision-Recall,0.21769383697813122,0.9954545454545455,0.9917501865643653,test,logistic_regression,lr-oulad-academic-fail-c105-s42-v5
Precision-Recall,0.21669980119284293,0.9954337899543378,0.9917615201845069,test,logistic_regression,lr-oulad-academic-fail-c105-s42-v5
Precision-Recall,0.21570576540755468,0.9954128440366973,0.9918535317264402,test,logistic_regression,lr-oulad-academic-fail-c105-s42-v5
Precision-Recall,0.2147117296222664,0.9953917050691244,0.9922350992982459,test,logistic_regression,lr-oulad-academic-fail-c105-s42-v5
Precision-Recall,0.21371769383697814,0.9953703703703703,0.9925268166342135,test,logistic_regression,lr-oulad-academic-fail-c105-s42-v5
Precision-Recall,0.21272365805168986,0.9953488372093023,0.9927322056954156,test,logistic_regression,lr-oulad-academic-fail-c105-s42-v5
Precision-Recall,0.2117296222664016,0.9953271028037384,0.9928802456891694,test,logistic_regression,lr-oulad-academic-fail-c105-s42-v5
Precision-Recall,0.21073558648111332,0.9953051643192489,0.9931780917841482,test,logistic_regression,lr-oulad-academic-fail-c105-s42-v5
Precision-Recall,0.20974155069582506,0.9952830188679245,0.9933055978527644,test,logistic_regression,lr-oulad-academic-fail-c105-s42-v5
Precision-Recall,0.20874751491053678,0.995260663507109,0.9933566737205232,test,logistic_regression,lr-oulad-academic-fail-c105-s42-v5
Precision-Recall,0.2077534791252485,0.9952380952380953,0.9933584597450208,test,logistic_regression,lr-oulad-academic-fail-c105-s42-v5
Precision-Recall,0.20675944333996024,0.9952153110047847,0.9933939754424433,test,logistic_regression,lr-oulad-academic-fail-c105-s42-v5
Precision-Recall,0.20576540755467196,0.9951923076923077,0.9934096084342545,test,logistic_regression,lr-oulad-academic-fail-c105-s42-v5
Precision-Recall,0.2047713717693837,0.9951690821256038,0.9934306812290351,test,logistic_regression,lr-oulad-academic-fail-c105-s42-v5
Precision-Recall,0.20377733598409542,0.9951456310679612,0.9935921160360823,test,logistic_regression,lr-oulad-academic-fail-c105-s42-v5
Precision-Recall,0.20278330019880716,0.9951219512195122,0.9939102270253428,test,logistic_regression,lr-oulad-academic-fail-c105-s42-v5
Precision-Recall,0.20178926441351888,0.9950980392156863,0.9939322892501309,test,logistic_regression,lr-oulad-academic-fail-c105-s42-v5
Precision-Recall,0.20079522862823063,0.9950738916256158,0.9941474446456372,test,logistic_regression,lr-oulad-academic-fail-c105-s42-v5
Precision-Recall,0.19980119284294234,0.995049504950495,0.9942221272738092,test,logistic_regression,lr-oulad-academic-fail-c105-s42-v5
Precision-Recall,0.1988071570576541,0.9950248756218906,0.9942682242606761,test,logistic_regression,lr-oulad-academic-fail-c105-s42-v5
Precision-Recall,0.1978131212723658,0.995,0.9944335331775248,test,logistic_regression,lr-oulad-academic-fail-c105-s42-v5
Precision-Recall,0.19681908548707752,0.9949748743718593,0.9944442187268063,test,logistic_regression,lr-oulad-academic-fail-c105-s42-v5
Precision-Recall,0.19582504970178927,0.9949494949494949,0.9944981462140173,test,logistic_regression,lr-oulad-academic-fail-c105-s42-v5
Precision-Recall,0.19483101391650098,0.9949238578680203,0.9946748705242023,test,logistic_regression,lr-oulad-academic-fail-c105-s42-v5
Precision-Recall,0.19383697813121273,0.9948979591836735,0.994760651101493,test,logistic_regression,lr-oulad-academic-fail-c105-s42-v5
Precision-Recall,0.19284294234592445,0.9948717948717949,0.9947779316382311,test,logistic_regression,lr-oulad-academic-fail-c105-s42-v5
Precision-Recall,0.1918489065606362,0.9948453608247423,0.9949334089616118,test,logistic_regression,lr-oulad-academic-fail-c105-s42-v5
Precision-Recall,0.1908548707753479,0.9948186528497409,0.9949486515183442,test,logistic_regression,lr-oulad-academic-fail-c105-s42-v5
Precision-Recall,0.18986083499005965,0.9947916666666666,0.9950593176739996,test,logistic_regression,lr-oulad-academic-fail-c105-s42-v5
Precision-Recall,0.18886679920477137,0.9947643979057592,0.9950668740701022,test,logistic_regression,lr-oulad-academic-fail-c105-s42-v5
Precision-Recall,0.1878727634194831,0.9947368421052631,0.9951607737167775,test,logistic_regression,lr-oulad-academic-fail-c105-s42-v5
Precision-Recall,0.18687872763419483,0.9947089947089947,0.9951792413885316,test,logistic_regression,lr-oulad-academic-fail-c105-s42-v5
Precision-Recall,0.18588469184890655,0.9946808510638298,0.995303180454315,test,logistic_regression,lr-oulad-academic-fail-c105-s42-v5
Precision-Recall,0.1848906560636183,0.9946524064171123,0.9954884261878263,test,logistic_regression,lr-oulad-academic-fail-c105-s42-v5
Precision-Recall,0.1848906560636183,1.0,0.9955067386750052,test,logistic_regression,lr-oulad-academic-fail-c105-s42-v5
Precision-Recall,0.18389662027833,1.0,0.9955424391973507,test,logistic_regression,lr-oulad-academic-fail-c105-s42-v5
Precision-Recall,0.18290258449304175,1.0,0.9955911352497742,test,logistic_regression,lr-oulad-academic-fail-c105-s42-v5
Precision-Recall,0.18190854870775347,1.0,0.9956108961252315,test,logistic_regression,lr-oulad-academic-fail-c105-s42-v5
Precision-Recall,0.18091451292246521,1.0,0.9956754352959962,test,logistic_regression,lr-oulad-academic-fail-c105-s42-v5
Precision-Recall,0.17992047713717693,1.0,0.9956863989047359,test,logistic_regression,lr-oulad-academic-fail-c105-s42-v5
Precision-Recall,0.17892644135188868,1.0,0.9957433572330251,test,logistic_regression,lr-oulad-academic-fail-c105-s42-v5
Precision-Recall,0.1779324055666004,1.0,0.9958187844892614,test,logistic_regression,lr-oulad-academic-fail-c105-s42-v5
Precision-Recall,0.17693836978131214,1.0,0.9958674472107886,test,logistic_regression,lr-oulad-academic-fail-c105-s42-v5
Precision-Recall,0.17594433399602386,1.0,0.9959708913070107,test,logistic_regression,lr-oulad-academic-fail-c105-s42-v5
Precision-Recall,0.1749502982107356,1.0,0.9959888125380951,test,logistic_regression,lr-oulad-academic-fail-c105-s42-v5
Precision-Recall,0.17395626242544732,1.0,0.9960049589152185,test,logistic_regression,lr-oulad-academic-fail-c105-s42-v5
Precision-Recall,0.17296222664015903,1.0,0.9960505050432902,test,logistic_regression,lr-oulad-academic-fail-c105-s42-v5
Precision-Recall,0.17196819085487078,1.0,0.9962001154164734,test,logistic_regression,lr-oulad-academic-fail-c105-s42-v5
Precision-Recall,0.1709741550695825,1.0,0.9962147142178411,test,logistic_regression,lr-oulad-academic-fail-c105-s42-v5
Precision-Recall,0.16998011928429424,1.0,0.9962577246436632,test,logistic_regression,lr-oulad-academic-fail-c105-s42-v5
Precision-Recall,0.16898608349900596,1.0,0.9963563103056389,test,logistic_regression,lr-oulad-academic-fail-c105-s42-v5
Precision-Recall,0.1679920477137177,1.0,0.9963704348585533,test,logistic_regression,lr-oulad-academic-fail-c105-s42-v5
Precision-Recall,0.16699801192842942,1.0,0.9963762426629434,test,logistic_regression,lr-oulad-academic-fail-c105-s42-v5
Precision-Recall,0.16600397614314116,1.0,0.9964196849363837,test,logistic_regression,lr-oulad-academic-fail-c105-s42-v5
Precision-Recall,0.16500994035785288,1.0,0.9964254977350344,test,logistic_regression,lr-oulad-academic-fail-c105-s42-v5
Precision-Recall,0.16401590457256462,1.0,0.9964794368246324,test,logistic_regression,lr-oulad-academic-fail-c105-s42-v5
Precision-Recall,0.16302186878727634,1.0,0.9965238566139132,test,logistic_regression,lr-oulad-academic-fail-c105-s42-v5
Precision-Recall,0.16202783300198806,1.0,0.9965768572184015,test,logistic_regression,lr-oulad-academic-fail-c105-s42-v5
Precision-Recall,0.1610337972166998,1.0,0.9965775501981053,test,logistic_regression,lr-oulad-academic-fail-c105-s42-v5
Precision-Recall,0.16003976143141152,1.0,0.9966655142722796,test,logistic_regression,lr-oulad-academic-fail-c105-s42-v5
Precision-Recall,0.15904572564612326,1.0,0.9966733841896496,test,logistic_regression,lr-oulad-academic-fail-c105-s42-v5
Precision-Recall,0.15805168986083498,1.0,0.9966839631742872,test,logistic_regression,lr-oulad-academic-fail-c105-s42-v5
Precision-Recall,0.15705765407554673,1.0,0.9966881724459475,test,logistic_regression,lr-oulad-academic-fail-c105-s42-v5
Precision-Recall,0.15606361829025844,1.0,0.9966937152681186,test,logistic_regression,lr-oulad-academic-fail-c105-s42-v5
Precision-Recall,0.1550695825049702,1.0,0.9967672159294862,test,logistic_regression,lr-oulad-academic-fail-c105-s42-v5
Precision-Recall,0.1540755467196819,1.0,0.9967705637867347,test,logistic_regression,lr-oulad-academic-fail-c105-s42-v5
Precision-Recall,0.15308151093439365,1.0,0.99684379437696,test,logistic_regression,lr-oulad-academic-fail-c105-s42-v5
Precision-Recall,0.15208747514910537,1.0,0.9969297880505205,test,logistic_regression,lr-oulad-academic-fail-c105-s42-v5
Precision-Recall,0.15109343936381708,1.0,0.9969382396426787,test,logistic_regression,lr-oulad-academic-fail-c105-s42-v5
Precision-Recall,0.15009940357852883,1.0,0.9970750353008977,test,logistic_regression,lr-oulad-academic-fail-c105-s42-v5
Precision-Recall,0.14910536779324055,1.0,0.9970869487861737,test,logistic_regression,lr-oulad-academic-fail-c105-s42-v5
Precision-Recall,0.1481113320079523,1.0,0.9972149415922936,test,logistic_regression,lr-oulad-academic-fail-c105-s42-v5
Precision-Recall,0.147117296222664,1.0,0.9972304072419093,test,logistic_regression,lr-oulad-academic-fail-c105-s42-v5
Precision-Recall,0.14612326043737575,1.0,0.9972602667735706,test,logistic_regression,lr-oulad-academic-fail-c105-s42-v5
Precision-Recall,0.14512922465208747,1.0,0.997264996743987,test,logistic_regression,lr-oulad-academic-fail-c105-s42-v5
Precision-Recall,0.1441351888667992,1.0,0.9972662240753625,test,logistic_regression,lr-oulad-academic-fail-c105-s42-v5
Precision-Recall,0.14314115308151093,1.0,0.9973601719464136,test,logistic_regression,lr-oulad-academic-fail-c105-s42-v5
Precision-Recall,0.14214711729622267,1.0,0.9973962539076988,test,logistic_regression,lr-oulad-academic-fail-c105-s42-v5
Precision-Recall,0.1411530815109344,1.0,0.9974052851307789,test,logistic_regression,lr-oulad-academic-fail-c105-s42-v5
Precision-Recall,0.14015904572564614,1.0,0.9974079865256313,test,logistic_regression,lr-oulad-academic-fail-c105-s42-v5
Precision-Recall,0.13916500994035785,1.0,0.9975442927613778,test,logistic_regression,lr-oulad-academic-fail-c105-s42-v5
Precision-Recall,0.13817097415506957,1.0,0.9976161300424894,test,logistic_regression,lr-oulad-academic-fail-c105-s42-v5
Precision-Recall,0.13717693836978131,1.0,0.9976294953898441,test,logistic_regression,lr-oulad-academic-fail-c105-s42-v5
Precision-Recall,0.13618290258449303,1.0,0.9976907961168944,test,logistic_regression,lr-oulad-academic-fail-c105-s42-v5
Precision-Recall,0.13518886679920478,1.0,0.9977315762265591,test,logistic_regression,lr-oulad-academic-fail-c105-s42-v5
Precision-Recall,0.1341948310139165,1.0,0.9977501307671718,test,logistic_regression,lr-oulad-academic-fail-c105-s42-v5
Precision-Recall,0.13320079522862824,1.0,0.997768715026053,test,logistic_regression,lr-oulad-academic-fail-c105-s42-v5
Precision-Recall,0.13220675944333996,1.0,0.9978905346361597,test,logistic_regression,lr-oulad-academic-fail-c105-s42-v5
Precision-Recall,0.1312127236580517,1.0,0.9979124341800445,test,logistic_regression,lr-oulad-academic-fail-c105-s42-v5
Precision-Recall,0.13021868787276342,1.0,0.9979162033945711,test,logistic_regression,lr-oulad-academic-fail-c105-s42-v5
Precision-Recall,0.12922465208747516,1.0,0.99799882614976,test,logistic_regression,lr-oulad-academic-fail-c105-s42-v5
Precision-Recall,0.12823061630218688,1.0,0.9980145308942387,test,logistic_regression,lr-oulad-academic-fail-c105-s42-v5
Precision-Recall,0.1272365805168986,1.0,0.9980287815727978,test,logistic_regression,lr-oulad-academic-fail-c105-s42-v5
Precision-Recall,0.12624254473161034,1.0,0.9980344566696133,test,logistic_regression,lr-oulad-academic-fail-c105-s42-v5
Precision-Recall,0.12524850894632206,1.0,0.9981244346871956,test,logistic_regression,lr-oulad-academic-fail-c105-s42-v5
Precision-Recall,0.1242544731610338,1.0,0.9981486577129768,test,logistic_regression,lr-oulad-academic-fail-c105-s42-v5
Precision-Recall,0.12326043737574553,1.0,0.9981676045807871,test,logistic_regression,lr-oulad-academic-fail-c105-s42-v5
Precision-Recall,0.12226640159045726,1.0,0.9981821955080281,test,logistic_regression,lr-oulad-academic-fail-c105-s42-v5
Precision-Recall,0.12127236580516898,1.0,0.9981995340491706,test,logistic_regression,lr-oulad-academic-fail-c105-s42-v5
Precision-Recall,0.12027833001988071,1.0,0.9982644427052049,test,logistic_regression,lr-oulad-academic-fail-c105-s42-v5
Precision-Recall,0.11928429423459244,1.0,0.9983122086413329,test,logistic_regression,lr-oulad-academic-fail-c105-s42-v5
Precision-Recall,0.11829025844930417,1.0,0.9983316106886675,test,logistic_regression,lr-oulad-academic-fail-c105-s42-v5
Precision-Recall,0.1172962226640159,1.0,0.9983415353525846,test,logistic_regression,lr-oulad-academic-fail-c105-s42-v5
Precision-Recall,0.11630218687872763,1.0,0.9984244070910959,test,logistic_regression,lr-oulad-academic-fail-c105-s42-v5
Precision-Recall,0.11530815109343936,1.0,0.9984370318059742,test,logistic_regression,lr-oulad-academic-fail-c105-s42-v5
Precision-Recall,0.1143141153081511,1.0,0.9985036150558463,test,logistic_regression,lr-oulad-academic-fail-c105-s42-v5
Precision-Recall,0.11332007952286283,1.0,0.9985286122849515,test,logistic_regression,lr-oulad-academic-fail-c105-s42-v5
Precision-Recall,0.11232604373757456,1.0,0.9985419619358324,test,logistic_regression,lr-oulad-academic-fail-c105-s42-v5
Precision-Recall,0.11133200795228629,1.0,0.9985471191919421,test,logistic_regression,lr-oulad-academic-fail-c105-s42-v5
Precision-Recall,0.110337972166998,1.0,0.9985859751000848,test,logistic_regression,lr-oulad-academic-fail-c105-s42-v5
Precision-Recall,0.10934393638170974,1.0,0.9985948581563314,test,logistic_regression,lr-oulad-academic-fail-c105-s42-v5
Precision-Recall,0.10834990059642147,1.0,0.9986149663550791,test,logistic_regression,lr-oulad-academic-fail-c105-s42-v5
Precision-Recall,0.1073558648111332,1.0,0.9986303518414813,test,logistic_regression,lr-oulad-academic-fail-c105-s42-v5
Precision-Recall,0.10636182902584493,1.0,0.9986769145465823,test,logistic_regression,lr-oulad-academic-fail-c105-s42-v5
Precision-Recall,0.10536779324055666,1.0,0.9986890701082676,test,logistic_regression,lr-oulad-academic-fail-c105-s42-v5
Precision-Recall,0.10437375745526839,1.0,0.9987095100029453,test,logistic_regression,lr-oulad-academic-fail-c105-s42-v5
Precision-Recall,0.10337972166998012,1.0,0.9987360402834748,test,logistic_regression,lr-oulad-academic-fail-c105-s42-v5
Precision-Recall,0.10238568588469185,1.0,0.9987500840547168,test,logistic_regression,lr-oulad-academic-fail-c105-s42-v5
Precision-Recall,0.10139165009940358,1.0,0.9987567823174739,test,logistic_regression,lr-oulad-academic-fail-c105-s42-v5
Precision-Recall,0.10039761431411531,1.0,0.9987716229960024,test,logistic_regression,lr-oulad-academic-fail-c105-s42-v5
Precision-Recall,0.09940357852882704,1.0,0.9987789193751908,test,logistic_regression,lr-oulad-academic-fail-c105-s42-v5
Precision-Recall,0.09840954274353876,1.0,0.9987961134770017,test,logistic_regression,lr-oulad-academic-fail-c105-s42-v5
Precision-Recall,0.09741550695825049,1.0,0.9988114131674801,test,logistic_regression,lr-oulad-academic-fail-c105-s42-v5
Precision-Recall,0.09642147117296222,1.0,0.9988265279273175,test,logistic_regression,lr-oulad-academic-fail-c105-s42-v5
Precision-Recall,0.09542743538767395,1.0,0.9988711557922928,test,logistic_regression,lr-oulad-academic-fail-c105-s42-v5
Precision-Recall,0.09443339960238568,1.0,0.9988944682803343,test,logistic_regression,lr-oulad-academic-fail-c105-s42-v5
Precision-Recall,0.09343936381709742,1.0,0.9989092629690857,test,logistic_regression,lr-oulad-academic-fail-c105-s42-v5
Precision-Recall,0.09244532803180915,1.0,0.9989355932698967,test,logistic_regression,lr-oulad-academic-fail-c105-s42-v5
Precision-Recall,0.09145129224652088,1.0,0.998941097066776,test,logistic_regression,lr-oulad-academic-fail-c105-s42-v5
Precision-Recall,0.09045725646123261,1.0,0.9989781887476183,test,logistic_regression,lr-oulad-academic-fail-c105-s42-v5
Precision-Recall,0.08946322067594434,1.0,0.9989798922311486,test,logistic_regression,lr-oulad-academic-fail-c105-s42-v5
Precision-Recall,0.08846918489065607,1.0,0.9989917711516594,test,logistic_regression,lr-oulad-academic-fail-c105-s42-v5
Precision-Recall,0.0874751491053678,1.0,0.9991129189724545,test,logistic_regression,lr-oulad-academic-fail-c105-s42-v5
Precision-Recall,0.08648111332007952,1.0,0.9991249802695582,test,logistic_regression,lr-oulad-academic-fail-c105-s42-v5
Precision-Recall,0.08548707753479125,1.0,0.9991343372948083,test,logistic_regression,lr-oulad-academic-fail-c105-s42-v5
Precision-Recall,0.08449304174950298,1.0,0.999157601280522,test,logistic_regression,lr-oulad-academic-fail-c105-s42-v5
Precision-Recall,0.08349900596421471,1.0,0.9991610927164969,test,logistic_regression,lr-oulad-academic-fail-c105-s42-v5
Precision-Recall,0.08250497017892644,1.0,0.9991632025679724,test,logistic_regression,lr-oulad-academic-fail-c105-s42-v5
Precision-Recall,0.08151093439363817,1.0,0.9992048830838984,test,logistic_regression,lr-oulad-academic-fail-c105-s42-v5
Precision-Recall,0.0805168986083499,1.0,0.9992195702864263,test,logistic_regression,lr-oulad-academic-fail-c105-s42-v5
Precision-Recall,0.07952286282306163,1.0,0.9992201892901403,test,logistic_regression,lr-oulad-academic-fail-c105-s42-v5
Precision-Recall,0.07852882703777336,1.0,0.9992331255959354,test,logistic_regression,lr-oulad-academic-fail-c105-s42-v5
Precision-Recall,0.0775347912524851,1.0,0.9992955449355815,test,logistic_regression,lr-oulad-academic-fail-c105-s42-v5
Precision-Recall,0.07654075546719682,1.0,0.9993078134304232,test,logistic_regression,lr-oulad-academic-fail-c105-s42-v5
Precision-Recall,0.07554671968190854,1.0,0.9993268131829169,test,logistic_regression,lr-oulad-academic-fail-c105-s42-v5
Precision-Recall,0.07455268389662027,1.0,0.9993279283578239,test,logistic_regression,lr-oulad-academic-fail-c105-s42-v5
Precision-Recall,0.073558648111332,1.0,0.9993345601306762,test,logistic_regression,lr-oulad-academic-fail-c105-s42-v5
Precision-Recall,0.07256461232604373,1.0,0.9993774218130964,test,logistic_regression,lr-oulad-academic-fail-c105-s42-v5
Precision-Recall,0.07157057654075547,1.0,0.9993951261240462,test,logistic_regression,lr-oulad-academic-fail-c105-s42-v5
Precision-Recall,0.0705765407554672,1.0,0.9994079270238874,test,logistic_regression,lr-oulad-academic-fail-c105-s42-v5
Precision-Recall,0.06958250497017893,1.0,0.9994338557997274,test,logistic_regression,lr-oulad-academic-fail-c105-s42-v5
Precision-Recall,0.06858846918489066,1.0,0.9994473796979607,test,logistic_regression,lr-oulad-academic-fail-c105-s42-v5
Precision-Recall,0.06759443339960239,1.0,0.9994556005710424,test,logistic_regression,lr-oulad-academic-fail-c105-s42-v5
Precision-Recall,0.06660039761431412,1.0,0.9994641066689055,test,logistic_regression,lr-oulad-academic-fail-c105-s42-v5
Precision-Recall,0.06560636182902585,1.0,0.9995182114608989,test,logistic_regression,lr-oulad-academic-fail-c105-s42-v5
Precision-Recall,0.06461232604373758,1.0,0.9995269864268489,test,logistic_regression,lr-oulad-academic-fail-c105-s42-v5
Precision-Recall,0.0636182902584493,1.0,0.9995368727532219,test,logistic_regression,lr-oulad-academic-fail-c105-s42-v5
Precision-Recall,0.06262425447316103,1.0,0.9995400963025511,test,logistic_regression,lr-oulad-academic-fail-c105-s42-v5
Precision-Recall,0.061630218687872766,1.0,0.9995472882255809,test,logistic_regression,lr-oulad-academic-fail-c105-s42-v5
Precision-Recall,0.06063618290258449,1.0,0.999571375906065,test,logistic_regression,lr-oulad-academic-fail-c105-s42-v5
Precision-Recall,0.05964214711729622,1.0,0.9995759302830513,test,logistic_regression,lr-oulad-academic-fail-c105-s42-v5
Precision-Recall,0.05864811133200795,1.0,0.999576637786202,test,logistic_regression,lr-oulad-academic-fail-c105-s42-v5
Precision-Recall,0.05765407554671968,1.0,0.9995856493351613,test,logistic_regression,lr-oulad-academic-fail-c105-s42-v5
Precision-Recall,0.05666003976143141,1.0,0.9995894916272261,test,logistic_regression,lr-oulad-academic-fail-c105-s42-v5
Precision-Recall,0.055666003976143144,1.0,0.9996215033320498,test,logistic_regression,lr-oulad-academic-fail-c105-s42-v5
Precision-Recall,0.05467196819085487,1.0,0.9996222155538491,test,logistic_regression,lr-oulad-academic-fail-c105-s42-v5
Precision-Recall,0.0536779324055666,1.0,0.9996225200541772,test,logistic_regression,lr-oulad-academic-fail-c105-s42-v5
Precision-Recall,0.05268389662027833,1.0,0.9996281699019803,test,logistic_regression,lr-oulad-academic-fail-c105-s42-v5
Precision-Recall,0.05168986083499006,1.0,0.9996292767237158,test,logistic_regression,lr-oulad-academic-fail-c105-s42-v5
Precision-Recall,0.05069582504970179,1.0,0.9996384876144813,test,logistic_regression,lr-oulad-academic-fail-c105-s42-v5
Precision-Recall,0.04970178926441352,1.0,0.9996391054053091,test,logistic_regression,lr-oulad-academic-fail-c105-s42-v5
Precision-Recall,0.048707753479125246,1.0,0.9996395805473668,test,logistic_regression,lr-oulad-academic-fail-c105-s42-v5
Precision-Recall,0.04771371769383698,1.0,0.999665823124836,test,logistic_regression,lr-oulad-academic-fail-c105-s42-v5
Precision-Recall,0.04671968190854871,1.0,0.999679969290886,test,logistic_regression,lr-oulad-academic-fail-c105-s42-v5
Precision-Recall,0.04572564612326044,1.0,0.999693941156834,test,logistic_regression,lr-oulad-academic-fail-c105-s42-v5
Precision-Recall,0.04473161033797217,1.0,0.9996995814666629,test,logistic_regression,lr-oulad-academic-fail-c105-s42-v5
Precision-Recall,0.0437375745526839,1.0,0.9997267423608711,test,logistic_regression,lr-oulad-academic-fail-c105-s42-v5
Precision-Recall,0.042743538767395624,1.0,0.9997331763958026,test,logistic_regression,lr-oulad-academic-fail-c105-s42-v5
Precision-Recall,0.041749502982107355,1.0,0.9997415184886431,test,logistic_regression,lr-oulad-academic-fail-c105-s42-v5
Precision-Recall,0.040755467196819085,1.0,0.9997581457817515,test,logistic_regression,lr-oulad-academic-fail-c105-s42-v5
Precision-Recall,0.039761431411530816,1.0,0.9997805938427665,test,logistic_regression,lr-oulad-academic-fail-c105-s42-v5
Precision-Recall,0.03876739562624255,1.0,0.9997836504316683,test,logistic_regression,lr-oulad-academic-fail-c105-s42-v5
Precision-Recall,0.03777335984095427,1.0,0.9997874011878943,test,logistic_regression,lr-oulad-academic-fail-c105-s42-v5
Precision-Recall,0.036779324055666,1.0,0.9997908718179025,test,logistic_regression,lr-oulad-academic-fail-c105-s42-v5
Precision-Recall,0.03578528827037773,1.0,0.9998062163574577,test,logistic_regression,lr-oulad-academic-fail-c105-s42-v5
Precision-Recall,0.03479125248508946,1.0,0.9998095278414462,test,logistic_regression,lr-oulad-academic-fail-c105-s42-v5
Precision-Recall,0.033797216699801194,1.0,0.9998098758920637,test,logistic_regression,lr-oulad-academic-fail-c105-s42-v5
Precision-Recall,0.032803180914512925,1.0,0.999825180242146,test,logistic_regression,lr-oulad-academic-fail-c105-s42-v5
Precision-Recall,0.03180914512922465,1.0,0.9998252367769387,test,logistic_regression,lr-oulad-academic-fail-c105-s42-v5
Precision-Recall,0.030815109343936383,1.0,0.9998313298854488,test,logistic_regression,lr-oulad-academic-fail-c105-s42-v5
Precision-Recall,0.02982107355864811,1.0,0.9998479063604315,test,logistic_regression,lr-oulad-academic-fail-c105-s42-v5
Precision-Recall,0.02882703777335984,1.0,0.9998563017785697,test,logistic_regression,lr-oulad-academic-fail-c105-s42-v5
Precision-Recall,0.027833001988071572,1.0,0.9998572509145229,test,logistic_regression,lr-oulad-academic-fail-c105-s42-v5
Precision-Recall,0.0268389662027833,1.0,0.9998579604958352,test,logistic_regression,lr-oulad-academic-fail-c105-s42-v5
Precision-Recall,0.02584493041749503,1.0,0.9998606661887262,test,logistic_regression,lr-oulad-academic-fail-c105-s42-v5
Precision-Recall,0.02485089463220676,1.0,0.9998697592213917,test,logistic_regression,lr-oulad-academic-fail-c105-s42-v5
Precision-Recall,0.02385685884691849,1.0,0.9998790089402204,test,logistic_regression,lr-oulad-academic-fail-c105-s42-v5
Precision-Recall,0.02286282306163022,1.0,0.9998820757165661,test,logistic_regression,lr-oulad-academic-fail-c105-s42-v5
Precision-Recall,0.02186878727634195,1.0,0.999883422540838,test,logistic_regression,lr-oulad-academic-fail-c105-s42-v5
Precision-Recall,0.020874751491053677,1.0,0.999883954184453,test,logistic_regression,lr-oulad-academic-fail-c105-s42-v5
Precision-Recall,0.019880715705765408,1.0,0.9999013158635232,test,logistic_regression,lr-oulad-academic-fail-c105-s42-v5
Precision-Recall,0.018886679920477135,1.0,0.9999130045268919,test,logistic_regression,lr-oulad-academic-fail-c105-s42-v5
Precision-Recall,0.017892644135188866,1.0,0.9999204122723118,test,logistic_regression,lr-oulad-academic-fail-c105-s42-v5
Precision-Recall,0.016898608349900597,1.0,0.99992301882263,test,logistic_regression,lr-oulad-academic-fail-c105-s42-v5
Precision-Recall,0.015904572564612324,1.0,0.9999259288992285,test,logistic_regression,lr-oulad-academic-fail-c105-s42-v5
Precision-Recall,0.014910536779324055,1.0,0.9999276207893673,test,logistic_regression,lr-oulad-academic-fail-c105-s42-v5
Precision-Recall,0.013916500994035786,1.0,0.9999385665919063,test,logistic_regression,lr-oulad-academic-fail-c105-s42-v5
Precision-Recall,0.012922465208747515,1.0,0.9999411449375032,test,logistic_regression,lr-oulad-academic-fail-c105-s42-v5
Precision-Recall,0.011928429423459244,1.0,0.9999512851087164,test,logistic_regression,lr-oulad-academic-fail-c105-s42-v5
Precision-Recall,0.010934393638170975,1.0,0.9999589932358298,test,logistic_regression,lr-oulad-academic-fail-c105-s42-v5
Precision-Recall,0.009940357852882704,1.0,0.9999611652657314,test,logistic_regression,lr-oulad-academic-fail-c105-s42-v5
Precision-Recall,0.008946322067594433,1.0,0.999966852788959,test,logistic_regression,lr-oulad-academic-fail-c105-s42-v5
Precision-Recall,0.007952286282306162,1.0,0.9999669700713889,test,logistic_regression,lr-oulad-academic-fail-c105-s42-v5
Precision-Recall,0.006958250497017893,1.0,0.9999671549978019,test,logistic_regression,lr-oulad-academic-fail-c105-s42-v5
Precision-Recall,0.005964214711729622,1.0,0.9999729112708359,test,logistic_regression,lr-oulad-academic-fail-c105-s42-v5
Precision-Recall,0.004970178926441352,1.0,0.9999745087376152,test,logistic_regression,lr-oulad-academic-fail-c105-s42-v5
Precision-Recall,0.003976143141153081,1.0,0.9999770927918537,test,logistic_regression,lr-oulad-academic-fail-c105-s42-v5
Precision-Recall,0.002982107355864811,1.0,0.9999797495772116,test,logistic_regression,lr-oulad-academic-fail-c105-s42-v5
Precision-Recall,0.0019880715705765406,1.0,0.9999843537073222,test,logistic_regression,lr-oulad-academic-fail-c105-s42-v5
Precision-Recall,0.0009940357852882703,1.0,0.9999989669211155,test,logistic_regression,lr-oulad-academic-fail-c105-s42-v5
Precision-Recall,0.0,1.0,,test,logistic_regression,lr-oulad-academic-fail-c105-s42-v5
