threshold,accuracy,balanced_accuracy,precision,recall,f1,meets_minimum_recall,selected
0.05,0.5071785268414482,0.6356885981653302,0.3875147232037691,0.9811133200795229,0.5555868280326485,True,False
0.051000000000000004,0.5112359550561798,0.6383762936484821,0.38941548183254343,0.9801192842942346,0.5573770491803278,True,False
0.052000000000000005,0.5156054931335831,0.6415610070242783,0.39158061953931694,0.9801192842942346,0.5595913734392736,True,False
0.053000000000000005,0.5209113607990012,0.6454281589806022,0.3942423030787685,0.9801192842942346,0.5623039635015683,True,False
0.054,0.5243445692883895,0.6479304337758707,0.39598393574297186,0.9801192842942346,0.5640732265446224,True,False
0.055,0.5265293383270911,0.6495227904637688,0.39710028191703584,0.9801192842942346,0.5652049297793064,True,False
0.056,0.5284019975031211,0.6503485908932212,0.3978972907399919,0.9781312127236581,0.5656797930439782,True,False
0.057,0.5318352059925093,0.6528508656884897,0.39967506092607635,0.9781312127236581,0.5674740484429066,True,False
0.058,0.5362047440699126,0.6560355790642858,0.4019607843137255,0.9781312127236581,0.5697741748697163,True,False
0.059,0.5380774032459426,0.6568613794937382,0.4027891714520098,0.9761431411530815,0.570267131242741,True,False
0.06,0.5411985018726592,0.6588666363963624,0.40436933223413024,0.9751491053677932,0.5716783216783217,True,False
0.061,0.5452559300873908,0.6618238702453161,0.4065478657273104,0.9751491053677932,0.5738520035097981,True,False
0.062,0.5480649188514357,0.6638711859868993,0.40806988352745427,0.9751491053677932,0.575366568914956,True,False
0.063,0.552434456928839,0.6665168226310925,0.41031014249790443,0.9731610337972167,0.5772405660377359,True,False
0.064,0.5568039950062422,0.6691624592752855,0.4125844594594595,0.9711729622266402,0.5791345583876705,True,False
0.065,0.5611735330836455,0.6720776342852801,0.41496598639455784,0.9701789264413518,0.5812983918999405,True,False
0.066,0.5642946317103621,0.674352429553706,0.41673783091374894,0.9701789264413518,0.5830346475507766,True,False
0.067,0.5674157303370787,0.6763576864563303,0.4184549356223176,0.9691848906560636,0.5845323741007195,True,False
0.068,0.5696004993757803,0.6776805047784268,0.4196467040068936,0.9681908548707754,0.58551247370003,True,False
0.069,0.5730337078651685,0.6799132412078936,0.42157712305025996,0.967196819085487,0.5872057936028968,True,False
0.07,0.5767790262172284,0.6823734571642032,0.4237140366172624,0.9662027833001988,0.5890909090909091,True,False
0.071,0.5786516853932584,0.6837383343252587,0.42482517482517484,0.9662027833001988,0.5901639344262295,True,False
0.072,0.58270911360799,0.6864260298084107,0.4271887373515178,0.9652087475149106,0.59225373589509,True,False
0.073,0.5852059925093633,0.6882458660231514,0.42869757174392936,0.9652087475149106,0.5937022317334149,True,False
0.074,0.5880149812734082,0.6902931817647346,0.4304078014184397,0.9652087475149106,0.595340282035561,True,False
0.075,0.5892634207240949,0.6901249464088988,0.43092691622103385,0.9612326043737575,0.5950769230769231,True,False
0.076,0.5914481897627965,0.6914477647309953,0.43221476510067114,0.9602385685884692,0.5961123110151187,True,False
0.077,0.5933208489388264,0.6928126418920508,0.43337819650067294,0.9602385685884692,0.5972179289026275,True,False
0.078,0.5958177278401997,0.6940934013751884,0.4348218313035634,0.9582504970178927,0.5982004343779088,True,False
0.079,0.5973782771535581,0.6952307990094013,0.4358047016274864,0.9582504970178927,0.5991298943443132,True,False
0.08,0.600187265917603,0.6972781147509846,0.4375851112119837,0.9582504970178927,0.6008102212527268,True,False
0.08099999999999999,0.601123595505618,0.6976910149657107,0.4381255686988171,0.9572564612326043,0.601123595505618,True,False
0.08199999999999999,0.6039325842696629,0.6994687923414924,0.4398719707361683,0.9562624254473161,0.6025681177575948,True,False
0.08299999999999999,0.6067415730337079,0.7015161080830757,0.44168962350780533,0.9562624254473161,0.6042713567839196,True,False
0.08399999999999999,0.6101747815230961,0.7040183828783442,0.44393170281495153,0.9562624254473161,0.6063662149385439,True,False
0.08499999999999999,0.614856429463171,0.7074305757809829,0.44702602230483274,0.9562624254473161,0.6092463584547182,True,False
0.086,0.6179775280898876,0.7094358326836072,0.44906542056074766,0.9552683896620279,0.6109345200254291,True,False
0.087,0.6192259675405742,0.7098066740593745,0.449812382739212,0.9532803180914513,0.6112173358827279,True,False
0.088,0.6217228464419475,0.711626510274115,0.4515065913370998,0.9532803180914513,0.612779552715655,True,False
0.089,0.6242197253433208,0.7134463464888557,0.45321361058601134,0.9532803180914513,0.6143497757847534,True,False
0.09,0.6260923845193508,0.7145416852841097,0.45445920303605314,0.952286282306163,0.6152858060372511,True,False
0.091,0.6276529338327091,0.715409544552521,0.45549738219895286,0.9512922465208747,0.6160283231412939,True,False
0.092,0.6292134831460674,0.716546942186734,0.45658396946564883,0.9512922465208747,0.6170212765957447,True,False
0.093,0.6307740324594258,0.7171452630893438,0.45759463344513657,0.9493041749502982,0.6175234400258649,True,False
0.094,0.6354556803995006,0.7205574559919825,0.4609073359073359,0.9493041749502982,0.6205328135152697,True,False
0.095,0.6367041198501873,0.7214673740993529,0.46179883945841393,0.9493041749502982,0.6213402732595966,True,False
0.096,0.6401373283395755,0.7239696488946213,0.4642683519688867,0.9493041749502982,0.6235716617695071,True,False
0.097,0.6429463171036205,0.7257474262704031,0.4662756598240469,0.94831013916501,0.6251638269986893,True,False
0.09799999999999999,0.6463795255930087,0.7282497010656714,0.4687960687960688,0.94831013916501,0.6274251890825386,True,False
0.09899999999999999,0.648876404494382,0.7300695372804122,0.4706462752836704,0.94831013916501,0.629080118694362,True,False
0.09999999999999999,0.6523096129837703,0.7325718120756806,0.4732142857142857,0.94831013916501,0.6313699536730641,True,False
0.10099999999999999,0.6548064918851436,0.7343916482904213,0.4750996015936255,0.94831013916501,0.6330457863304578,True,False
0.102,0.6573033707865169,0.7362114845051619,0.477,0.94831013916501,0.6347305389221557,True,False
0.103,0.6579275905118602,0.7363969051930456,0.4774549098196393,0.9473161033797217,0.6349100599600267,True,False
0.104,0.6588639200998752,0.7368098054077717,0.4781516825715721,0.9463220675944334,0.635301968635302,True,False
0.10499999999999998,0.6619850187265918,0.7390846006761975,0.48056537102473496,0.9463220675944334,0.6374288583863408,True,False
0.10599999999999998,0.6641697877652933,0.7404074189982941,0.48225152129817445,0.9453280318091452,0.638683680322364,True,False
0.10699999999999998,0.6647940074906367,0.7405928396861777,0.48272357723577236,0.9443339960238568,0.6388702084734365,True,False
0.10799999999999998,0.6666666666666666,0.7416881784814318,0.48418367346938773,0.9433399602385686,0.6399190829399866,True,False
0.10899999999999999,0.6669787765293383,0.7416461196424727,0.4844149207971385,0.9423459244532804,0.6398920013499831,True,False
0.10999999999999999,0.6669787765293383,0.7411070429108697,0.48438300051203276,0.9403578528827038,0.6394052044609665,True,False
0.11099999999999999,0.6697877652933832,0.7431543586524529,0.48662551440329216,0.9403578528827038,0.6413559322033898,True,False
0.11199999999999999,0.6719725343320849,0.744746715340351,0.48838409912235414,0.9403578528827038,0.6428814135236154,True,False
0.11299999999999999,0.6738451935081149,0.7458420541356049,0.48989113530326595,0.9393638170974155,0.6439522998296422,True,False
0.11399999999999999,0.6738451935081149,0.7447639006723987,0.4898490369599167,0.9353876739562624,0.6429791595490263,True,False
0.11499999999999999,0.6750936329588015,0.745134742048166,0.490852064819655,0.9333996023856859,0.6433710174717369,True,False
0.11599999999999999,0.6785268414481898,0.7476370168434343,0.49369085173501576,0.9333996023856859,0.6458046767537826,True,False
0.11699999999999999,0.6797752808988764,0.7482773965850031,0.4947257383966245,0.9324055666003976,0.6464507236388698,True,False
0.118,0.6813358302122348,0.7488757174876131,0.4960254372019078,0.9304174950298211,0.64707915658486,True,False
0.119,0.6822721598002497,0.7490190793365377,0.4968085106382979,0.9284294234592445,0.6472626472626473,True,False
0.12,0.6838327091136079,0.7501564769707505,0.4981333333333333,0.9284294234592445,0.6483859770912878,True,False
0.12099999999999998,0.6857053682896379,0.751521354131806,0.49973247726056713,0.9284294234592445,0.6497391304347826,True,False
0.12199999999999998,0.6872659176029963,0.7523892134002175,0.5010741138560687,0.9274353876739563,0.6506276150627615,True,False
0.12299999999999998,0.6878901373283396,0.752035557356498,0.5016181229773463,0.9244532803180915,0.6503496503496503,True,False
0.12399999999999999,0.6885143570536829,0.75195143967858,0.5021645021645021,0.9224652087475149,0.6503153468815698,True,False
0.12499999999999999,0.6891385767790262,0.7521368603664637,0.5027114967462039,0.9214711729622267,0.6505263157894737,True,False
0.126,0.6913233458177278,0.7531901403227587,0.5046372067648663,0.9194831013916501,0.6516379006692498,True,False
0.127,0.6947565543071161,0.7556924151180271,0.5076838638858397,0.9194831013916501,0.6541725601131542,True,False
0.128,0.6963171036204744,0.7565602743864384,0.509090909090909,0.9184890656063618,0.6550868486352357,True,False
0.129,0.6978776529338327,0.7571585952890483,0.5105204872646734,0.9165009940357853,0.6557610241820768,True,False
0.13,0.6997503121098627,0.7585234724501038,0.5122222222222222,0.9165009940357853,0.6571632216678546,True,False
0.131,0.7019350811485643,0.7601158291380019,0.5142219743446738,0.9165009940357853,0.6588067166845302,True,False
0.132,0.7028714107365793,0.7607982677185297,0.5150837988826815,0.9165009940357853,0.6595135908440629,True,False
0.133,0.7050561797752809,0.7623906244064277,0.517106001121705,0.9165009940357853,0.6611688777339548,True,False
0.13399999999999998,0.7053682896379525,0.7623485655674687,0.5174157303370787,0.915506958250497,0.6611629576453697,True,False
0.13499999999999998,0.7072409488139825,0.7634439043627227,0.5191873589164786,0.9145129224652088,0.6623470122390209,True,False
0.13599999999999998,0.7088014981273408,0.7643117636311341,0.5206798866855524,0.9135188866799204,0.6632984482136413,True,False
0.13699999999999998,0.7091136079900124,0.7640001664263736,0.5210227272727272,0.911530815109344,0.6630513376717281,True,False
0.13799999999999998,0.7103620474406991,0.7649100845337439,0.5222095671981777,0.911530815109344,0.664011585807386,True,False
0.13899999999999998,0.7119225967540574,0.7657779438021552,0.5237278444825615,0.9105367793240556,0.6649727767695099,True,False
0.13999999999999999,0.7131710362047441,0.7666878619095255,0.5249283667621777,0.9105367793240556,0.6659396583060705,True,False
0.141,0.7147315855181023,0.7678252595437385,0.5264367816091954,0.9105367793240556,0.6671522214129643,True,False
0.142,0.7162921348314607,0.7686931188121499,0.5279861511829198,0.9095427435387674,0.6681270536692223,True,False
0.143,0.717852684144819,0.7695609780805612,0.52954808806489,0.9085487077534792,0.6691068814055637,True,False
0.144,0.718789013732834,0.7691652631978827,0.5306122448979592,0.904572564612326,0.6688717383314958,True,False
0.145,0.7197253433208489,0.7698477017784104,0.5315420560747663,0.904572564612326,0.6696100073583517,True,False
0.14599999999999996,0.7203495630461922,0.7703026608320958,0.5321637426900585,0.904572564612326,0.6701030927835051,True,False
0.14699999999999996,0.7219101123595506,0.7714400584663086,0.533724340175953,0.904572564612326,0.6713389893028403,True,False
0.14799999999999996,0.7225343320848939,0.7718950175199938,0.5343511450381679,0.904572564612326,0.6718346253229974,True,False
0.14899999999999997,0.7247191011235955,0.7734873742078918,0.5365566037735849,0.904572564612326,0.6735751295336787,True,False
0.14999999999999997,0.7259675405742821,0.7743972923152622,0.5378250591016549,0.904572564612326,0.6745737583395107,True,False
0.15099999999999997,0.7272159800249688,0.775037672056831,0.5391459074733096,0.9035785288270378,0.6753343239227341,True,False
0.15199999999999997,0.7278401997503121,0.7752230927447146,0.539833531510107,0.9025844930417495,0.6755952380952381,True,False
0.15299999999999997,0.7300249687890137,0.7768154494326127,0.542089552238806,0.9025844930417495,0.6773591943304738,True,False
0.15399999999999997,0.7309612983770287,0.7766892729157358,0.5432172869147659,0.8996023856858847,0.6773952095808383,True,False
0.15499999999999997,0.7309612983770287,0.7761501961841326,0.5433212996389891,0.8976143141153081,0.676911544227886,True,False
0.15599999999999997,0.7322097378277154,0.777060114291503,0.5446320868516284,0.8976143141153081,0.6779279279279279,True,False
0.15699999999999997,0.733458177278402,0.7779700323988734,0.5459492140266021,0.8976143141153081,0.6789473684210526,True,False
0.15799999999999997,0.733458177278402,0.7771614173014687,0.5461165048543689,0.8946322067594433,0.6782215523737755,True,False
0.15899999999999997,0.7331460674157303,0.77585578431142,0.5460085313833029,0.8906560636182903,0.6769928220627125,True,False
0.15999999999999998,0.7340823970037453,0.775729607794543,0.5471813725490197,0.8876739562624254,0.6770280515542078,True,False
0.16099999999999998,0.735330836454432,0.7766395259019133,0.5485257985257985,0.8876739562624254,0.6780561883067577,True,False
0.16199999999999998,0.7368913857677902,0.7777769235361263,0.5502156500308072,0.8876739562624254,0.6793457588436668,True,False
0.16299999999999998,0.7384519350811486,0.7789143211703391,0.5519159456118665,0.8876739562624254,0.680640243902439,True,False
0.16399999999999998,0.7390761548064919,0.7790997418582228,0.5526641883519207,0.8866799204771372,0.6809160305343511,True,False
0.16499999999999998,0.7409488139825219,0.7801950806534768,0.5547945205479452,0.885685884691849,0.6822358346094947,True,False
0.16599999999999998,0.7421972534332085,0.7808354603950456,0.55625,0.8846918489065606,0.6830391404451266,True,False
0.16699999999999998,0.7443820224719101,0.7824278170829436,0.5586942875078468,0.8846918489065606,0.6848787995382839,True,False
0.16799999999999998,0.7443820224719101,0.7813496636197375,0.5589905362776025,0.8807157057654076,0.6839058278656889,True,False
0.16899999999999998,0.7446941323345818,0.781038066414977,0.5594936708860759,0.878727634194831,0.6836813611755607,True,False
0.16999999999999998,0.7459425717852685,0.7816784461565458,0.5609911054637865,0.8777335984095428,0.6844961240310078,True,False
0.17099999999999999,0.7475031210986267,0.7822767670591555,0.5629392971246007,0.8757455268389662,0.6853364449630494,True,False
0.172,0.7484394506866417,0.7826896672738817,0.5641025641025641,0.8747514910536779,0.6858924395946999,True,False
0.173,0.7493757802746567,0.783102567488608,0.5652733118971061,0.8737574552683897,0.6864506052323311,True,False
0.174,0.7509363295880149,0.7839704267570193,0.5671834625322998,0.8727634194831014,0.687548942834769,True,False
0.175,0.75187265917603,0.7846528653375471,0.568284789644013,0.8727634194831014,0.6883575068600549,True,False
0.176,0.7540574282147315,0.7859756836596437,0.5709635416666666,0.8717693836978131,0.6900078678206137,True,False
0.177,0.7553058676654182,0.7868856017670139,0.5724543080939948,0.8717693836978131,0.6910953506698188,True,False
0.178,0.7553058676654182,0.7866160634012124,0.5725490196078431,0.8707753479125249,0.6908517350157729,True,False
0.179,0.7565543071161048,0.7875259815085827,0.5740498034076016,0.8707753479125249,0.6919431279620853,True,False
0.18,0.7565543071161048,0.7869869047769796,0.5742444152431012,0.8687872763419483,0.6914556962025317,True,False
0.181,0.7571785268414482,0.7874418638306648,0.575,0.8687872763419483,0.6920031670625495,True,False
0.182,0.7571785268414482,0.7871723254648633,0.575098814229249,0.8677932405566601,0.6917591125198098,True,False
0.183,0.7581148564294632,0.7875852256795894,0.5763384005287508,0.8667992047713717,0.6923382294561334,True,False
0.184,0.7578027465667915,0.7865491310553422,0.5762599469496021,0.8638170974155069,0.6913285600636436,True,False
0.185,0.7599875156054932,0.7881414877432402,0.5789473684210527,0.8638170974155069,0.6932588751495812,True,False
0.186,0.7599875156054932,0.7878719493774388,0.5790527018012008,0.8628230616302187,0.6930139720558882,True,False
0.187,0.7602996254681648,0.7880994289042813,0.5794392523364486,0.8628230616302187,0.6932907348242812,True,False
0.188,0.7606117353308365,0.7880573700653224,0.579933110367893,0.8618290258449304,0.6933226709316274,True,False
0.189,0.7612359550561798,0.7882427907532059,0.5808182427900738,0.8608349900596421,0.6936323588305967,True,False
0.19,0.7615480649188514,0.788200731914247,0.5813172043010753,0.8598409542743539,0.6936647955092221,True,False
0.19099999999999995,0.7624843945068664,0.7883440937631716,0.5827143821742066,0.8578528827037774,0.6940088459991958,True,False
0.19199999999999995,0.7631086142322098,0.7882599760852538,0.583728813559322,0.8558648111332008,0.694074969770254,True,False
0.19299999999999995,0.7634207240948814,0.7876788405146917,0.5844686648501363,0.852882703777336,0.6936135812449474,True,False
0.19399999999999995,0.764669163545568,0.788588758622062,0.5860655737704918,0.852882703777336,0.6947368421052632,True,False
0.19499999999999995,0.7652933832709113,0.7887741793099456,0.586986301369863,0.8518886679920478,0.6950527169505272,True,False
0.19599999999999995,0.7662297128589264,0.7891870795246718,0.5883161512027492,0.8508946322067594,0.6956521739130435,True,False
0.19699999999999995,0.766541822721598,0.7894145590515144,0.5887207702888583,0.8508946322067594,0.6959349593495935,True,False
0.19799999999999995,0.7687265917602997,0.7910069157394124,0.5915687629578438,0.8508946322067594,0.6979209131675499,True,False
0.19899999999999995,0.7699750312109863,0.7919168338467828,0.5932085932085932,0.8508946322067594,0.699060841159657,True,False
0.19999999999999996,0.7705992509363296,0.7918327161688649,0.5942936673625608,0.8489065606361829,0.6991404011461319,True,False
0.20099999999999996,0.7724719101123596,0.7931975933299203,0.596785464709993,0.8489065606361829,0.7008617152236356,True,False
0.20199999999999996,0.7740324594257179,0.7943349909641333,0.5988779803646563,0.8489065606361829,0.7023026315789473,True,False
0.20299999999999996,0.7749687890137328,0.795017429544661,0.6001405481377372,0.8489065606361829,0.7031700288184438,True,False
0.20399999999999996,0.7752808988764045,0.7947058323399006,0.6008462623413258,0.8469184890656064,0.7029702970297029,True,False
0.20499999999999996,0.7765293383270911,0.795615750447271,0.6025459688826026,0.8469184890656064,0.7041322314049587,True,False
0.20599999999999996,0.7784019975031211,0.7969806276083264,0.6051136363636364,0.8469184890656064,0.7058823529411765,True,False
0.20699999999999996,0.7805867665418227,0.7985729842962245,0.6081370449678801,0.8469184890656064,0.70793518903199,True,False
0.20799999999999996,0.7805867665418227,0.7980339075646214,0.6084466714387974,0.8449304174950298,0.7074490220557637,True,False
0.20899999999999996,0.781210986267166,0.7984888666183065,0.6093189964157706,0.8449304174950298,0.7080383173677635,True,False
0.20999999999999996,0.781210986267166,0.7979497898867034,0.6096333572969087,0.8429423459244533,0.7075511055486025,True,False
0.21099999999999997,0.782147315855181,0.7983626901014297,0.6111111111111112,0.841948310139165,0.7081939799331104,True,False
0.21199999999999997,0.7827715355805244,0.7985481107893133,0.6121562952243126,0.8409542743538767,0.7085427135678392,True,False
0.21299999999999997,0.784019975031211,0.7994580288966836,0.613933236574746,0.8409542743538767,0.709731543624161,True,False
0.21399999999999997,0.7852684144818977,0.7998288702724509,0.6160583941605839,0.8389662027833003,0.7104377104377104,True,False
0.21499999999999997,0.7862047440699126,0.800241770487177,0.6175824175824176,0.8379721669980119,0.7110923660902573,True,False
0.21599999999999997,0.7862047440699126,0.7997026937555739,0.6179279941219692,0.8359840954274353,0.710604140261935,True,False
0.21699999999999997,0.7874531835205992,0.8006126118629442,0.6197494473102432,0.8359840954274353,0.7118070249682606,True,False
0.21799999999999997,0.7880774032459426,0.8010675709166294,0.6206642066420665,0.8359840954274353,0.7124099957645066,True,False
0.21899999999999997,0.7883895131086143,0.8012950504434719,0.6211225997045791,0.8359840954274353,0.7127118644067797,True,False
0.21999999999999997,0.7893258426966292,0.8017079506581982,0.6226834692364714,0.8349900596421471,0.7133757961783439,True,False
0.22099999999999997,0.7896379525593009,0.8016658918192392,0.6233283803863299,0.8339960238568589,0.7134353741496599,True,False
0.22199999999999998,0.7905742821473158,0.802348330399767,0.6247207743857036,0.8339960238568589,0.7143465304384845,True,False
0.22299999999999998,0.7908863920099876,0.8025758099266096,0.6251862891207154,0.8339960238568589,0.7146507666098807,True,False
0.22399999999999998,0.7930711610486891,0.8041681666145077,0.6284644194756555,0.8339960238568589,0.7167876975651432,True,False
0.22499999999999998,0.7946317103620475,0.8053055642487206,0.630827067669173,0.8339960238568589,0.7183219178082192,True,False
0.22599999999999998,0.7940074906367042,0.8043115284634323,0.6302710843373494,0.8320079522862823,0.7172236503856041,True,False
0.22699999999999998,0.7946317103620475,0.8044969491513159,0.6314199395770392,0.831013916500994,0.7175965665236052,True,False
0.22799999999999998,0.7955680399500624,0.8049098493660422,0.6330553449583017,0.8300198807157058,0.7182795698924731,True,False
0.22899999999999998,0.7965043695380774,0.8055922879465699,0.6344984802431611,0.8300198807157058,0.719207579672696,True,False
0.22999999999999998,0.7965043695380774,0.8050532112149668,0.6349085365853658,0.8280318091451292,0.7187230371009491,True,False
0.23099999999999998,0.7971285892634207,0.805508170268652,0.6358778625954199,0.8280318091451292,0.7193436960276338,True,False
0.23199999999999998,0.7971285892634207,0.805508170268652,0.6358778625954199,0.8280318091451292,0.7193436960276338,True,False
0.23299999999999998,0.7971285892634207,0.8049690935370488,0.6362940275650842,0.8260437375745527,0.7188581314878892,True,False
0.23399999999999999,0.7971285892634207,0.8046995551712472,0.6365030674846626,0.8250497017892644,0.7186147186147186,True,False
0.235,0.7971285892634207,0.8041604784396441,0.6369230769230769,0.8230616302186878,0.7181266261925412,True,False
0.236,0.7971285892634207,0.8038909400738427,0.6371340523882897,0.8220675944333996,0.7178819444444444,True,False
0.237,0.797752808988764,0.8043458991275279,0.6381172839506173,0.8220675944333996,0.7185056472632494,True,False
0.238,0.798689138576779,0.8050283377080556,0.6395978344934261,0.8220675944333996,0.7194432361896477,True,False
0.239,0.800561797752809,0.8063932148691111,0.6425796425796426,0.8220675944333996,0.7213257740950719,True,False
0.24,0.8002496878901373,0.8056266586106654,0.6425233644859814,0.820079522862823,0.7205240174672489,True,False
0.241,0.8011860174781523,0.8063090971911931,0.6440281030444965,0.820079522862823,0.7214691735898557,True,False
0.24199999999999994,0.8014981273408239,0.8062670383522341,0.6447574334898278,0.8190854870775348,0.7215411558669002,True,False
0.24299999999999994,0.8014981273408239,0.8062670383522341,0.6447574334898278,0.8190854870775348,0.7215411558669002,True,False
0.24399999999999994,0.802434456928839,0.8069494769327619,0.6462745098039215,0.8190854870775348,0.7224901359053046,True,False
0.24499999999999994,0.802434456928839,0.8064104002011588,0.6467348544453186,0.8170974155069582,0.7220026350461133,True,False
0.24599999999999994,0.802434456928839,0.8064104002011588,0.6467348544453186,0.8170974155069582,0.7220026350461133,True,False
0.24699999999999994,0.8030586766541823,0.806865359254844,0.6477541371158393,0.8170974155069582,0.7226373626373627,True,False
0.24799999999999994,0.8039950062421972,0.8075477978353718,0.6492890995260664,0.8170974155069582,0.7235915492957746,True,False
0.24899999999999994,0.8046192259675405,0.8080027568890569,0.6503164556962026,0.8170974155069582,0.7242290748898679,True,False
0.24999999999999994,0.8058676654182272,0.8089126749964273,0.6523809523809524,0.8170974155069582,0.7255075022065314,True,False
0.25099999999999995,0.8058676654182272,0.8086431366306257,0.6526232114467408,0.81610337972167,0.7252650176678446,True,False
0.25199999999999995,0.8064918851435705,0.8090980956843109,0.6536624203821656,0.81610337972167,0.7259062776304156,True,False
0.25299999999999995,0.8083645443196005,0.8104629728453664,0.6568,0.81610337972167,0.7278368794326241,True,False
0.25399999999999995,0.8089887640449438,0.81064839353325,0.6581059390048154,0.8151093439363817,0.7282415630550622,True,False
0.25499999999999995,0.8093008739076155,0.8106063346942911,0.6588897827835881,0.8141153081510935,0.7283236994219653,True,False
0.25599999999999995,0.8089887640449438,0.8101093168016469,0.6586151368760065,0.8131212723658051,0.7277580071174378,True,False
0.25699999999999995,0.8093008739076155,0.810067257962688,0.6594027441485069,0.8121272365805169,0.7278396436525613,True,False
0.25799999999999995,0.8096129837702871,0.8100251991237291,0.6601941747572816,0.8111332007952287,0.727921498661909,True,False
0.25899999999999995,0.8093008739076155,0.8092586428652833,0.6601784266017843,0.8091451292246521,0.7271103171058508,True,False
0.25999999999999995,0.8099250936329588,0.8097136019189685,0.661251015434606,0.8091451292246521,0.7277603933839965,True,False
0.26099999999999995,0.8099250936329588,0.8097136019189685,0.661251015434606,0.8091451292246521,0.7277603933839965,True,False
0.26199999999999996,0.8099250936329588,0.8094440635531669,0.661513425549227,0.8081510934393639,0.72751677852349,True,False
0.26299999999999996,0.8099250936329588,0.8091745251873653,0.6617766911165445,0.8071570576540755,0.7272727272727273,True,False
0.26399999999999996,0.8102372034956304,0.8094020047142079,0.6623164763458401,0.8071570576540755,0.7275985663082437,True,False
0.26499999999999996,0.8096129837702871,0.8081384305631181,0.6620294599018003,0.8041749502982107,0.7262118491921006,True,False
0.26599999999999996,0.8099250936329588,0.8083659100899607,0.6625716625716626,0.8041749502982107,0.7265379434216435,True,False
0.26699999999999996,0.8099250936329588,0.8078268333583576,0.6631059983566147,0.8021868787276342,0.7260458839406208,True,False
0.26799999999999996,0.8111735330836455,0.8084672130999264,0.6655656482246077,0.8011928429423459,0.7271087054578259,True,False
0.26899999999999996,0.8114856429463171,0.8084251542609674,0.6663907284768212,0.8001988071570576,0.7271906052393857,True,False
0.26999999999999996,0.8124219725343321,0.8091075928414951,0.6680497925311203,0.8001988071570576,0.7281772953414745,True,False
0.27099999999999996,0.8130461922596754,0.8095625518951803,0.6691604322527016,0.8001988071570576,0.7288365776369398,True,False
0.27199999999999996,0.813358302122347,0.8097900314220229,0.6697171381031614,0.8001988071570576,0.7291666666666666,True,False
0.27299999999999996,0.8142946317103621,0.8102029316367492,0.6716791979949874,0.7992047713717694,0.7299137539718565,True,False
0.27399999999999997,0.8146067415730337,0.8104304111635917,0.6722408026755853,0.7992047713717694,0.7302452316076294,True,False
0.27499999999999997,0.815230961298377,0.8106158318514753,0.6736577181208053,0.7982107355864811,0.7306642402183804,True,False
0.27599999999999997,0.8149188514357054,0.8101188139588311,0.6733837111670865,0.7972166998011928,0.7300864815657715,True,False
0.27699999999999997,0.8158551810237203,0.8108012525393589,0.6750841750841751,0.7972166998011928,0.731084776663628,True,False
0.27799999999999997,0.8174157303370787,0.8119386501735719,0.6779374471682164,0.7972166998011928,0.7327546825034262,True,False
0.27899999999999997,0.818976279650437,0.8130760478077848,0.6808149405772496,0.7972166998011928,0.7344322344322345,True,False
0.27999999999999997,0.818976279650437,0.8130760478077848,0.6808149405772496,0.7972166998011928,0.7344322344322345,True,False
0.28099999999999997,0.8202247191011236,0.8139859659151552,0.6831345826235093,0.7972166998011928,0.7357798165137615,True,False
0.282,0.8208489388264669,0.8144409249688402,0.6843003412969283,0.7972166998011928,0.736455463728191,True,False
0.283,0.8208489388264669,0.8144409249688402,0.6843003412969283,0.7972166998011928,0.736455463728191,True,False
0.284,0.8205368289637952,0.8136743687103947,0.6843455945252352,0.7952286282306164,0.735632183908046,True,False
0.285,0.8211610486891385,0.8138597893982782,0.6858369098712447,0.794234592445328,0.7360663288807001,True,False
0.286,0.8211610486891385,0.8138597893982782,0.6858369098712447,0.794234592445328,0.7360663288807001,True,False
0.287,0.8217852684144819,0.8143147484519634,0.6870163370593293,0.794234592445328,0.7367450437989858,True,False
0.288,0.8224094881398252,0.8147697075056486,0.6881998277347114,0.794234592445328,0.7374250115366867,True,False
0.289,0.8227215980024969,0.8149971870324911,0.6887931034482758,0.794234592445328,0.7377654662973222,True,False
0.29,0.8230337078651685,0.8149551281935321,0.68971477960242,0.7932405566600398,0.7378640776699029,True,False
0.291,0.8233458177278402,0.8151826077203748,0.6903114186851211,0.7932405566600398,0.7382053654024052,True,False
0.292,0.8239700374531835,0.8153680284082583,0.6918402777777778,0.7922465208747514,0.7386468952734013,True,False
0.293,0.8239700374531835,0.8150984900424568,0.6921739130434783,0.7912524850894632,0.738404452690167,True,False
0.29399999999999993,0.8236579275905118,0.8143319337840111,0.6922406277244987,0.7892644135188867,0.7375754760798885,True,False
0.29499999999999993,0.8236579275905118,0.8140623954182096,0.6925764192139738,0.7882703777335984,0.7373314737331473,True,False
0.29599999999999993,0.8233458177278402,0.8132958391597639,0.6926444833625219,0.7862823061630219,0.7364990689013036,True,False
0.29699999999999993,0.8239700374531835,0.8137507982134491,0.6938596491228071,0.7862823061630219,0.7371854613233924,True,False
0.29799999999999993,0.8233458177278402,0.8127567624281608,0.6933216168717048,0.7842942345924453,0.7360074626865671,True,False
0.29899999999999993,0.8239700374531835,0.8129421831160444,0.6948853615520282,0.7833001988071571,0.7364485981308411,True,False
0.29999999999999993,0.8245942571785269,0.8133971421697296,0.696113074204947,0.7833001988071571,0.7371375116931712,True,False
0.30099999999999993,0.8245942571785269,0.812588527072325,0.6971580817051509,0.7803180914512923,0.7363977485928705,True,False
0.30199999999999994,0.8252184769038702,0.8130434861260101,0.6983985765124555,0.7803180914512923,0.7370892018779343,True,False
0.30299999999999994,0.8258426966292135,0.8134984451796953,0.6996434937611408,0.7803180914512923,0.7377819548872181,True,False
0.30399999999999994,0.8261548064918851,0.8137259247065378,0.7002676181980375,0.7803180914512923,0.7381288199341796,True,False
0.30499999999999994,0.8267790262172284,0.81364180702862,0.7022421524663677,0.7783300198807157,0.7383309759547383,True,False
0.30599999999999994,0.8270911360799001,0.8138692865554624,0.7028725314183124,0.7783300198807157,0.7386792452830189,True,False
0.30699999999999994,0.8267790262172284,0.8131027302970169,0.7029702970297029,0.7763419483101391,0.737836561171469,True,False
0.30799999999999994,0.8274032459425718,0.8132881509849004,0.7046070460704607,0.7753479125248509,0.7382867960246096,True,False
0.30899999999999994,0.8270911360799001,0.8127911330922563,0.7043399638336347,0.7743538767395626,0.7376893939393939,True,False
0.30999999999999994,0.8270911360799001,0.8122520563606532,0.70508166969147,0.7723658051689861,0.7371916508538899,True,False
0.31099999999999994,0.8274032459425718,0.8119404591558927,0.7064721969006381,0.7703777335984096,0.7370423204945317,True,False
0.31199999999999994,0.8270911360799001,0.8114434412632485,0.7062043795620438,0.7693836978131213,0.736441484300666,True,False
0.31299999999999994,0.8283395755305868,0.8123533593706189,0.7087912087912088,0.7693836978131213,0.7378455672068637,True,False
0.31399999999999995,0.8283395755305868,0.8120838210048174,0.7091743119266055,0.768389662027833,0.7375954198473282,True,False
0.31499999999999995,0.8283395755305868,0.8118142826390158,0.7095588235294118,0.7673956262425448,0.7373447946513849,True,False
0.31599999999999995,0.8277153558052435,0.810550708487926,0.709409594095941,0.76441351888668,0.7358851674641148,True,False
0.31699999999999995,0.8274032459425718,0.8097841522294802,0.7095282146160962,0.7624254473161034,0.735026353617633,True,False
0.31799999999999995,0.8277153558052435,0.8100116317563228,0.7101851851851851,0.7624254473161034,0.7353787152444871,True,False
0.31899999999999995,0.8277153558052435,0.8097420933905213,0.7105751391465677,0.7614314115308151,0.7351247600767754,True,False
0.31999999999999995,0.8267790262172284,0.8082510397125888,0.7097674418604651,0.7584493041749503,0.7333012974531475,True,False
0.32099999999999995,0.8270911360799001,0.8084785192394315,0.7104283054003724,0.7584493041749503,0.7336538461538461,True,False
0.32199999999999995,0.8270911360799001,0.8076699041420268,0.7116104868913857,0.7554671968190855,0.7328833172613307,True,False
0.32299999999999995,0.8277153558052435,0.8078553248299105,0.7133458646616542,0.7544731610337972,0.7333333333333333,True,False
0.32399999999999995,0.8283395755305868,0.8083102838835956,0.7146892655367232,0.7544731610337972,0.7340425531914894,True,False
0.32499999999999996,0.8289637952559301,0.8084957045714791,0.7164461247637051,0.7534791252485089,0.7344961240310077,True,False
0.32599999999999996,0.8295880149812734,0.8089506636251644,0.7178030303030303,0.7534791252485089,0.7352085354025218,True,False
0.32699999999999996,0.8302122347066168,0.8094056226788495,0.7191650853889943,0.7534791252485089,0.7359223300970874,True,False
0.32799999999999996,0.8305243445692884,0.8096331022056922,0.7198480531813866,0.7534791252485089,0.7362797474502185,True,False
0.32899999999999996,0.8305243445692884,0.8096331022056922,0.7198480531813866,0.7534791252485089,0.7362797474502185,True,False
0.32999999999999996,0.8308364544319601,0.8098605817325347,0.720532319391635,0.7534791252485089,0.7366375121477162,True,False
0.33099999999999996,0.8314606741573034,0.8103155407862199,0.7219047619047619,0.7534791252485089,0.7373540856031129,True,False
0.3319999999999999,0.8308364544319601,0.8093215050009317,0.7213740458015268,0.7514910536779325,0.7361246348588121,True,False
0.3329999999999999,0.831772784019975,0.8097344052156579,0.7238734419942474,0.7504970178926441,0.7369448511469009,True,False
0.3339999999999999,0.8330212234706617,0.8106443233230282,0.726660250240616,0.7504970178926441,0.7383863080684596,True,False
0.3349999999999999,0.833645443196005,0.8110992823767134,0.7280617164898746,0.7504970178926441,0.7391091532060695,True,True
0.3359999999999999,0.8339575530586767,0.8107876851719528,0.7296511627906976,0.7485089463220675,0.7389597644749755,False,False
0.3369999999999999,0.83458177278402,0.811242644225638,0.7310679611650486,0.7485089463220675,0.7396856581532416,False,False
0.3379999999999999,0.8348938826466916,0.8114701237524806,0.7317784256559767,0.7485089463220675,0.74004914004914,False,False
0.3389999999999999,0.83458177278402,0.8109731058598364,0.7315175097276264,0.7475149105367793,0.7394296951819076,False,False
0.3399999999999999,0.8348938826466916,0.811200585386679,0.7322297955209348,0.7475149105367793,0.7397934087555337,False,False
0.3409999999999999,0.8361423220973783,0.8121105034940493,0.7350928641251222,0.7475149105367793,0.7412518482010843,False,False
0.3419999999999999,0.83645443196005,0.8120684446550904,0.7362745098039216,0.7465208747514911,0.7413622902270484,False,False
0.3429999999999999,0.8367665418227216,0.812295924181933,0.7369970559371933,0.7465208747514911,0.7417283950617284,False,False
0.3439999999999999,0.8373907615480649,0.8127508832356182,0.7384464110127827,0.7465208747514911,0.7424616905585764,False,False
0.3449999999999999,0.8377028714107366,0.8127088243966591,0.7396449704142012,0.7455268389662028,0.7425742574257426,False,False
0.3459999999999999,0.8380149812734082,0.8123972271918987,0.7413280475718533,0.7435387673956262,0.7424317617866005,False,False
0.3469999999999999,0.8377028714107366,0.8119002092992544,0.7410714285714286,0.742544731610338,0.7418073485600795,False,False
0.3479999999999999,0.8370786516853933,0.8109061735139662,0.7405566600397614,0.7405566600397614,0.7405566600397614,False,False
0.3489999999999999,0.8361423220973783,0.8094151198360338,0.7397806580259222,0.7375745526838966,0.7386759581881533,False,False
0.3499999999999999,0.83645443196005,0.8096425993628764,0.7405189620758483,0.7375745526838966,0.7390438247011952,False,False
0.3509999999999999,0.8373907615480649,0.8100554995776026,0.7432296890672017,0.7365805168986084,0.7398901647528707,False,False
0.3519999999999999,0.8373907615480649,0.809785961211801,0.7437185929648241,0.73558648111332,0.7396301849075462,False,False
0.3529999999999999,0.8370786516853933,0.809288943319157,0.7434607645875252,0.7345924453280318,0.739,False,False
0.3539999999999999,0.8370786516853933,0.809288943319157,0.7434607645875252,0.7345924453280318,0.739,False,False
0.3549999999999999,0.8373907615480649,0.8095164228459995,0.7442094662638469,0.7345924453280318,0.7393696848424212,False,False
0.3559999999999999,0.8377028714107366,0.8097439023728421,0.7449596774193549,0.7345924453280318,0.7397397397397397,False,False
0.35699999999999993,0.8370786516853933,0.8087498665875539,0.7444444444444445,0.7326043737574552,0.7384769539078156,False,False
0.35799999999999993,0.8377028714107366,0.809204825641239,0.7459514170040485,0.7326043737574552,0.7392176529588766,False,False
0.35899999999999993,0.83832709113608,0.8096597846949242,0.7474645030425964,0.7326043737574552,0.7399598393574297,False,False
0.35999999999999993,0.8386392009987516,0.8098872642217667,0.7482233502538072,0.7326043737574552,0.7403314917127072,False,False
0.36099999999999993,0.83832709113608,0.809120707963321,0.7484725050916496,0.7306163021868787,0.7394366197183099,False,False
0.36199999999999993,0.8377028714107366,0.8081266721780328,0.7479591836734694,0.7286282306163022,0.7381671701913394,False,False
0.36299999999999993,0.8367665418227216,0.8066356185001005,0.7471852610030706,0.7256461232604374,0.7362581946545638,False,False
0.36399999999999993,0.8373907615480649,0.8070905775537855,0.7487179487179487,0.7256461232604374,0.7370015143866734,False,False
0.36499999999999994,0.8377028714107366,0.8073180570806282,0.7494866529774127,0.7256461232604374,0.7373737373737373,False,False
0.36599999999999994,0.8380149812734082,0.8072759982416692,0.7507723995880535,0.7246520874751491,0.7374810318664643,False,False
0.36699999999999994,0.8377028714107366,0.8067789803490251,0.7505154639175258,0.7236580516898609,0.7368421052631579,False,False
0.36799999999999994,0.8377028714107366,0.8065094419832235,0.7510330578512396,0.7226640159045725,0.7365754812563323,False,False
0.36899999999999994,0.8377028714107366,0.8062399036174219,0.7515527950310559,0.7216699801192843,0.7363083164300203,False,False
0.36999999999999994,0.83832709113608,0.8066948626711071,0.7531120331950207,0.7216699801192843,0.7370558375634517,False,False
0.37099999999999994,0.8386392009987516,0.8069223421979497,0.7538940809968847,0.7216699801192843,0.7374301675977654,False,False
0.37199999999999994,0.8389513108614233,0.8068802833589908,0.7552083333333334,0.7206759443339961,0.7375381485249237,False,False
0.37299999999999994,0.8392634207240949,0.8071077628858334,0.7559958289885297,0.7206759443339961,0.7379134860050891,False,False
0.37399999999999994,0.8392634207240949,0.8068382245200317,0.7565308254963428,0.7196819085487077,0.7376464595007641,False,False
0.37499999999999994,0.8395755305867666,0.8070657040468743,0.7573221757322176,0.7196819085487077,0.7380224260958206,False,False
0.37599999999999995,0.8398876404494382,0.8072931835737169,0.7581151832460733,0.7196819085487077,0.7383987761346252,False,False
0.37699999999999995,0.8398876404494382,0.8072931835737169,0.7581151832460733,0.7196819085487077,0.7383987761346252,False,False
0.37799999999999995,0.8398876404494382,0.8072931835737169,0.7581151832460733,0.7196819085487077,0.7383987761346252,False,False
0.37899999999999995,0.8398876404494382,0.8070236452079154,0.7586568730325288,0.7186878727634195,0.7381316998468607,False,False
0.37999999999999995,0.8401997503121099,0.807251124734758,0.759453781512605,0.7186878727634195,0.7385086823289071,False,False
0.38099999999999995,0.8408239700374532,0.8077060837884431,0.7610526315789473,0.7186878727634195,0.7392638036809815,False,False
0.38199999999999995,0.8408239700374532,0.8077060837884431,0.7610526315789473,0.7186878727634195,0.7392638036809815,False,False
0.3829999999999999,0.8405118601747815,0.807209065895799,0.7608008429926238,0.7176938369781312,0.738618925831202,False,False
0.3839999999999999,0.8405118601747815,0.807209065895799,0.7608008429926238,0.7176938369781312,0.738618925831202,False,False
0.3849999999999999,0.8414481897627965,0.8078915044763267,0.7632135306553911,0.7176938369781312,0.7397540983606558,False,False
0.3859999999999999,0.8423845193508115,0.8085739430568545,0.7656415694591728,0.7176938369781312,0.7408927655207799,False,False
0.3869999999999999,0.8423845193508115,0.808304404691053,0.7662061636556854,0.7166998011928429,0.7406266050333847,False,False
0.3879999999999999,0.8423845193508115,0.8080348663252515,0.7667731629392971,0.7157057654075547,0.7403598971722365,False,False
0.3889999999999999,0.8423845193508115,0.8080348663252515,0.7667731629392971,0.7157057654075547,0.7403598971722365,False,False
0.3899999999999999,0.8423845193508115,0.8080348663252515,0.7667731629392971,0.7157057654075547,0.7403598971722365,False,False
0.3909999999999999,0.8426966292134831,0.808262345852094,0.767590618336887,0.7157057654075547,0.7407407407407407,False,False
0.3919999999999999,0.8430087390761548,0.8079507486473334,0.7695605573419079,0.7137176938369781,0.740587931923672,False,False
0.3929999999999999,0.8430087390761548,0.807681210281532,0.7701396348012889,0.7127236580516899,0.7403200826019618,False,False
0.3939999999999999,0.8430087390761548,0.807681210281532,0.7701396348012889,0.7127236580516899,0.7403200826019618,False,False
0.3949999999999999,0.8436329588014981,0.8081361693352171,0.7717976318622174,0.7127236580516899,0.7410852713178294,False,False
0.3959999999999999,0.8439450686641697,0.8083636488620597,0.7726293103448276,0.7127236580516899,0.7414684591520165,False,False
0.3969999999999999,0.8436329588014981,0.8078666309694156,0.7723840345199569,0.7117296222664016,0.7408173823072943,False,False
0.3979999999999999,0.8439450686641697,0.8078245721304567,0.7738095238095238,0.7107355864811133,0.7409326424870466,False,False
0.3989999999999999,0.8451935081148564,0.8087344902378268,0.7771739130434783,0.7107355864811133,0.7424714434060229,False,False
0.3999999999999999,0.8445692883895131,0.8077404544525386,0.7766884531590414,0.7087475149105368,0.7411642411642412,False,False
0.4009999999999999,0.8442571785268415,0.8072434365598945,0.7764449291166848,0.7077534791252486,0.7405096203848154,False,False
0.4019999999999999,0.8445692883895131,0.807470916086737,0.777292576419214,0.7077534791252486,0.740894901144641,False,False
0.4029999999999999,0.8448813982521848,0.8074288572477781,0.778751369112815,0.7067594433399602,0.7410109431995832,False,False
0.4039999999999999,0.8442571785268415,0.8061652830966883,0.7788778877887789,0.7037773359840954,0.739425587467363,False,False
0.4049999999999999,0.8439450686641697,0.8053987268382425,0.7792494481236203,0.7017892644135189,0.7384937238493724,False,False
0.4059999999999999,0.8439450686641697,0.8053987268382425,0.7792494481236203,0.7017892644135189,0.7384937238493724,False,False
0.4069999999999999,0.8445692883895131,0.8058536858919277,0.7809734513274337,0.7017892644135189,0.7392670157068063,False,False
0.4079999999999999,0.8445692883895131,0.8058536858919277,0.7809734513274337,0.7017892644135189,0.7392670157068063,False,False
0.4089999999999999,0.8442571785268415,0.8050871296334821,0.781354051054384,0.6998011928429424,0.7383324593602517,False,False
0.4099999999999999,0.8448813982521848,0.8055420886871674,0.7830923248053393,0.6998011928429424,0.7391076115485564,False,False
0.4109999999999999,0.8451935081148564,0.8057695682140098,0.7839643652561247,0.6998011928429424,0.7394957983193278,False,False
0.4119999999999999,0.8455056179775281,0.8057275093750509,0.7854748603351955,0.6988071570576541,0.7396107311941084,False,False
0.4129999999999999,0.8451935081148564,0.8052304914824068,0.785234899328859,0.6978131212723658,0.7389473684210527,False,False
0.4139999999999999,0.8458177278401997,0.805685450536092,0.7869955156950673,0.6978131212723658,0.7397260273972602,False,False
0.4149999999999999,0.8458177278401997,0.805685450536092,0.7869955156950673,0.6978131212723658,0.7397260273972602,False,False
0.4159999999999999,0.8458177278401997,0.805685450536092,0.7869955156950673,0.6978131212723658,0.7397260273972602,False,False
0.4169999999999999,0.8461298377028714,0.8059129300629345,0.7878787878787878,0.6978131212723658,0.7401159725882973,False,False
0.4179999999999999,0.8458177278401997,0.8054159121702904,0.7876404494382022,0.6968190854870775,0.739451476793249,False,False
0.41899999999999993,0.846441947565543,0.8058708712239755,0.7894144144144144,0.6968190854870775,0.7402323125659979,False,False
0.41999999999999993,0.8467540574282147,0.8060983507508181,0.790304396843292,0.6968190854870775,0.7406233491811939,False,False
0.42099999999999993,0.8470661672908864,0.8063258302776607,0.791196388261851,0.6968190854870775,0.741014799154334,False,False
0.42199999999999993,0.8473782771535581,0.8065533098045032,0.792090395480226,0.6968190854870775,0.7414066631411952,False,False
0.42299999999999993,0.8470661672908864,0.8060562919118591,0.7918552036199095,0.6958250497017893,0.7407407407407407,False,False
0.42399999999999993,0.8467540574282147,0.8052897356534134,0.7922814982973894,0.6938369781312127,0.7397986221515633,False,False
0.42499999999999993,0.846441947565543,0.8047927177607693,0.7920454545454545,0.6928429423459245,0.7391304347826086,False,False
0.42599999999999993,0.8461298377028714,0.8040261615023236,0.7924743443557583,0.6908548707753479,0.7381837493361657,False,False
0.42699999999999994,0.846441947565543,0.8042536410291663,0.79337899543379,0.6908548707753479,0.7385759829968119,False,False
0.42799999999999994,0.8461298377028714,0.8037566231365221,0.7931428571428571,0.6898608349900597,0.7379053694843168,False,False
0.42899999999999994,0.8461298377028714,0.8034870847707205,0.7938144329896907,0.6888667992047713,0.7376263970196913,False,False
0.42999999999999994,0.8461298377028714,0.8034870847707205,0.7938144329896907,0.6888667992047713,0.7376263970196913,False,False
0.43099999999999994,0.8467540574282147,0.8039420438244057,0.7956371986222732,0.6888667992047713,0.7384123601491742,False,False
0.43199999999999994,0.8461298377028714,0.8029480080391175,0.7951668584579977,0.6868787276341949,0.7370666666666666,False,False
0.43299999999999994,0.8461298377028714,0.8029480080391175,0.7951668584579977,0.6868787276341949,0.7370666666666666,False,False
0.4339999999999999,0.846441947565543,0.80317548756596,0.7960829493087558,0.6868787276341949,0.7374599786552828,False,False
0.4349999999999999,0.846441947565543,0.8029059492001585,0.7967667436489607,0.6858846918489065,0.7371794871794872,False,False
0.4359999999999999,0.8467540574282147,0.8031334287270011,0.7976878612716763,0.6858846918489065,0.7375734901122395,False,False
0.4369999999999999,0.8470661672908864,0.8033609082538437,0.7986111111111112,0.6858846918489065,0.7379679144385026,False,False
0.4379999999999999,0.8467540574282147,0.802594351995398,0.7990708478513356,0.68389662027833,0.7370112479914301,False,False
0.4389999999999999,0.8467540574282147,0.8023248136295964,0.79976717112922,0.6829025844930418,0.7367292225201072,False,False
0.4399999999999999,0.8467540574282147,0.8023248136295964,0.79976717112922,0.6829025844930418,0.7367292225201072,False,False
0.4409999999999999,0.8467540574282147,0.8023248136295964,0.79976717112922,0.6829025844930418,0.7367292225201072,False,False
0.4419999999999999,0.8473782771535581,0.80251023431748,0.8023391812865497,0.6819085487077535,0.7372380440623321,False,False
0.4429999999999999,0.8476903870162297,0.8027377138443226,0.8032786885245902,0.6819085487077535,0.7376344086021506,False,False
0.4439999999999999,0.8473782771535581,0.8022406959516785,0.8030480656506448,0.6809145129224652,0.7369553523399677,False,False
0.4449999999999999,0.8473782771535581,0.8022406959516785,0.8030480656506448,0.6809145129224652,0.7369553523399677,False,False
0.4459999999999999,0.8476903870162297,0.802468175478521,0.8039906103286385,0.6809145129224652,0.7373519913885899,False,False
0.4469999999999999,0.8480024968789014,0.8026956550053637,0.8049353701527615,0.6809145129224652,0.7377490576198169,False,False
0.4479999999999999,0.8476903870162297,0.8021986371127194,0.8047058823529412,0.679920477137177,0.7370689655172413,False,False
0.4489999999999999,0.8476903870162297,0.8021986371127194,0.8047058823529412,0.679920477137177,0.7370689655172413,False,False
0.4499999999999999,0.8476903870162297,0.8019290987469179,0.8054245283018868,0.6789264413518886,0.7367853290183387,False,False
0.4509999999999999,0.8489388264669163,0.8028390168542883,0.8092417061611374,0.6789264413518886,0.7383783783783784,False,False
0.4519999999999999,0.8489388264669163,0.8028390168542883,0.8092417061611374,0.6789264413518886,0.7383783783783784,False,False
0.4529999999999999,0.8489388264669163,0.8025694784884867,0.8099762470308789,0.6779324055666004,0.7380952380952381,False,False
0.4539999999999999,0.8486267166042447,0.8015333838642396,0.8112305854241338,0.6749502982107356,0.7368421052631579,False,False
0.4549999999999999,0.8489388264669163,0.8017608633910821,0.812200956937799,0.6749502982107356,0.7372421281216069,False,False
0.4559999999999999,0.848314606741573,0.8004972892399922,0.8125,0.6719681908548708,0.735582154515778,False,False
0.4569999999999999,0.8486267166042447,0.8007247687668348,0.8134777376654633,0.6719681908548708,0.7359825802939576,False,False
0.4579999999999999,0.8486267166042447,0.8007247687668348,0.8134777376654633,0.6719681908548708,0.7359825802939576,False,False
0.4589999999999999,0.8489388264669163,0.8009522482936775,0.8144578313253013,0.6719681908548708,0.7363834422657952,False,False
0.4599999999999999,0.849250936329588,0.80117972782052,0.8154402895054282,0.6719681908548708,0.7367847411444142,False,False
0.4609999999999999,0.8486267166042447,0.8001856920352317,0.814993954050786,0.6699801192842942,0.7354064375340971,False,False
0.4619999999999999,0.8473782771535581,0.7981976204646553,0.8140947752126367,0.6660039761431411,0.7326407873154729,False,False
0.4629999999999999,0.8476903870162297,0.7984250999914977,0.8150851581508516,0.6660039761431411,0.7330415754923414,False,False
0.4639999999999999,0.8476903870162297,0.7981555616256962,0.8158536585365853,0.6650099403578529,0.732749178532311,False,False
0.4649999999999999,0.8473782771535581,0.7976585437330521,0.8156288156288156,0.6640159045725647,0.7320547945205479,False,False
0.4659999999999999,0.8470661672908864,0.7971615258404079,0.815403422982885,0.6630218687872763,0.731359649122807,False,False
0.4669999999999999,0.8470661672908864,0.7971615258404079,0.815403422982885,0.6630218687872763,0.731359649122807,False,False
0.4679999999999999,0.8461298377028714,0.7956704721624756,0.8147239263803681,0.6600397614314115,0.729269632070291,False,False
0.4689999999999999,0.8461298377028714,0.7956704721624756,0.8147239263803681,0.6600397614314115,0.729269632070291,False,False
0.4699999999999999,0.8461298377028714,0.7954009337966741,0.8154981549815498,0.6590457256461233,0.7289719626168224,False,False
0.4709999999999999,0.846441947565543,0.7956284133235165,0.8165024630541872,0.6590457256461233,0.7293729372937293,False,False
0.4719999999999999,0.846441947565543,0.7956284133235165,0.8165024630541872,0.6590457256461233,0.7293729372937293,False,False
0.4729999999999999,0.8467540574282147,0.7958558928503592,0.8175092478421702,0.6590457256461233,0.7297743533296642,False,False
0.4739999999999999,0.8467540574282147,0.7958558928503592,0.8175092478421702,0.6590457256461233,0.7297743533296642,False,False
0.4749999999999999,0.8473782771535581,0.7963108519040444,0.8195302843016069,0.6590457256461233,0.7305785123966942,False,False
0.4759999999999999,0.8476903870162297,0.7965383314308869,0.8205445544554455,0.6590457256461233,0.7309812568908489,False,False
0.4769999999999999,0.8480024968789014,0.796496272591928,0.822360248447205,0.658051689860835,0.7310877967973495,False,False
0.4779999999999999,0.8480024968789014,0.796496272591928,0.822360248447205,0.658051689860835,0.7310877967973495,False,False
0.4789999999999999,0.8476903870162297,0.7959992546992838,0.822139303482587,0.6570576540755467,0.7303867403314918,False,False
0.4799999999999999,0.8473782771535581,0.7955022368066398,0.821917808219178,0.6560636182902585,0.7296849087893864,False,False
0.4809999999999999,0.8476903870162297,0.7957297163334822,0.8229426433915212,0.6560636182902585,0.7300884955752213,False,False
0.48199999999999993,0.8473782771535581,0.7949631600750366,0.8235294117647058,0.6540755467196819,0.7290858725761773,False,False
0.48299999999999993,0.8480024968789014,0.7954181191287217,0.8255959849435383,0.6540755467196819,0.7298946200776484,False,False
0.48399999999999993,0.848314606741573,0.7956455986555644,0.8266331658291457,0.6540755467196819,0.730299667036626,False,False
0.48499999999999993,0.8486267166042447,0.7958730781824069,0.8276729559748428,0.6540755467196819,0.7307051637978901,False,False
0.4859999999999999,0.848314606741573,0.7951065219239613,0.8282828282828283,0.6520874751491054,0.7296996662958843,False,False
0.4869999999999999,0.8476903870162297,0.794112486138673,0.8278481012658228,0.6500994035785288,0.7282850779510023,False,False
0.4879999999999999,0.8480024968789014,0.7943399656655155,0.8288973384030418,0.6500994035785288,0.728690807799443,False,False
0.4889999999999999,0.8473782771535581,0.7933459298802272,0.8284625158831004,0.6481113320079522,0.7272727272727273,False,False
0.4899999999999999,0.8470661672908864,0.7928489119875831,0.8282442748091603,0.647117296222664,0.7265625,False,False
0.4909999999999999,0.8473782771535581,0.7928068531486242,0.8301404853128991,0.6461232604373758,0.7266629401900503,False,False
0.4919999999999999,0.8467540574282147,0.7918128173633359,0.8297055057618438,0.6441351888667992,0.7252378287632905,False,False
0.4929999999999999,0.8470661672908864,0.7920402968901785,0.8307692307692308,0.6441351888667992,0.7256438969764838,False,False
0.4939999999999999,0.8467540574282147,0.7915432789975344,0.8305519897304237,0.643141153081511,0.7249299719887955,False,False
0.4949999999999999,0.8473782771535581,0.7919982380512196,0.8326898326898327,0.643141153081511,0.7257431295569265,False,False
0.4959999999999999,0.8476903870162297,0.7922257175780621,0.8337628865979382,0.643141153081511,0.7261503928170595,False,False
0.4969999999999999,0.8473782771535581,0.791728699685418,0.8335483870967741,0.6421471172962226,0.725435148792813,False,False
0.4979999999999999,0.8467540574282147,0.7907346639001297,0.833117723156533,0.6401590457256461,0.7240022484541877,False,False
0.4989999999999999,0.8470661672908864,0.7909621434269722,0.8341968911917098,0.6401590457256461,0.7244094488188977,False,False
0.4999999999999999,0.8467540574282147,0.7904651255343281,0.833981841763943,0.6391650099403579,0.7236916150815982,False,False
0.5009999999999999,0.8470661672908864,0.7906926050611707,0.8350649350649351,0.6391650099403579,0.7240990990990991,False,False
0.5019999999999999,0.8467540574282147,0.7901955871685267,0.834850455136541,0.6381709741550696,0.7233802816901408,False,False
0.5029999999999999,0.8461298377028714,0.7892015513832383,0.834419817470665,0.6361829025844931,0.7219402143260011,False,False
0.5039999999999999,0.846441947565543,0.7894290309100809,0.835509138381201,0.6361829025844931,0.7223476297968398,False,False
0.5049999999999999,0.846441947565543,0.7894290309100809,0.835509138381201,0.6361829025844931,0.7223476297968398,False,False
0.5059999999999999,0.8467540574282147,0.7896565104369235,0.8366013071895425,0.6361829025844931,0.722755505364201,False,False
0.5069999999999999,0.8467540574282147,0.7896565104369235,0.8366013071895425,0.6361829025844931,0.722755505364201,False,False
0.5079999999999999,0.8461298377028714,0.7886624746516353,0.836173001310616,0.6341948310139165,0.7213114754098361,False,False
0.5089999999999999,0.8455056179775281,0.7873989005005454,0.836627140974967,0.6312127236580517,0.7195467422096318,False,False
0.5099999999999999,0.8455056179775281,0.7873989005005454,0.836627140974967,0.6312127236580517,0.7195467422096318,False,False
0.5109999999999999,0.8455056179775281,0.7871293621347439,0.8375165125495376,0.6302186878727635,0.7192285876347135,False,False
0.5119999999999999,0.8445692883895131,0.7856383084568115,0.8368700265251989,0.6272365805168986,0.7170454545454545,False,False
0.5129999999999999,0.8442571785268415,0.7851412905641673,0.8366533864541833,0.6262425447316103,0.7163160886867538,False,False
0.5139999999999999,0.8442571785268415,0.7851412905641673,0.8366533864541833,0.6262425447316103,0.7163160886867538,False,False
0.5149999999999999,0.8445692883895131,0.7853687700910099,0.8377659574468085,0.6262425447316103,0.7167235494880546,False,False
0.5159999999999999,0.8455056179775281,0.7860512086715377,0.8411214953271028,0.6262425447316103,0.717948717948718,False,False
0.5169999999999999,0.8455056179775281,0.7857816703057361,0.8420348058902276,0.6252485089463221,0.7176269252709641,False,False
0.5179999999999999,0.8458177278401997,0.7857396114667772,0.8440860215053764,0.6242544731610338,0.7177142857142857,False,False
0.5189999999999999,0.8461298377028714,0.7856975526278182,0.8461538461538461,0.6232604373757455,0.7178019461934745,False,False
0.5199999999999999,0.8455056179775281,0.7847035168425298,0.8457374830852503,0.621272365805169,0.7163323782234957,False,False
0.5209999999999999,0.8458177278401997,0.7849309963693725,0.8468834688346883,0.621272365805169,0.716743119266055,False,False
0.5219999999999999,0.8458177278401997,0.7843919196377693,0.8487738419618529,0.6192842942345924,0.7160919540229885,False,False
0.5229999999999999,0.8458177278401997,0.7843919196377693,0.8487738419618529,0.6192842942345924,0.7160919540229885,False,False
0.5239999999999999,0.8458177278401997,0.7841223812719678,0.8497267759562842,0.6182902584493042,0.715765247410817,False,False
0.5249999999999999,0.8458177278401997,0.7838528429061663,0.8506849315068493,0.617296222664016,0.7154377880184332,False,False
0.5259999999999999,0.8458177278401997,0.7838528429061663,0.8506849315068493,0.617296222664016,0.7154377880184332,False,False
0.5269999999999999,0.8455056179775281,0.7833558250135222,0.850480109739369,0.6163021868787276,0.7146974063400576,False,False
0.5279999999999999,0.8455056179775281,0.7830862866477206,0.8514442916093535,0.6153081510934394,0.7143681477207156,False,False
0.5289999999999999,0.8455056179775281,0.7830862866477206,0.8514442916093535,0.6153081510934394,0.7143681477207156,False,False
0.5299999999999999,0.8458177278401997,0.7833137661745632,0.8526170798898072,0.6153081510934394,0.7147806004618937,False,False
0.5309999999999999,0.8461298377028714,0.7835412457014057,0.8537931034482759,0.6153081510934394,0.7151935297515887,False,False
0.5319999999999999,0.846441947565543,0.7837687252282484,0.8549723756906077,0.6153081510934394,0.715606936416185,False,False
0.5329999999999999,0.846441947565543,0.7834991868624468,0.8559556786703602,0.614314115308151,0.7152777777777778,False,False
0.5339999999999999,0.8467540574282147,0.7837266663892893,0.8571428571428571,0.614314115308151,0.7156919513607412,False,False
0.5349999999999999,0.8467540574282147,0.7837266663892893,0.8571428571428571,0.614314115308151,0.7156919513607412,False,False
0.5359999999999999,0.8467540574282147,0.7837266663892893,0.8571428571428571,0.614314115308151,0.7156919513607412,False,False
0.5369999999999999,0.8467540574282147,0.7834571280234879,0.8581363004172462,0.6133200795228628,0.7153623188405797,False,False
0.5379999999999999,0.846441947565543,0.7824210333992405,0.8599439775910365,0.610337972166998,0.713953488372093,False,False
0.5389999999999999,0.846441947565543,0.7824210333992405,0.8599439775910365,0.610337972166998,0.713953488372093,False,False
0.5399999999999999,0.846441947565543,0.7824210333992405,0.8599439775910365,0.610337972166998,0.713953488372093,False,False
0.5409999999999999,0.8467540574282147,0.7826485129260832,0.8611500701262272,0.610337972166998,0.7143688190808609,False,False
0.5419999999999999,0.8467540574282147,0.7826485129260832,0.8611500701262272,0.610337972166998,0.7143688190808609,False,False
0.5429999999999999,0.8470661672908864,0.7828759924529258,0.8623595505617978,0.610337972166998,0.7147846332945286,False,False
0.5439999999999999,0.8467540574282147,0.7823789745602816,0.8621659634317862,0.6093439363817097,0.7140361094933023,False,False
0.5449999999999999,0.8467540574282147,0.7823789745602816,0.8621659634317862,0.6093439363817097,0.7140361094933023,False,False
0.5459999999999999,0.8467540574282147,0.7823789745602816,0.8621659634317862,0.6093439363817097,0.7140361094933023,False,False
0.5469999999999999,0.8473782771535581,0.7828339336139667,0.8645980253878702,0.6093439363817097,0.714868804664723,False,False
0.5479999999999999,0.8473782771535581,0.7828339336139667,0.8645980253878702,0.6093439363817097,0.714868804664723,False,False
0.5489999999999999,0.8473782771535581,0.7828339336139667,0.8645980253878702,0.6093439363817097,0.714868804664723,False,False
0.5499999999999999,0.8470661672908864,0.7823369157213227,0.864406779661017,0.6083499005964215,0.7141190198366394,False,False
0.5509999999999999,0.8470661672908864,0.7823369157213227,0.864406779661017,0.6083499005964215,0.7141190198366394,False,False
0.5519999999999999,0.8473782771535581,0.7825643952481652,0.8656294200848657,0.6083499005964215,0.7145359019264448,False,False
0.5529999999999999,0.8473782771535581,0.7822948568823638,0.8666666666666667,0.6073558648111332,0.7142022209234365,False,False
0.5539999999999999,0.8467540574282147,0.7813008210970754,0.8662873399715505,0.6053677932405567,0.7126974839087186,False,False
0.5549999999999999,0.846441947565543,0.7808038032044313,0.8660968660968661,0.6043737574552683,0.711943793911007,False,False
0.5559999999999999,0.846441947565543,0.7808038032044313,0.8660968660968661,0.6043737574552683,0.711943793911007,False,False
0.5569999999999999,0.846441947565543,0.7808038032044313,0.8660968660968661,0.6043737574552683,0.711943793911007,False,False
0.5579999999999999,0.8467540574282147,0.7810312827312738,0.8673323823109843,0.6043737574552683,0.7123608670181605,False,False
0.5589999999999999,0.846441947565543,0.7805342648386298,0.8671428571428571,0.6033797216699801,0.7116060961313013,False,False
0.5599999999999999,0.846441947565543,0.7805342648386298,0.8671428571428571,0.6033797216699801,0.7116060961313013,False,False
0.5609999999999999,0.846441947565543,0.7805342648386298,0.8671428571428571,0.6033797216699801,0.7116060961313013,False,False
0.5619999999999999,0.846441947565543,0.7805342648386298,0.8671428571428571,0.6033797216699801,0.7116060961313013,False,False
0.563,0.8470661672908864,0.7807196855265134,0.8706896551724138,0.6023856858846919,0.7121034077555817,False,False
0.564,0.8473782771535581,0.7809471650533559,0.8719424460431655,0.6023856858846919,0.7125220458553791,False,False
0.565,0.8473782771535581,0.7809471650533559,0.8719424460431655,0.6023856858846919,0.7125220458553791,False,False
0.566,0.8473782771535581,0.7806776266875544,0.873015873015873,0.6013916500994035,0.7121836374337845,False,False
0.567,0.8473782771535581,0.7806776266875544,0.873015873015873,0.6013916500994035,0.7121836374337845,False,False
0.568,0.8470661672908864,0.7801806087949102,0.8728323699421965,0.6003976143141153,0.7114252061248527,False,False
0.569,0.8470661672908864,0.7801806087949102,0.8728323699421965,0.6003976143141153,0.7114252061248527,False,False
0.57,0.8467540574282147,0.7796835909022661,0.8726483357452967,0.5994035785288271,0.7106658809664114,False,False
0.571,0.846441947565543,0.7791865730096219,0.8724637681159421,0.5984095427435387,0.7099056603773585,False,False
0.572,0.8461298377028714,0.7786895551169779,0.872278664731495,0.5974155069582505,0.7091445427728613,False,False
0.573,0.8461298377028714,0.7786895551169779,0.872278664731495,0.5974155069582505,0.7091445427728613,False,False
0.574,0.8458177278401997,0.7781925372243337,0.872093023255814,0.5964214711729622,0.7083825265643447,False,False
0.575,0.8458177278401997,0.7781925372243337,0.872093023255814,0.5964214711729622,0.7083825265643447,False,False
0.576,0.8458177278401997,0.7781925372243337,0.872093023255814,0.5964214711729622,0.7083825265643447,False,False
0.577,0.8458177278401997,0.7779229988585321,0.8731778425655977,0.595427435387674,0.7080378250591016,False,False
0.578,0.8458177278401997,0.7779229988585321,0.8731778425655977,0.595427435387674,0.7080378250591016,False,False
0.579,0.8451935081148564,0.7769289630732439,0.8728070175438597,0.5934393638170974,0.7065088757396449,False,False
0.58,0.8455056179775281,0.7771564426000864,0.8740849194729137,0.5934393638170974,0.7069271758436945,False,False
0.581,0.8451935081148564,0.7766594247074423,0.873900293255132,0.5924453280318092,0.7061611374407583,False,False
0.582,0.8455056179775281,0.776886904234285,0.8751835535976505,0.5924453280318092,0.7065797273266153,False,False
0.583,0.8458177278401997,0.7771143837611275,0.8764705882352941,0.5924453280318092,0.7069988137603797,False,False
0.584,0.8458177278401997,0.7771143837611275,0.8764705882352941,0.5924453280318092,0.7069988137603797,False,False
0.585,0.8455056179775281,0.7766173658684834,0.8762886597938144,0.5914512922465208,0.7062314540059347,False,False
0.586,0.8455056179775281,0.7763478275026818,0.8774002954209749,0.5904572564612326,0.7058823529411765,False,False
0.587,0.8458177278401997,0.7763057686637229,0.8798219584569733,0.5894632206759444,0.705952380952381,False,False
0.588,0.8458177278401997,0.7760362302979213,0.8809523809523809,0.588469184890656,0.7056019070321812,False,False
0.589,0.8461298377028714,0.7762637098247638,0.8822652757078987,0.588469184890656,0.7060226595110316,False,False
0.59,0.846441947565543,0.7764911893516064,0.8835820895522388,0.588469184890656,0.7064439140811456,False,False
0.591,0.8461298377028714,0.7759941714589623,0.8834080717488789,0.5874751491053678,0.7056716417910448,False,False
0.592,0.8461298377028714,0.7759941714589623,0.8834080717488789,0.5874751491053678,0.7056716417910448,False,False
0.593,0.8461298377028714,0.7759941714589623,0.8834080717488789,0.5874751491053678,0.7056716417910448,False,False
0.594,0.846441947565543,0.7762216509858049,0.8847305389221557,0.5874751491053678,0.7060931899641577,False,False
0.595,0.8476903870162297,0.7771315690931753,0.8900602409638554,0.5874751491053678,0.7077844311377246,False,False
0.596,0.8476903870162297,0.7771315690931753,0.8900602409638554,0.5874751491053678,0.7077844311377246,False,False
0.597,0.8476903870162297,0.7771315690931753,0.8900602409638554,0.5874751491053678,0.7077844311377246,False,False
0.598,0.8476903870162297,0.7768620307273737,0.8912386706948641,0.5864811133200796,0.7074340527577938,False,False
0.599,0.8476903870162297,0.7768620307273737,0.8912386706948641,0.5864811133200796,0.7074340527577938,False,False
0.6,0.8473782771535581,0.7763650128347296,0.8910741301059002,0.5854870775347912,0.7066586682663467,False,False
0.601,0.8467540574282147,0.7751014386836397,0.8919330289193302,0.5825049701789264,0.7047504509921828,False,False
0.602,0.8470661672908864,0.7753289182104823,0.8932926829268293,0.5825049701789264,0.7051744885679904,False,False
0.603,0.8470661672908864,0.7753289182104823,0.8932926829268293,0.5825049701789264,0.7051744885679904,False,False
0.604,0.8467540574282147,0.7748319003178382,0.8931297709923665,0.5815109343936382,0.7043949428055388,False,False
0.605,0.8467540574282147,0.7748319003178382,0.8931297709923665,0.5815109343936382,0.7043949428055388,False,False
0.606,0.8467540574282147,0.7748319003178382,0.8931297709923665,0.5815109343936382,0.7043949428055388,False,False
0.607,0.8467540574282147,0.7748319003178382,0.8931297709923665,0.5815109343936382,0.7043949428055388,False,False
0.608,0.8470661672908864,0.7750593798446808,0.8944954128440367,0.5815109343936382,0.7048192771084337,False,False
0.609,0.8470661672908864,0.7750593798446808,0.8944954128440367,0.5815109343936382,0.7048192771084337,False,False
0.61,0.8470661672908864,0.7750593798446808,0.8944954128440367,0.5815109343936382,0.7048192771084337,False,False
0.611,0.8476903870162297,0.775514338898366,0.897239263803681,0.5815109343936382,0.7056694813027744,False,False
0.612,0.8480024968789014,0.7757418184252085,0.8986175115207373,0.5815109343936382,0.7060953530476766,False,False
0.613,0.8480024968789014,0.7754722800594069,0.8998459167950693,0.5805168986083499,0.7057401812688822,False,False
0.6139999999999999,0.8480024968789014,0.7752027416936054,0.9010819165378671,0.5795228628230616,0.705384150030248,False,False
0.6149999999999999,0.8480024968789014,0.7752027416936054,0.9010819165378671,0.5795228628230616,0.705384150030248,False,False
0.6159999999999999,0.8480024968789014,0.7752027416936054,0.9010819165378671,0.5795228628230616,0.705384150030248,False,False
0.6169999999999999,0.8476903870162297,0.7747057238009613,0.9009287925696594,0.5785288270377733,0.7046004842615012,False,False
0.6179999999999999,0.8473782771535581,0.7742087059083171,0.9007751937984496,0.5775347912524851,0.7038158691701999,False,False
0.6189999999999999,0.8476903870162297,0.7744361854351598,0.9021739130434783,0.5775347912524851,0.7042424242424242,False,False
0.6199999999999999,0.8480024968789014,0.7746636649620023,0.9035769828926905,0.5775347912524851,0.7046694966646453,False,False
0.6209999999999999,0.8480024968789014,0.7743941265962008,0.9048361934477379,0.5765407554671969,0.7043108682452944,False,False
0.6219999999999999,0.8476903870162297,0.7738971087035567,0.9046875,0.5755467196819085,0.7035236938031592,False,False
0.6229999999999999,0.8473782771535581,0.7734000908109124,0.9045383411580594,0.5745526838966203,0.7027355623100304,False,False
0.6239999999999999,0.8470661672908864,0.7729030729182684,0.9043887147335423,0.5735586481113321,0.7019464720194647,False,False
0.6249999999999999,0.8473782771535581,0.773130552445111,0.9058084772370487,0.5735586481113321,0.7023737066342057,False,False
0.6259999999999999,0.8476903870162297,0.7733580319719535,0.9072327044025157,0.5735586481113321,0.702801461632156,False,False
0.6269999999999999,0.8476903870162297,0.773088493606152,0.9085173501577287,0.5725646123260437,0.7024390243902439,False,False
0.6279999999999999,0.8476903870162297,0.773088493606152,0.9085173501577287,0.5725646123260437,0.7024390243902439,False,False
0.6289999999999999,0.8476903870162297,0.773088493606152,0.9085173501577287,0.5725646123260437,0.7024390243902439,False,False
0.6299999999999999,0.8480024968789014,0.7733159731329946,0.909952606635071,0.5725646123260437,0.7028676021964613,False,False
0.6309999999999999,0.8473782771535581,0.7723219373477063,0.9096671949286846,0.5705765407554672,0.7012828344532682,False,False
0.6319999999999999,0.8473782771535581,0.7723219373477063,0.9096671949286846,0.5705765407554672,0.7012828344532682,False,False
0.6329999999999999,0.8470661672908864,0.7718249194550622,0.9095238095238095,0.5695825049701789,0.7004889975550123,False,False
0.6339999999999999,0.8467540574282147,0.771327901562418,0.9093799682034976,0.5685884691848907,0.6996941896024464,False,False
0.6349999999999999,0.8467540574282147,0.771327901562418,0.9093799682034976,0.5685884691848907,0.6996941896024464,False,False
0.6359999999999999,0.8467540574282147,0.771327901562418,0.9093799682034976,0.5685884691848907,0.6996941896024464,False,False
0.6369999999999999,0.8467540574282147,0.771327901562418,0.9093799682034976,0.5685884691848907,0.6996941896024464,False,False
0.6379999999999999,0.8467540574282147,0.771327901562418,0.9093799682034976,0.5685884691848907,0.6996941896024464,False,False
0.6389999999999999,0.846441947565543,0.7708308836697739,0.9092356687898089,0.5675944333996024,0.6988984088127295,False,False
0.6399999999999999,0.846441947565543,0.7708308836697739,0.9092356687898089,0.5675944333996024,0.6988984088127295,False,False
0.6409999999999999,0.846441947565543,0.7708308836697739,0.9092356687898089,0.5675944333996024,0.6988984088127295,False,False
0.6419999999999999,0.846441947565543,0.7705613453039724,0.9105431309904153,0.5666003976143141,0.6985294117647058,False,False
0.6429999999999999,0.846441947565543,0.7705613453039724,0.9105431309904153,0.5666003976143141,0.6985294117647058,False,False
0.6439999999999999,0.846441947565543,0.7705613453039724,0.9105431309904153,0.5666003976143141,0.6985294117647058,False,False
0.6449999999999999,0.8467540574282147,0.770788824830815,0.912,0.5666003976143141,0.6989576946658492,False,False
0.6459999999999999,0.8470661672908864,0.7707467659918559,0.9147909967845659,0.5656063618290258,0.699017199017199,False,False
0.6469999999999999,0.8470661672908864,0.7707467659918559,0.9147909967845659,0.5656063618290258,0.699017199017199,False,False
0.6479999999999999,0.846441947565543,0.7697527302065676,0.9145161290322581,0.5636182902584493,0.6974169741697417,False,False
0.6489999999999999,0.846441947565543,0.7694831918407661,0.9158576051779935,0.562624254473161,0.6970443349753694,False,False
0.6499999999999999,0.8461298377028714,0.7689861739481221,0.9157212317666127,0.5616302186878728,0.696241528034504,False,False
0.6509999999999999,0.8461298377028714,0.7689861739481221,0.9157212317666127,0.5616302186878728,0.696241528034504,False,False
0.6519999999999999,0.8455056179775281,0.7679921381628337,0.9154471544715447,0.5596421471172962,0.6946329426280075,False,False
0.6529999999999999,0.8455056179775281,0.7679921381628337,0.9154471544715447,0.5596421471172962,0.6946329426280075,False,False
0.6539999999999999,0.8448813982521848,0.7669981023775454,0.9151712887438825,0.5576540755467196,0.6930203829524397,False,False
0.6549999999999999,0.8448813982521848,0.7669981023775454,0.9151712887438825,0.5576540755467196,0.6930203829524397,False,False
0.6559999999999999,0.8445692883895131,0.7665010844849014,0.9150326797385621,0.5566600397614314,0.69221260815822,False,False
0.6569999999999999,0.8442571785268415,0.7660040665922572,0.9148936170212766,0.5556660039761432,0.6914038342609771,False,False
0.6579999999999999,0.8439450686641697,0.7655070486996131,0.9147540983606557,0.5546719681908548,0.6905940594059405,False,False
0.6589999999999999,0.8433208489388264,0.7645130129143247,0.9144736842105263,0.5526838966202783,0.6889714993804213,False,False
0.6599999999999999,0.8433208489388264,0.7645130129143247,0.9144736842105263,0.5526838966202783,0.6889714993804213,False,False
0.6609999999999999,0.8430087390761548,0.7640159950216807,0.914332784184514,0.55168986083499,0.6881587104773713,False,False
0.6619999999999999,0.8423845193508115,0.7627524208705909,0.9154228855721394,0.5487077534791253,0.6861404599129894,False,False
0.6629999999999999,0.8420724094881398,0.7622554029779467,0.915282392026578,0.547713717693837,0.6853233830845771,False,False
0.6639999999999999,0.8420724094881398,0.7622554029779467,0.915282392026578,0.547713717693837,0.6853233830845771,False,False
0.6649999999999999,0.8420724094881398,0.7619858646121451,0.9166666666666666,0.5467196819085487,0.684931506849315,False,False
0.6659999999999999,0.8417602996254682,0.7612193083536994,0.9179229480737019,0.5447316103379721,0.6837180286961946,False,False
0.6669999999999999,0.8411360799001248,0.7599557342026096,0.9190556492411467,0.5417495029821073,0.6816760475297061,False,False
0.6679999999999999,0.8408239700374532,0.7594587163099655,0.918918918918919,0.5407554671968191,0.6808510638297872,False,False
0.6689999999999999,0.8405118601747815,0.7589616984173213,0.9187817258883249,0.5397614314115308,0.6800250469630558,False,False
0.6699999999999999,0.8401997503121099,0.7584646805246773,0.9186440677966101,0.5387673956262425,0.6791979949874687,False,False
0.6709999999999999,0.8401997503121099,0.7584646805246773,0.9186440677966101,0.5387673956262425,0.6791979949874687,False,False
0.6719999999999999,0.8401997503121099,0.7584646805246773,0.9186440677966101,0.5387673956262425,0.6791979949874687,False,False
0.6729999999999999,0.8408239700374532,0.7589196395783624,0.9217687074829932,0.5387673956262425,0.6800501882057717,False,False
0.6739999999999999,0.8401997503121099,0.7579256037930742,0.9215017064846417,0.536779324055666,0.678391959798995,False,False
0.6749999999999999,0.8398876404494382,0.7574285859004299,0.9213675213675213,0.5357852882703777,0.677561282212445,False,False
0.6759999999999999,0.8398876404494382,0.7574285859004299,0.9213675213675213,0.5357852882703777,0.677561282212445,False,False
0.6769999999999999,0.8401997503121099,0.7576560654272726,0.922945205479452,0.5357852882703777,0.6779874213836478,False,False
0.6779999999999999,0.8401997503121099,0.7576560654272726,0.922945205479452,0.5357852882703777,0.6779874213836478,False,False
0.6789999999999999,0.8401997503121099,0.757386527061471,0.9243986254295533,0.5347912524850894,0.6775818639798489,False,False
0.6799999999999999,0.8398876404494382,0.7568895091688269,0.9242685025817556,0.5337972166998012,0.6767485822306238,False,False
0.6809999999999999,0.8398876404494382,0.7568895091688269,0.9242685025817556,0.5337972166998012,0.6767485822306238,False,False
0.6819999999999999,0.8398876404494382,0.7568895091688269,0.9242685025817556,0.5337972166998012,0.6767485822306238,False,False
0.6829999999999999,0.8398876404494382,0.7568895091688269,0.9242685025817556,0.5337972166998012,0.6767485822306238,False,False
0.6839999999999999,0.8401997503121099,0.7571169886956695,0.9258620689655173,0.5337972166998012,0.6771752837326608,False,False
0.6849999999999999,0.8401997503121099,0.7571169886956695,0.9258620689655173,0.5337972166998012,0.6771752837326608,False,False
0.6859999999999999,0.8398876404494382,0.7563504324372238,0.9272097053726169,0.5318091451292246,0.6759317751105496,False,False
0.6869999999999999,0.8398876404494382,0.7563504324372238,0.9272097053726169,0.5318091451292246,0.6759317751105496,False,False
0.688,0.8395755305867666,0.7558534145445797,0.9270833333333334,0.5308151093439364,0.6750948166877371,False,False
0.689,0.8392634207240949,0.7553563966519355,0.9269565217391305,0.5298210735586482,0.6742567994939912,False,False
0.69,0.8392634207240949,0.7553563966519355,0.9269565217391305,0.5298210735586482,0.6742567994939912,False,False
0.691,0.8392634207240949,0.755086858286134,0.9284467713787086,0.5288270377733598,0.6738442051931602,False,False
0.692,0.8392634207240949,0.755086858286134,0.9284467713787086,0.5288270377733598,0.6738442051931602,False,False
0.693,0.8386392009987516,0.7540928225008456,0.9281961471103327,0.5268389662027833,0.6721623335447051,False,False
0.694,0.8389513108614233,0.7540507636618867,0.9313380281690141,0.525844930417495,0.6721728081321474,False,False
0.695,0.8389513108614233,0.7540507636618867,0.9313380281690141,0.525844930417495,0.6721728081321474,False,False
0.696,0.8395755305867666,0.7545057227155719,0.9346289752650176,0.525844930417495,0.6730279898218829,False,False
0.697,0.8395755305867666,0.7545057227155719,0.9346289752650176,0.525844930417495,0.6730279898218829,False,False
0.698,0.8395755305867666,0.7545057227155719,0.9346289752650176,0.525844930417495,0.6730279898218829,False,False
0.699,0.8392634207240949,0.7540087048229278,0.9345132743362832,0.5248508946322068,0.6721833227243794,False,False
0.7,0.8392634207240949,0.7540087048229278,0.9345132743362832,0.5248508946322068,0.6721833227243794,False,False
0.701,0.8392634207240949,0.7540087048229278,0.9345132743362832,0.5248508946322068,0.6721833227243794,False,False
0.702,0.8392634207240949,0.7540087048229278,0.9345132743362832,0.5248508946322068,0.6721833227243794,False,False
0.703,0.8392634207240949,0.7540087048229278,0.9345132743362832,0.5248508946322068,0.6721833227243794,False,False
0.704,0.8392634207240949,0.7540087048229278,0.9345132743362832,0.5248508946322068,0.6721833227243794,False,False
0.705,0.8392634207240949,0.7537391664571262,0.9360568383658969,0.5238568588469185,0.6717654557042703,False,False
0.706,0.8389513108614233,0.753242148564482,0.9359430604982206,0.5228628230616302,0.6709183673469388,False,False
0.707,0.8386392009987516,0.7527451306718379,0.9358288770053476,0.5218687872763419,0.6700701978302489,False,False
0.708,0.8392634207240949,0.7532000897255231,0.9391771019677997,0.5218687872763419,0.670926517571885,False,False
0.709,0.8392634207240949,0.7532000897255231,0.9391771019677997,0.5218687872763419,0.670926517571885,False,False
0.71,0.8392634207240949,0.7532000897255231,0.9391771019677997,0.5218687872763419,0.670926517571885,False,False
0.711,0.8389513108614233,0.752703071832879,0.9390681003584229,0.5208747514910537,0.670076726342711,False,False
0.712,0.8389513108614233,0.752703071832879,0.9390681003584229,0.5208747514910537,0.670076726342711,False,False
0.713,0.8386392009987516,0.7522060539402349,0.9389587073608617,0.5198807157057654,0.6692258477287268,False,False
0.714,0.8389513108614233,0.7524335334670774,0.9406474820143885,0.5198807157057654,0.6696542893725992,False,False
0.715,0.8389513108614233,0.7524335334670774,0.9406474820143885,0.5198807157057654,0.6696542893725992,False,False
0.7159999999999999,0.8386392009987516,0.7519365155744333,0.9405405405405406,0.5188866799204771,0.6688020499679692,False,False
0.7169999999999999,0.8389513108614233,0.7521639951012759,0.9422382671480144,0.5188866799204771,0.6692307692307692,False,False
0.7179999999999999,0.8386392009987516,0.7516669772086317,0.9421338155515371,0.5178926441351889,0.6683771648492624,False,False
0.7189999999999999,0.8386392009987516,0.7516669772086317,0.9421338155515371,0.5178926441351889,0.6683771648492624,False,False
0.7199999999999999,0.8389513108614233,0.7518944567354744,0.9438405797101449,0.5178926441351889,0.668806161745828,False,False
0.7209999999999999,0.8389513108614233,0.7518944567354744,0.9438405797101449,0.5178926441351889,0.668806161745828,False,False
0.7219999999999999,0.8386392009987516,0.7511279004770286,0.9453551912568307,0.5159045725646123,0.667524115755627,False,False
0.7229999999999999,0.8386392009987516,0.7511279004770286,0.9453551912568307,0.5159045725646123,0.667524115755627,False,False
0.7239999999999999,0.8386392009987516,0.7511279004770286,0.9453551912568307,0.5159045725646123,0.667524115755627,False,False
0.7249999999999999,0.83832709113608,0.7506308825843846,0.9452554744525548,0.5149105367793241,0.6666666666666666,False,False
0.7259999999999999,0.8386392009987516,0.750858362111227,0.946983546617916,0.5149105367793241,0.6670959433354797,False,False
0.7269999999999999,0.8386392009987516,0.750858362111227,0.946983546617916,0.5149105367793241,0.6670959433354797,False,False
0.7279999999999999,0.83832709113608,0.7503613442185829,0.9468864468864469,0.5139165009940357,0.6662371134020618,False,False
0.7289999999999999,0.83832709113608,0.7503613442185829,0.9468864468864469,0.5139165009940357,0.6662371134020618,False,False
0.7299999999999999,0.8377028714107366,0.7493673084332947,0.9466911764705882,0.5119284294234593,0.6645161290322581,False,False
0.7309999999999999,0.8370786516853933,0.7483732726480063,0.9464944649446494,0.5099403578528827,0.6627906976744186,False,False
0.7319999999999999,0.8370786516853933,0.7483732726480063,0.9464944649446494,0.5099403578528827,0.6627906976744186,False,False
0.7329999999999999,0.8370786516853933,0.7483732726480063,0.9464944649446494,0.5099403578528827,0.6627906976744186,False,False
0.7339999999999999,0.8367665418227216,0.7478762547553622,0.9463955637707948,0.5089463220675944,0.6619263089851325,False,False
0.7349999999999999,0.8367665418227216,0.7478762547553622,0.9463955637707948,0.5089463220675944,0.6619263089851325,False,False
0.7359999999999999,0.83645443196005,0.7473792368627181,0.9462962962962963,0.5079522862823062,0.6610608020698577,False,False
0.7369999999999999,0.83645443196005,0.7473792368627181,0.9462962962962963,0.5079522862823062,0.6610608020698577,False,False
0.7379999999999999,0.8361423220973783,0.746882218970074,0.9461966604823747,0.5069582504970179,0.6601941747572816,False,False
0.7389999999999999,0.8361423220973783,0.746882218970074,0.9461966604823747,0.5069582504970179,0.6601941747572816,False,False
0.7399999999999999,0.8358302122347067,0.7463852010774299,0.9460966542750929,0.5059642147117296,0.6593264248704663,False,False
0.7409999999999999,0.8355181023720349,0.7458881831847857,0.9459962756052142,0.5049701789264414,0.6584575502268308,False,False
0.7419999999999999,0.8352059925093633,0.7453911652921417,0.9458955223880597,0.5039761431411531,0.6575875486381323,False,False
0.7429999999999999,0.8352059925093633,0.7453911652921417,0.9458955223880597,0.5039761431411531,0.6575875486381323,False,False
0.7439999999999999,0.8348938826466916,0.7448941473994974,0.9457943925233645,0.5029821073558648,0.6567164179104478,False,False
0.7449999999999999,0.8348938826466916,0.7448941473994974,0.9457943925233645,0.5029821073558648,0.6567164179104478,False,False
0.7459999999999999,0.8348938826466916,0.7448941473994974,0.9457943925233645,0.5029821073558648,0.6567164179104478,False,False
0.7469999999999999,0.83458177278402,0.7443971295068533,0.9456928838951311,0.5019880715705766,0.6558441558441559,False,False
0.7479999999999999,0.83458177278402,0.7443971295068533,0.9456928838951311,0.5019880715705766,0.6558441558441559,False,False
0.7489999999999999,0.8342696629213483,0.7439001116142092,0.9455909943714822,0.5009940357852882,0.6549707602339181,False,False
0.7499999999999999,0.8339575530586767,0.743403093721565,0.9454887218045113,0.5,0.6540962288686606,False,False
0.7509999999999999,0.8339575530586767,0.743403093721565,0.9454887218045113,0.5,0.6540962288686606,False,False
0.7519999999999999,0.8339575530586767,0.743403093721565,0.9454887218045113,0.5,0.6540962288686606,False,False
0.7529999999999999,0.8339575530586767,0.743403093721565,0.9454887218045113,0.5,0.6540962288686606,False,False
0.7539999999999999,0.833645443196005,0.7429060758289209,0.9453860640301318,0.4990059642147117,0.653220559531555,False,False
0.7549999999999999,0.833645443196005,0.7429060758289209,0.9453860640301318,0.4990059642147117,0.653220559531555,False,False
0.7559999999999999,0.833645443196005,0.7429060758289209,0.9453860640301318,0.4990059642147117,0.653220559531555,False,False
0.7569999999999999,0.833645443196005,0.7429060758289209,0.9453860640301318,0.4990059642147117,0.653220559531555,False,False
0.7579999999999999,0.8333333333333334,0.7424090579362768,0.9452830188679245,0.49801192842942343,0.65234375,False,False
0.7589999999999999,0.83270911360799,0.7414150221509885,0.9450757575757576,0.4960238568588469,0.6505867014341591,False,False
0.7599999999999999,0.8320848938826467,0.7404209863657002,0.9448669201520913,0.49403578528827036,0.6488250652741514,False,False
0.7609999999999999,0.831772784019975,0.7399239684730561,0.9447619047619048,0.49304174950298213,0.6479425212279556,False,False
0.7619999999999999,0.8320848938826467,0.7401514479998987,0.9465648854961832,0.49304174950298213,0.6483660130718955,False,False
0.7629999999999999,0.8320848938826467,0.7401514479998987,0.9465648854961832,0.49304174950298213,0.6483660130718955,False,False
0.7639999999999999,0.8320848938826467,0.7401514479998987,0.9465648854961832,0.49304174950298213,0.6483660130718955,False,False
0.7649999999999999,0.831772784019975,0.7396544301072545,0.9464627151051626,0.49204771371769385,0.6474820143884892,False,False
0.7659999999999999,0.831772784019975,0.7396544301072545,0.9464627151051626,0.49204771371769385,0.6474820143884892,False,False
0.7669999999999999,0.831772784019975,0.7396544301072545,0.9464627151051626,0.49204771371769385,0.6474820143884892,False,False
0.7679999999999999,0.831772784019975,0.7396544301072545,0.9464627151051626,0.49204771371769385,0.6474820143884892,False,False
0.7689999999999999,0.831772784019975,0.7396544301072545,0.9464627151051626,0.49204771371769385,0.6474820143884892,False,False
0.7699999999999999,0.831772784019975,0.7396544301072545,0.9464627151051626,0.49204771371769385,0.6474820143884892,False,False
0.7709999999999999,0.831772784019975,0.7396544301072545,0.9464627151051626,0.49204771371769385,0.6474820143884892,False,False
0.7719999999999999,0.8314606741573034,0.7391574122146104,0.946360153256705,0.49105367793240556,0.6465968586387435,False,False
0.7729999999999999,0.8311485642946317,0.7386603943219663,0.946257197696737,0.4900596421471173,0.6457105435494433,False,False
0.7739999999999999,0.8308364544319601,0.7381633764293222,0.9461538461538461,0.48906560636182905,0.6448230668414154,False,False
0.7749999999999999,0.8311485642946317,0.7383908559561647,0.9479768786127167,0.48906560636182905,0.6452459016393443,False,False
0.7759999999999999,0.8308364544319601,0.7378938380635206,0.9478764478764479,0.48807157057654077,0.6443569553805775,False,False
0.7769999999999999,0.8308364544319601,0.7378938380635206,0.9478764478764479,0.48807157057654077,0.6443569553805775,False,False
0.7779999999999999,0.8305243445692884,0.7373968201708765,0.9477756286266924,0.4870775347912525,0.6434668417596848,False,False
0.7789999999999999,0.8302122347066168,0.7368998022782324,0.9476744186046512,0.4860834990059642,0.6425755584756899,False,False
0.7799999999999999,0.8302122347066168,0.7368998022782324,0.9476744186046512,0.4860834990059642,0.6425755584756899,False,False
0.7809999999999999,0.829900124843945,0.7364027843855883,0.9475728155339805,0.4850894632206759,0.6416831032215647,False,False
0.7819999999999999,0.829900124843945,0.7364027843855883,0.9475728155339805,0.4850894632206759,0.6416831032215647,False,False
0.7829999999999999,0.829900124843945,0.7364027843855883,0.9475728155339805,0.4850894632206759,0.6416831032215647,False,False
0.7839999999999999,0.829900124843945,0.7364027843855883,0.9475728155339805,0.4850894632206759,0.6416831032215647,False,False
0.7849999999999999,0.829900124843945,0.7364027843855883,0.9475728155339805,0.4850894632206759,0.6416831032215647,False,False
0.7859999999999999,0.829900124843945,0.7364027843855883,0.9475728155339805,0.4850894632206759,0.6416831032215647,False,False
0.7869999999999999,0.829900124843945,0.7361332460197867,0.949317738791423,0.4840954274353877,0.641211323238973,False,False
0.7879999999999999,0.8302122347066168,0.7363607255466292,0.951171875,0.4840954274353877,0.6416337285902504,False,False
0.7889999999999999,0.829900124843945,0.7358637076539851,0.9510763209393346,0.4831013916500994,0.6407382992748847,False,False
0.7899999999999999,0.829900124843945,0.7358637076539851,0.9510763209393346,0.4831013916500994,0.6407382992748847,False,False
0.7909999999999999,0.829900124843945,0.7358637076539851,0.9510763209393346,0.4831013916500994,0.6407382992748847,False,False
0.7919999999999999,0.829900124843945,0.7358637076539851,0.9510763209393346,0.4831013916500994,0.6407382992748847,False,False
0.7929999999999999,0.829900124843945,0.7358637076539851,0.9510763209393346,0.4831013916500994,0.6407382992748847,False,False
0.7939999999999999,0.829900124843945,0.7358637076539851,0.9510763209393346,0.4831013916500994,0.6407382992748847,False,False
0.7949999999999999,0.8295880149812734,0.7353666897613409,0.9509803921568627,0.4821073558648111,0.6398416886543535,False,False
0.7959999999999999,0.8292759051186017,0.7348696718686968,0.9508840864440079,0.48111332007952284,0.638943894389439,False,False
0.7969999999999999,0.8292759051186017,0.7348696718686968,0.9508840864440079,0.48111332007952284,0.638943894389439,False,False
0.7979999999999999,0.8286516853932584,0.7338756360834086,0.9506903353057199,0.47912524850894633,0.637144745538665,False,False
0.7989999999999999,0.8286516853932584,0.7338756360834086,0.9506903353057199,0.47912524850894633,0.637144745538665,False,False
0.7999999999999999,0.8286516853932584,0.7338756360834086,0.9506903353057199,0.47912524850894633,0.637144745538665,False,False
0.8009999999999999,0.8280274656679151,0.7328816002981202,0.9504950495049505,0.47713717693836977,0.6353408338848445,False,False
0.8019999999999999,0.8274032459425718,0.7316180261470304,0.9520958083832335,0.474155069582505,0.6330457863304578,False,False
0.8029999999999999,0.8270911360799001,0.7311210082543863,0.952,0.4731610337972167,0.6321381142098274,False,False
0.8039999999999999,0.8267790262172284,0.7303544519959406,0.9537223340040242,0.4711729622266402,0.6307385229540918,False,False
0.8049999999999999,0.8267790262172284,0.7303544519959406,0.9537223340040242,0.4711729622266402,0.6307385229540918,False,False
0.8059999999999999,0.8267790262172284,0.7303544519959406,0.9537223340040242,0.4711729622266402,0.6307385229540918,False,False
0.8069999999999999,0.8267790262172284,0.7303544519959406,0.9537223340040242,0.4711729622266402,0.6307385229540918,False,False
0.8079999999999999,0.8261548064918851,0.7290908778448508,0.9553752535496958,0.46819085487077533,0.628418945963976,False,False
0.8089999999999999,0.8261548064918851,0.7290908778448508,0.9553752535496958,0.46819085487077533,0.628418945963976,False,False
0.8099999999999999,0.8258426966292135,0.7285938599522067,0.9552845528455285,0.4671968190854871,0.6275033377837116,False,False
0.8109999999999999,0.8252184769038702,0.7275998241669184,0.9551020408163265,0.46520874751491054,0.6256684491978609,False,False
0.8119999999999999,0.8249063670411985,0.7271028062742743,0.9550102249488752,0.46421471172962225,0.6247491638795987,False,False
0.813,0.8245942571785269,0.7266057883816301,0.9549180327868853,0.46322067594433397,0.6238286479250335,False,False
0.814,0.8249063670411985,0.7268332679084727,0.9568788501026694,0.46322067594433397,0.624246483590087,False,False
0.815,0.8249063670411985,0.7268332679084727,0.9568788501026694,0.46322067594433397,0.624246483590087,False,False
0.816,0.8249063670411985,0.7265637295426712,0.9587628865979382,0.46222664015904574,0.6237424547283702,False,False
0.817,0.8242821473158551,0.7255696937573829,0.9585921325051759,0.4602385685884692,0.6218938885157824,False,False
0.8179999999999998,0.8242821473158551,0.7255696937573829,0.9585921325051759,0.4602385685884692,0.6218938885157824,False,False
0.8189999999999998,0.8242821473158551,0.7255696937573829,0.9585921325051759,0.4602385685884692,0.6218938885157824,False,False
0.8199999999999998,0.8245942571785269,0.7257971732842254,0.9605809128630706,0.4602385685884692,0.6223118279569892,False,False
0.8209999999999998,0.8245942571785269,0.7257971732842254,0.9605809128630706,0.4602385685884692,0.6223118279569892,False,False
0.8219999999999998,0.8245942571785269,0.7257971732842254,0.9605809128630706,0.4602385685884692,0.6223118279569892,False,False
0.8229999999999998,0.8245942571785269,0.7257971732842254,0.9605809128630706,0.4602385685884692,0.6223118279569892,False,False
0.8239999999999998,0.8245942571785269,0.7257971732842254,0.9605809128630706,0.4602385685884692,0.6223118279569892,False,False
0.8249999999999998,0.8245942571785269,0.7257971732842254,0.9605809128630706,0.4602385685884692,0.6223118279569892,False,False
0.8259999999999998,0.8242821473158551,0.7253001553915813,0.9604989604989606,0.4592445328031809,0.6213853396099529,False,False
0.8269999999999998,0.8242821473158551,0.7253001553915813,0.9604989604989606,0.4592445328031809,0.6213853396099529,False,False
0.8279999999999998,0.8239700374531835,0.7248031374989372,0.9604166666666667,0.45825049701789267,0.620457604306864,False,False
0.8289999999999998,0.8239700374531835,0.7248031374989372,0.9604166666666667,0.45825049701789267,0.620457604306864,False,False
0.8299999999999998,0.8239700374531835,0.7248031374989372,0.9604166666666667,0.45825049701789267,0.620457604306864,False,False
0.8309999999999998,0.8236579275905118,0.7243061196062931,0.9603340292275574,0.4572564612326044,0.6195286195286195,False,False
0.8319999999999999,0.8236579275905118,0.7243061196062931,0.9603340292275574,0.4572564612326044,0.6195286195286195,False,False
0.8329999999999999,0.8236579275905118,0.7243061196062931,0.9603340292275574,0.4572564612326044,0.6195286195286195,False,False
0.8339999999999999,0.8239700374531835,0.7245335991331356,0.9623430962343096,0.4572564612326044,0.6199460916442049,False,False
0.8349999999999999,0.8239700374531835,0.7245335991331356,0.9623430962343096,0.4572564612326044,0.6199460916442049,False,False
0.8359999999999999,0.8242821473158551,0.7247610786599783,0.9643605870020965,0.4572564612326044,0.6203641267700607,False,False
0.8369999999999999,0.8236579275905118,0.7234975045088885,0.9661733615221987,0.4542743538767396,0.6179851250845165,False,False
0.8379999999999999,0.8239700374531835,0.723724984035731,0.9682203389830508,0.4542743538767396,0.618403247631935,False,False
0.8389999999999999,0.8236579275905118,0.7232279661430869,0.9681528662420382,0.4532803180914513,0.6174678402166554,False,False
0.8399999999999999,0.8233458177278402,0.7227309482504427,0.9680851063829787,0.452286282306163,0.6165311653116531,False,False
0.8409999999999999,0.8230337078651685,0.7222339303577986,0.9680170575692963,0.45129224652087474,0.615593220338983,False,False
0.8419999999999999,0.8230337078651685,0.7222339303577986,0.9680170575692963,0.45129224652087474,0.615593220338983,False,False
0.8429999999999999,0.8224094881398252,0.7212398945725104,0.9678800856531049,0.44930417495029823,0.6137135098438561,False,False
0.8439999999999999,0.8220973782771536,0.7207428766798663,0.9678111587982833,0.44831013916500995,0.6127717391304348,False,False
0.8449999999999999,0.8220973782771536,0.7207428766798663,0.9678111587982833,0.44831013916500995,0.6127717391304348,False,False
0.8459999999999999,0.8217852684144819,0.720245858787222,0.967741935483871,0.44731610337972166,0.6118286879673691,False,False
0.8469999999999999,0.8217852684144819,0.720245858787222,0.967741935483871,0.44731610337972166,0.6118286879673691,False,False
0.8479999999999999,0.8211610486891385,0.7192518230019338,0.9676025917926566,0.44532803180914515,0.6099387338325392,False,False
0.8489999999999999,0.8205368289637952,0.7182577872166456,0.9674620390455532,0.4433399602385686,0.6080436264485344,False,False
0.8499999999999999,0.8205368289637952,0.7182577872166456,0.9674620390455532,0.4433399602385686,0.6080436264485344,False,False
0.8509999999999999,0.8205368289637952,0.7182577872166456,0.9674620390455532,0.4433399602385686,0.6080436264485344,False,False
0.8519999999999999,0.8202247191011236,0.7177607693240013,0.967391304347826,0.4423459244532803,0.607094133697135,False,False
0.8529999999999999,0.8202247191011236,0.7177607693240013,0.967391304347826,0.4423459244532803,0.607094133697135,False,False
0.8539999999999999,0.8202247191011236,0.7177607693240013,0.967391304347826,0.4423459244532803,0.607094133697135,False,False
0.8549999999999999,0.8202247191011236,0.7177607693240013,0.967391304347826,0.4423459244532803,0.607094133697135,False,False
0.8559999999999999,0.8199126092384519,0.7172637514313572,0.9673202614379085,0.441351888667992,0.6061433447098976,False,False
0.8569999999999999,0.8199126092384519,0.7172637514313572,0.9673202614379085,0.441351888667992,0.6061433447098976,False,False
0.8579999999999999,0.8196004993757803,0.7167667335387131,0.9672489082969432,0.4403578528827038,0.605191256830601,False,False
0.8589999999999999,0.8199126092384519,0.7169942130655558,0.9693654266958425,0.4403578528827038,0.605604921394395,False,False
0.8599999999999999,0.8192883895131086,0.7160001772802674,0.9692307692307692,0.4383697813121272,0.6036960985626283,False,False
0.8609999999999999,0.8192883895131086,0.7160001772802674,0.9692307692307692,0.4383697813121272,0.6036960985626283,False,False
0.8619999999999999,0.818976279650437,0.7155031593876233,0.9691629955947136,0.43737574552683894,0.6027397260273972,False,False
0.8629999999999999,0.8186641697877652,0.7150061414949792,0.9690949227373068,0.4363817097415507,0.6017820424948594,False,False
0.8639999999999999,0.8186641697877652,0.7150061414949792,0.9690949227373068,0.4363817097415507,0.6017820424948594,False,False
0.8649999999999999,0.8186641697877652,0.7150061414949792,0.9690949227373068,0.4363817097415507,0.6017820424948594,False,False
0.8659999999999999,0.8186641697877652,0.7150061414949792,0.9690949227373068,0.4363817097415507,0.6017820424948594,False,False
0.8669999999999999,0.818976279650437,0.7152336210218218,0.9712389380530974,0.4363817097415507,0.6021947873799726,False,False
0.8679999999999999,0.8186641697877652,0.7147366031291776,0.9711751662971175,0.43538767395626243,0.6012354152367879,False,False
0.8689999999999999,0.8183520599250936,0.7142395852365335,0.9711111111111111,0.43439363817097415,0.6002747252747253,False,False
0.8699999999999999,0.8177278401997503,0.7132455494512453,0.9709821428571429,0.43240556660039764,0.5983493810178817,False,False
0.8709999999999999,0.8174157303370787,0.7127485315586011,0.970917225950783,0.43141153081510936,0.5973847212663455,False,False
0.8719999999999999,0.8167915106117354,0.7117544957733128,0.9707865168539326,0.4294234592445328,0.5954514128187457,False,False
0.8729999999999999,0.8164794007490637,0.7112574778806686,0.9707207207207207,0.4284294234592445,0.5944827586206897,False,False
0.8739999999999999,0.8161672908863921,0.7107604599880246,0.9706546275395034,0.4274353876739563,0.5935127674258109,False,False
0.8749999999999999,0.8161672908863921,0.7107604599880246,0.9706546275395034,0.4274353876739563,0.5935127674258109,False,False
0.8759999999999999,0.8158551810237203,0.7102634420953804,0.9705882352941176,0.426441351888668,0.5925414364640884,False,False
0.8769999999999999,0.8158551810237203,0.7102634420953804,0.9705882352941176,0.426441351888668,0.5925414364640884,False,False
0.8779999999999999,0.8158551810237203,0.7102634420953804,0.9705882352941176,0.426441351888668,0.5925414364640884,False,False
0.8789999999999999,0.8158551810237203,0.7102634420953804,0.9705882352941176,0.426441351888668,0.5925414364640884,False,False
0.8799999999999999,0.8158551810237203,0.7102634420953804,0.9705882352941176,0.426441351888668,0.5925414364640884,False,False
0.8809999999999999,0.8155430711610487,0.7094968858369347,0.9726651480637813,0.42445328031809143,0.5910034602076124,False,False
0.8819999999999999,0.8155430711610487,0.7094968858369347,0.9726651480637813,0.42445328031809143,0.5910034602076124,False,False
0.8829999999999999,0.815230961298377,0.7089998679442906,0.9726027397260274,0.4234592445328032,0.590027700831025,False,False
0.8839999999999999,0.8146067415730337,0.7080058321590023,0.9724770642201835,0.42147117296222664,0.5880721220527045,False,False
0.8849999999999999,0.8146067415730337,0.7080058321590023,0.9724770642201835,0.42147117296222664,0.5880721220527045,False,False
0.8859999999999999,0.8146067415730337,0.7080058321590023,0.9724770642201835,0.42147117296222664,0.5880721220527045,False,False
0.8869999999999999,0.8146067415730337,0.7080058321590023,0.9724770642201835,0.42147117296222664,0.5880721220527045,False,False
0.8879999999999999,0.8139825218476904,0.707011796373714,0.9723502304147466,0.4194831013916501,0.5861111111111111,False,False
0.8889999999999999,0.8142946317103621,0.7072392759005566,0.9745958429561201,0.4194831013916501,0.5865184155663655,False,False
0.8899999999999999,0.8139825218476904,0.7067422580079125,0.9745370370370371,0.41848906560636184,0.5855354659248957,False,False
0.8909999999999999,0.8139825218476904,0.7067422580079125,0.9745370370370371,0.41848906560636184,0.5855354659248957,False,False
0.8919999999999999,0.8139825218476904,0.7067422580079125,0.9745370370370371,0.41848906560636184,0.5855354659248957,False,False
0.8929999999999999,0.8139825218476904,0.7067422580079125,0.9745370370370371,0.41848906560636184,0.5855354659248957,False,False
0.8939999999999999,0.813358302122347,0.7057482222226242,0.9744186046511628,0.4165009940357853,0.5835654596100278,False,False
0.8949999999999999,0.813358302122347,0.7057482222226242,0.9744186046511628,0.4165009940357853,0.5835654596100278,False,False
0.8959999999999999,0.8130461922596754,0.7052512043299801,0.9743589743589743,0.415506958250497,0.5825783972125436,False,False
0.8969999999999999,0.8124219725343321,0.7042571685446918,0.9742388758782201,0.4135188866799205,0.5806001395673412,False,False
0.8979999999999999,0.8124219725343321,0.7042571685446918,0.9742388758782201,0.4135188866799205,0.5806001395673412,False,False
0.8989999999999999,0.8127340823970037,0.7044846480715344,0.9765258215962441,0.4135188866799205,0.5810055865921788,False,False
0.8999999999999999,0.8127340823970037,0.7044846480715344,0.9765258215962441,0.4135188866799205,0.5810055865921788,False,False
0.9009999999999999,0.8124219725343321,0.7039876301788903,0.9764705882352941,0.4125248508946322,0.5800139762403913,False,False
0.9019999999999999,0.8121098626716604,0.7034906122862461,0.9764150943396226,0.4115308151093439,0.579020979020979,False,False
0.9029999999999999,0.8117977528089888,0.702993594393602,0.9763593380614657,0.4105367793240557,0.5780265920223933,False,False
0.9039999999999999,0.8114856429463171,0.7022270381351563,0.9785714285714285,0.4085487077534791,0.576437587657784,False,False
0.9049999999999999,0.8105493133583022,0.700735984457224,0.9784172661870504,0.40556660039761433,0.573436401967674,False,False
0.9059999999999999,0.8102372034956304,0.7002389665645798,0.9783653846153846,0.40457256461232605,0.5724331926863573,False,False
0.9069999999999999,0.8102372034956304,0.7002389665645798,0.9783653846153846,0.40457256461232605,0.5724331926863573,False,False
0.9079999999999999,0.8099250936329588,0.6997419486719356,0.9783132530120482,0.40357852882703776,0.5714285714285714,False,False
0.9089999999999999,0.8096129837702871,0.6992449307792915,0.9782608695652174,0.4025844930417495,0.5704225352112676,False,False
0.9099999999999999,0.8096129837702871,0.6992449307792915,0.9782608695652174,0.4025844930417495,0.5704225352112676,False,False
0.9109999999999999,0.8083645443196005,0.6972568592087149,0.9780487804878049,0.3986083499005964,0.5663841807909604,False,False
0.9119999999999999,0.8074282147315855,0.6957658055307826,0.9778869778869779,0.3956262425447316,0.5633404104741684,False,False
0.9129999999999999,0.8071161048689138,0.6952687876381385,0.9778325123152709,0.3946322067594433,0.5623229461756374,False,False
0.9139999999999999,0.8064918851435705,0.6942747518528501,0.9777227722772277,0.3926441351888668,0.5602836879432624,False,False
0.9149999999999999,0.8064918851435705,0.6942747518528501,0.9777227722772277,0.3926441351888668,0.5602836879432624,False,False
0.9159999999999999,0.8055555555555556,0.6927836981749178,0.9775561097256857,0.38966202783300197,0.5572139303482587,False,False
0.9169999999999999,0.8055555555555556,0.6927836981749178,0.9775561097256857,0.38966202783300197,0.5572139303482587,False,False
0.9179999999999999,0.8058676654182272,0.6930111777017602,0.98,0.38966202783300197,0.5576102418207681,False,False
0.9189999999999999,0.8055555555555556,0.6925141598091162,0.9799498746867168,0.38866799204771374,0.5565836298932384,False,False
0.9199999999999999,0.8052434456928839,0.692017141916472,0.9798994974874372,0.38767395626242546,0.5555555555555556,False,False
0.9209999999999998,0.8049313358302123,0.6915201240238279,0.9798488664987406,0.3866799204771372,0.5545260156806843,False,False
0.9219999999999998,0.8046192259675405,0.6910231061311838,0.9797979797979798,0.3856858846918489,0.5534950071326676,False,False
0.9229999999999998,0.8046192259675405,0.6910231061311838,0.9797979797979798,0.3856858846918489,0.5534950071326676,False,False
0.9239999999999998,0.8043071161048689,0.6905260882385397,0.979746835443038,0.38469184890656066,0.5524625267665952,False,False
0.9249999999999998,0.8043071161048689,0.6905260882385397,0.979746835443038,0.38469184890656066,0.5524625267665952,False,False
0.9259999999999998,0.8043071161048689,0.6905260882385397,0.979746835443038,0.38469184890656066,0.5524625267665952,False,False
0.9269999999999998,0.8033707865168539,0.6890350345606072,0.9795918367346939,0.3817097415506958,0.5493562231759657,False,False
0.9279999999999998,0.8030586766541823,0.6885380166679631,0.979539641943734,0.38071570576540753,0.5483178239083751,False,False
0.9289999999999998,0.8027465667915106,0.688040998775319,0.9794871794871794,0.3797216699801193,0.5472779369627507,False,False
0.9299999999999998,0.8014981273408239,0.6860529272047424,0.9792746113989638,0.3757455268389662,0.5431034482758621,False,False
0.9309999999999998,0.7993133583021224,0.6825738019562335,0.978891820580475,0.3687872763419483,0.535740072202166,False,False
0.9319999999999998,0.7990012484394506,0.6820767840635893,0.9788359788359788,0.36779324055666,0.5346820809248555,False,False
0.9329999999999998,0.7990012484394506,0.6820767840635893,0.9788359788359788,0.36779324055666,0.5346820809248555,False,False
0.9339999999999998,0.7990012484394506,0.6820767840635893,0.9788359788359788,0.36779324055666,0.5346820809248555,False,False
0.9349999999999998,0.7990012484394506,0.6820767840635893,0.9788359788359788,0.36779324055666,0.5346820809248555,False,False
0.9359999999999998,0.7983770287141073,0.6810827482783011,0.9787234042553191,0.3658051689860835,0.532561505065123,False,False
0.9369999999999998,0.7983770287141073,0.6810827482783011,0.9787234042553191,0.3658051689860835,0.532561505065123,False,False
0.9379999999999998,0.7974406991260924,0.6795916946003686,0.9785522788203753,0.3628230616302187,0.5293691080493111,False,False
0.9389999999999998,0.7971285892634207,0.6790946767077245,0.978494623655914,0.36182902584493043,0.5283018867924528,False,False
0.9399999999999998,0.7971285892634207,0.6790946767077245,0.978494623655914,0.36182902584493043,0.5283018867924528,False,False
0.9409999999999998,0.7955680399500624,0.6766095872445038,0.9782016348773842,0.35685884691848907,0.5229424617625638,False,False
0.9419999999999998,0.7952559300873908,0.6761125693518597,0.9781420765027322,0.3558648111332008,0.521865889212828,False,False
0.9429999999999998,0.7946317103620475,0.6751185335665715,0.978021978021978,0.3538767395626243,0.5197080291970803,False,False
0.9439999999999998,0.7936953807740325,0.673627479888639,0.9778393351800554,0.3508946322067594,0.5164594001463058,False,False
0.9449999999999998,0.7936953807740325,0.673627479888639,0.9778393351800554,0.3508946322067594,0.5164594001463058,False,False
0.9459999999999998,0.7927590511860175,0.6721364262107066,0.9776536312849162,0.34791252485089463,0.5131964809384164,False,False
0.9469999999999998,0.7921348314606742,0.6711423904254183,0.9775280898876404,0.34592445328031807,0.5110132158590308,False,False
0.9479999999999998,0.7921348314606742,0.6711423904254183,0.9775280898876404,0.34592445328031807,0.5110132158590308,False,False
0.9489999999999998,0.7911985018726592,0.6696513367474859,0.9773371104815864,0.3429423459244533,0.5077262693156733,False,False
0.95,0.7915106117353309,0.6698788162743285,0.9801136363636364,0.3429423459244533,0.508100147275405,False,False
